score,business,category,area,defect_bucket,evidence,website,phone,maps_url,verified_date
Hot,(Law firm) مكتب محاماة علي الشيدي والاستشارات القانونية,Law firm,Sohar,NO_WEBSITE,no website on the Google listing,,9901 3646,https://maps.google.com/?cid=6274253380597435841&g_mp=Cidnb29nbGUubWFwcy5wbGFjZXMudjEuUGxhY2VzLlNlYXJjaFRleHQQAhgEIAA,2026-08-20
Hot,..,Law firm,Seeb,NO_WEBSITE,no website on the Google listing,,9564 9498,https://maps.google.com/?cid=7848283120299640368&g_mp=Cidnb29nbGUubWFwcy5wbGFjZXMudjEuUGxhY2VzLlNlYXJjaFRleHQQAhgEIAA,2026-08-20
Hot,1000 Hala,Restaurant,Barka,NO_WEBSITE,no website on the Google listing,,9569 1000,https://maps.google.com/?cid=1142520915203535413&g_mp=Cidnb29nbGUubWFwcy5wbGFjZXMudjEuUGxhY2VzLlNlYXJjaFRleHQQAhgEIAA,2026-08-20
Hot,3G UNITED TRADING CO LLC,Trading company,Salalah,NO_WEBSITE,no website on the Google listing,,9465 7003,https://maps.google.com/?cid=9607853815868302741&g_mp=Cidnb29nbGUubWFwcy5wbGFjZXMudjEuUGxhY2VzLlNlYXJjaFRleHQQAhgEIAA,2026-08-20
Hot,4u Gym Al Hail North,Gym,Seeb,NO_WEBSITE,no website on the Google listing,,7876 6220,https://maps.google.com/?cid=7273559456135338393&g_mp=Cidnb29nbGUubWFwcy5wbGFjZXMudjEuUGxhY2VzLlNlYXJjaFRleHQQAhgEIAA,2026-08-20
Hot,4U GYM AL MAWALEH,Gym,Seeb,NO_WEBSITE,no website on the Google listing,,7831 7037,https://maps.google.com/?cid=2476063019725214794&g_mp=Cidnb29nbGUubWFwcy5wbGFjZXMudjEuUGxhY2VzLlNlYXJjaFRleHQQAhgEIAA,2026-08-20
Hot,4U Gym Al Seeb Al Mabaila,Gym,Seeb,NO_WEBSITE,no website on the Google listing,,7888 0051,https://maps.google.com/?cid=2753481370641940350&g_mp=Cidnb29nbGUubWFwcy5wbGFjZXMudjEuUGxhY2VzLlNlYXJjaFRleHQQAhgEIAA,2026-08-20
Hot,4U GYM Mabela South Branch,Gym,Seeb,NO_WEBSITE,no website on the Google listing,,7903 9174,https://maps.google.com/?cid=8595169098227614213&g_mp=Cidnb29nbGUubWFwcy5wbGFjZXMudjEuUGxhY2VzLlNlYXJjaFRleHQQAhgEIAA,2026-08-20
Hot,4U Gym Wadi Kabir,Gym,Ruwi,NO_WEBSITE,no website on the Google listing,,7985 0545,https://maps.google.com/?cid=13112013326059002257&g_mp=Cidnb29nbGUubWFwcy5wbGFjZXMudjEuUGxhY2VzLlNlYXJjaFRleHQQAhgEIAA,2026-08-20
Hot,4Ugym alkhodh6,Gym,Seeb,NO_WEBSITE,no website on the Google listing,,7885 1320,https://maps.google.com/?cid=16401047856894872987&g_mp=Cidnb29nbGUubWFwcy5wbGFjZXMudjEuUGxhY2VzLlNlYXJjaFRleHQQAhgEIAA,2026-08-20
Hot,5D Fitness club -Al Hail,Gym,Seeb,NO_WEBSITE,no website on the Google listing,,9188 8886,https://maps.google.com/?cid=6812628265137087182&g_mp=Cidnb29nbGUubWFwcy5wbGFjZXMudjEuUGxhY2VzLlNlYXJjaFRleHQQAhgEIAA,2026-08-20
Hot,7 STAR MEDICAL,Medical clinic,Salalah,NO_WEBSITE,no website on the Google listing,,9388 0101,https://maps.google.com/?cid=17375662697955223611&g_mp=Cidnb29nbGUubWFwcy5wbGFjZXMudjEuUGxhY2VzLlNlYXJjaFRleHQQAhgEIAA,2026-08-20
Hot,A.K Luxury Farm House مزرعة الرفاهية,Car rental,Barka,NO_WEBSITE,no website on the Google listing,,9475 2211,https://maps.google.com/?cid=7684634333219767382&g_mp=Cidnb29nbGUubWFwcy5wbGFjZXMudjEuUGxhY2VzLlNlYXJjaFRleHQQAhgEIAA,2026-08-20
Hot,A1GYM,Gym,Salalah,NO_WEBSITE,no website on the Google listing,,9828 2134,https://maps.google.com/?cid=15278652415968377051&g_mp=Cidnb29nbGUubWFwcy5wbGFjZXMudjEuUGxhY2VzLlNlYXJjaFRleHQQAhgEIAA,2026-08-20
Hot,Aagraham Restaurant - Al Khuwair,Restaurant,Al Khuwair,NO_WEBSITE,no website on the Google listing,,7415 7900,https://maps.google.com/?cid=14536941211883985711&g_mp=Cidnb29nbGUubWFwcy5wbGFjZXMudjEuUGxhY2VzLlNlYXJjaFRleHQQAhgEIAA,2026-08-20
Hot,Abbas Hardware & Trading Store,Trading company,Ruwi,NO_WEBSITE,no website on the Google listing,,24 832761,https://maps.google.com/?cid=15095162150888278899&g_mp=Cidnb29nbGUubWFwcy5wbGFjZXMudjEuUGxhY2VzLlNlYXJjaFRleHQQAhgEIAA,2026-08-20
Hot,Abdulla Alhammadi Law Firm,Law firm,Muscat,NO_WEBSITE,no website on the Google listing,,9910 0161,https://maps.google.com/?cid=8800989839906876677&g_mp=Cidnb29nbGUubWFwcy5wbGFjZXMudjEuUGxhY2VzLlNlYXJjaFRleHQQAhgEIAA,2026-08-20
Hot,Abdulla General Trading & Contracting Est.,Trading company,Sur,NO_WEBSITE,no website on the Google listing,,9785 2288,https://maps.google.com/?cid=6422831712839352783&g_mp=Cidnb29nbGUubWFwcy5wbGFjZXMudjEuUGxhY2VzLlNlYXJjaFRleHQQAhgEIAA,2026-08-20
Hot,Abdullah Fadel Legal Consultancy Office,Law firm,Salalah,NO_WEBSITE,no website on the Google listing,,23 382326,https://maps.google.com/?cid=6655358681601209040&g_mp=Cidnb29nbGUubWFwcy5wbGFjZXMudjEuUGxhY2VzLlNlYXJjaFRleHQQAhgEIAA,2026-08-20
Hot,Abdullah Shariqi Office for Law Firm,Law firm,Nizwa,NO_WEBSITE,no website on the Google listing,,9512 6267,https://maps.google.com/?cid=6991861813849441564&g_mp=Cidnb29nbGUubWFwcy5wbGFjZXMudjEuUGxhY2VzLlNlYXJjaFRleHQQAhgEIAA,2026-08-20
Hot,Abha Dhofar Trading,Trading company,Salalah,NO_WEBSITE,no website on the Google listing,,7919 5942,https://maps.google.com/?cid=2298677532509746995&g_mp=Cidnb29nbGUubWFwcy5wbGFjZXMudjEuUGxhY2VzLlNlYXJjaFRleHQQAhgEIAA,2026-08-20
Hot,Abid hair dressing Shop,Salon,Sohar,NO_WEBSITE,no website on the Google listing,,9219 9371,https://maps.google.com/?cid=15442596583248667942&g_mp=Cidnb29nbGUubWFwcy5wbGFjZXMudjEuUGxhY2VzLlNlYXJjaFRleHQQAhgEIAA,2026-08-20
Hot,Abjad Private School مدرسة أبجد الخاصة,Private school,Muscat,NO_WEBSITE,no website on the Google listing,,24 496909,https://maps.google.com/?cid=16512373299550022864&g_mp=Cidnb29nbGUubWFwcy5wbGFjZXMudjEuUGxhY2VzLlNlYXJjaFRleHQQAhgEIAA,2026-08-20
Hot,Abu Maather Al-Malki Trading & Contracting LLC,Contractor,Al Khuwair,NO_WEBSITE,no website on the Google listing,,24 792255,https://maps.google.com/?cid=8139302844279252964&g_mp=Cidnb29nbGUubWFwcy5wbGFjZXMudjEuUGxhY2VzLlNlYXJjaFRleHQQAhgEIAA,2026-08-20
Hot,Abu meera rent a car sohar,Car rental,Sohar,NO_WEBSITE,no website on the Google listing,,7178 8001,https://maps.google.com/?cid=15939305611743813473&g_mp=Cidnb29nbGUubWFwcy5wbGFjZXMudjEuUGxhY2VzLlNlYXJjaFRleHQQAhgEIAA,2026-08-20
Hot,Abu Zohan Trading & Contracting Company,Contractor,Al Khuwair,NO_WEBSITE,no website on the Google listing,,7600 5786,https://maps.google.com/?cid=12020623088254095241&g_mp=Cidnb29nbGUubWFwcy5wbGFjZXMudjEuUGxhY2VzLlNlYXJjaFRleHQQAhgEIAA,2026-08-20
Hot,Ace Fitness Center,Gym,Ruwi,NO_WEBSITE,no website on the Google listing,,9050 2609,https://maps.google.com/?cid=17598108871629779439&g_mp=Cidnb29nbGUubWFwcy5wbGFjZXMudjEuUGxhY2VzLlNlYXJjaFRleHQQAhgEIAA,2026-08-20
Hot,Addleshaw Goddard (Oman) LLP,Law firm,Ruwi,NO_WEBSITE,no website on the Google listing,,24 950700,https://maps.google.com/?cid=7127168549053442776&g_mp=Cidnb29nbGUubWFwcy5wbGFjZXMudjEuUGxhY2VzLlNlYXJjaFRleHQQAhgEIAA,2026-08-20
Hot,Adel specialized dental center,Dental clinic,Sohar,NO_WEBSITE,no website on the Google listing,,7758 8772,https://maps.google.com/?cid=11935741307051326196&g_mp=Cidnb29nbGUubWFwcy5wbGFjZXMudjEuUGxhY2VzLlNlYXJjaFRleHQQAhgEIAA,2026-08-20
Hot,Adventure Rent Car Salalah,Car rental,Salalah,NO_WEBSITE,no website on the Google listing,,9855 3857,https://maps.google.com/?cid=5058269264534379541&g_mp=Cidnb29nbGUubWFwcy5wbGFjZXMudjEuUGxhY2VzLlNlYXJjaFRleHQQAhgEIAA,2026-08-20
Hot,Afaq Al Musana Trading LLC آفاق المصنعة للتجارة,Trading company,Al Khuwair,NO_WEBSITE,no website on the Google listing,,24 235406,https://maps.google.com/?cid=3792937012029294121&g_mp=Cidnb29nbGUubWFwcy5wbGFjZXMudjEuUGxhY2VzLlNlYXJjaFRleHQQAhgEIAA,2026-08-20
Hot,Afaq Al riyadha restuarant and café,Restaurant,Sur,NO_WEBSITE,no website on the Google listing,,7811 3935,https://maps.google.com/?cid=15106076302702685918&g_mp=Cidnb29nbGUubWFwcy5wbGFjZXMudjEuUGxhY2VzLlNlYXJjaFRleHQQAhgEIAA,2026-08-20
Hot,Afnan Dental Clinic,Dental clinic,Ruwi,NO_WEBSITE,no website on the Google listing,,24 797303,https://maps.google.com/?cid=10715458478879156473&g_mp=Cidnb29nbGUubWFwcy5wbGFjZXMudjEuUGxhY2VzLlNlYXJjaFRleHQQAhgEIAA,2026-08-20
Hot,Afnan Dental Clinic,Dental clinic,Sur,NO_WEBSITE,no website on the Google listing,,9595 1199,https://maps.google.com/?cid=16755555594164237123&g_mp=Cidnb29nbGUubWFwcy5wbGFjZXMudjEuUGxhY2VzLlNlYXJjaFRleHQQAhgEIAA,2026-08-20
Hot,Ahd Al Khair Private School,Private school,Salalah,NO_WEBSITE,no website on the Google listing,,9319 5757,https://maps.google.com/?cid=15732773644975248863&g_mp=Cidnb29nbGUubWFwcy5wbGFjZXMudjEuUGxhY2VzLlNlYXJjaFRleHQQAhgEIAA,2026-08-20
Hot,AHLAM MUSCAT TRADING LLC,Trading company,Muscat,NO_WEBSITE,no website on the Google listing,,9892 9891,https://maps.google.com/?cid=14687883689070457335&g_mp=Cidnb29nbGUubWFwcy5wbGFjZXMudjEuUGxhY2VzLlNlYXJjaFRleHQQAhgEIAA,2026-08-20
Hot,Ahmed alkathiri law office,Law firm,Salalah,NO_WEBSITE,no website on the Google listing,,23 293775,https://maps.google.com/?cid=11582210905278684313&g_mp=Cidnb29nbGUubWFwcy5wbGFjZXMudjEuUGxhY2VzLlNlYXJjaFRleHQQAhgEIAA,2026-08-20
Hot,Ahmed Clinic now General Clinic,Medical clinic,Seeb,NO_WEBSITE,no website on the Google listing,,24 544594,https://maps.google.com/?cid=9078671083198470578&g_mp=Cidnb29nbGUubWFwcy5wbGFjZXMudjEuUGxhY2VzLlNlYXJjaFRleHQQAhgEIAA,2026-08-20
Hot,Aira beauty saloon,Salon,Barka,NO_WEBSITE,no website on the Google listing,,7974 0131,https://maps.google.com/?cid=102060820622818710&g_mp=Cidnb29nbGUubWFwcy5wbGFjZXMudjEuUGxhY2VzLlNlYXJjaFRleHQQAhgEIAA,2026-08-20
Hot,Aisha Beauty Parlour,Salon,Ruwi,NO_WEBSITE,no website on the Google listing,,7875 7851,https://maps.google.com/?cid=11653481058085031000&g_mp=Cidnb29nbGUubWFwcy5wbGFjZXMudjEuUGxhY2VzLlNlYXJjaFRleHQQAhgEIAA,2026-08-20
Hot,Ajeeb Trading,Trading company,Ruwi,NO_WEBSITE,no website on the Google listing,,24 708825,https://maps.google.com/?cid=14448230977713911437&g_mp=Cidnb29nbGUubWFwcy5wbGFjZXMudjEuUGxhY2VzLlNlYXJjaFRleHQQAhgEIAA,2026-08-20
Hot,Ajmal lamsat Araqiya beauty center,Salon,Sohar,NO_WEBSITE,no website on the Google listing,,9826 4626,https://maps.google.com/?cid=14282800841229306421&g_mp=Cidnb29nbGUubWFwcy5wbGFjZXMudjEuUGxhY2VzLlNlYXJjaFRleHQQAhgEIAA,2026-08-20
Hot,Ajmal restaurant,Restaurant,Nizwa,NO_WEBSITE,no website on the Google listing,,7267 7759,https://maps.google.com/?cid=16330235342756091751&g_mp=Cidnb29nbGUubWFwcy5wbGFjZXMudjEuUGxhY2VzLlNlYXJjaFRleHQQAhgEIAA,2026-08-20
Hot,Ajwa Al Barka,Restaurant,Barka,NO_WEBSITE,no website on the Google listing,,9316 7950,https://maps.google.com/?cid=3786430705233039037&g_mp=Cidnb29nbGUubWFwcy5wbGFjZXMudjEuUGxhY2VzLlNlYXJjaFRleHQQAhgEIAA,2026-08-20
Hot,AJWA BEAUTY SALON MAWALEH SOUTH,Salon,Seeb,NO_WEBSITE,no website on the Google listing,,7978 5912,https://maps.google.com/?cid=9777840262128534536&g_mp=Cidnb29nbGUubWFwcy5wbGFjZXMudjEuUGxhY2VzLlNlYXJjaFRleHQQAhgEIAA,2026-08-20
Hot,Ajyad International Tourism,Travel & tourism,Al Khuwair,NO_WEBSITE,no website on the Google listing,,7217 3888,https://maps.google.com/?cid=608743448755174597&g_mp=Cidnb29nbGUubWFwcy5wbGFjZXMudjEuUGxhY2VzLlNlYXJjaFRleHQQAhgEIAA,2026-08-20
Hot,Al Abeer Dental and Orthodontic Clinic,Dental clinic,Seeb,NO_WEBSITE,no website on the Google listing,,9212 3836,https://maps.google.com/?cid=191141389117984823&g_mp=Cidnb29nbGUubWFwcy5wbGFjZXMudjEuUGxhY2VzLlNlYXJjaFRleHQQAhgEIAA,2026-08-20
Hot,Al abir restaurant مطعم العابر للمأكولات العمانية,Restaurant,Barka,NO_WEBSITE,no website on the Google listing,,9319 6979,https://maps.google.com/?cid=4375182564709820510&g_mp=Cidnb29nbGUubWFwcy5wbGFjZXMudjEuUGxhY2VzLlNlYXJjaFRleHQQAhgEIAA,2026-08-20
Hot,Al AfaK Al Mubeen Private School,Private school,Salalah,NO_WEBSITE,no website on the Google listing,,9117 0464,https://maps.google.com/?cid=12001946657685634909&g_mp=Cidnb29nbGUubWFwcy5wbGFjZXMudjEuUGxhY2VzLlNlYXJjaFRleHQQAhgEIAA,2026-08-20
Hot,Al Afiya Dental Clinic,Dental clinic,Barka,NO_WEBSITE,no website on the Google listing,,9018 1814,https://maps.google.com/?cid=14306101322962861538&g_mp=Cidnb29nbGUubWFwcy5wbGFjZXMudjEuUGxhY2VzLlNlYXJjaFRleHQQAhgEIAA,2026-08-20
Hot,Al Afya Medical Center,Medical clinic,Sur,NO_WEBSITE,no website on the Google listing,,7902 6699,https://maps.google.com/?cid=17588699164736152687&g_mp=Cidnb29nbGUubWFwcy5wbGFjZXMudjEuUGxhY2VzLlNlYXJjaFRleHQQAhgEIAA,2026-08-20
Hot,Al Ahad Restaurant and Kitchen,Restaurant,Salalah,NO_WEBSITE,no website on the Google listing,,9984 1274,https://maps.google.com/?cid=9996174121450804548&g_mp=Cidnb29nbGUubWFwcy5wbGFjZXMudjEuUGxhY2VzLlNlYXJjaFRleHQQAhgEIAA,2026-08-20
Hot,AL ANDALOS TRAVELS AND TOURISM L.L.C,Travel & tourism,Sohar,NO_WEBSITE,no website on the Google listing,,9925 2888,https://maps.google.com/?cid=14209489112855711158&g_mp=Cidnb29nbGUubWFwcy5wbGFjZXMudjEuUGxhY2VzLlNlYXJjaFRleHQQAhgEIAA,2026-08-20
Hot,Al Ansari Engineering Service LLC - Oil & Gas and Mechanical Division,Contractor,Nizwa,NO_WEBSITE,no website on the Google listing,,24 593290,https://maps.google.com/?cid=7636591378916680855&g_mp=Cidnb29nbGUubWFwcy5wbGFjZXMudjEuUGxhY2VzLlNlYXJjaFRleHQQAhgEIAA,2026-08-20
Hot,Al Anwar Private School,Private school,Salalah,NO_WEBSITE,no website on the Google listing,,9139 6114,https://maps.google.com/?cid=10531370216161584225&g_mp=Cidnb29nbGUubWFwcy5wbGFjZXMudjEuUGxhY2VzLlNlYXJjaFRleHQQAhgEIAA,2026-08-20
Hot,Al Arabia Rent-A-Car,Car rental,Ruwi,NO_WEBSITE,no website on the Google listing,,9784 1100,https://maps.google.com/?cid=12865194637123399666&g_mp=Cidnb29nbGUubWFwcy5wbGFjZXMudjEuUGxhY2VzLlNlYXJjaFRleHQQAhgEIAA,2026-08-20
Hot,Al Azaem Oman Post tension System L.L.C,Contractor,Sohar,NO_WEBSITE,no website on the Google listing,,9216 7693,https://maps.google.com/?cid=309678832672238899&g_mp=Cidnb29nbGUubWFwcy5wbGFjZXMudjEuUGxhY2VzLlNlYXJjaFRleHQQAhgEIAA,2026-08-20
Hot,Al Bahja Contracting Company LLC,Contractor,Nizwa,NO_WEBSITE,no website on the Google listing,,24 592352,https://maps.google.com/?cid=1700312602332868266&g_mp=Cidnb29nbGUubWFwcy5wbGFjZXMudjEuUGxhY2VzLlNlYXJjaFRleHQQAhgEIAA,2026-08-20
Hot,AL BAHJA INDIAN AYURVEDIC CLINIC,Medical clinic,Sur,NO_WEBSITE,no website on the Google listing,,9398 0583,https://maps.google.com/?cid=3527145136928299127&g_mp=Cidnb29nbGUubWFwcy5wbGFjZXMudjEuUGxhY2VzLlNlYXJjaFRleHQQAhgEIAA,2026-08-20
Hot,AL BAHJA SPECIALITY DENTAL CENTER,Medical clinic,Sur,NO_WEBSITE,no website on the Google listing,,9712 0506,https://maps.google.com/?cid=1348512431260631769&g_mp=Cidnb29nbGUubWFwcy5wbGFjZXMudjEuUGxhY2VzLlNlYXJjaFRleHQQAhgEIAA,2026-08-20
Hot,Al Bait Al Suri,Restaurant,Sur,NO_WEBSITE,no website on the Google listing,,9575 5979,https://maps.google.com/?cid=4795746540808389301&g_mp=Cidnb29nbGUubWFwcy5wbGFjZXMudjEuUGxhY2VzLlNlYXJjaFRleHQQAhgEIAA,2026-08-20
Hot,Al Baleed Fitness Club,Gym,Salalah,NO_WEBSITE,no website on the Google listing,,9258 9118,https://maps.google.com/?cid=1032083523089129991&g_mp=Cidnb29nbGUubWFwcy5wbGFjZXMudjEuUGxhY2VzLlNlYXJjaFRleHQQAhgEIAA,2026-08-20
Hot,AL BARON RENT A CAR مكتب تاجير سيارات.SEH AHMER,Car rental,Sur,NO_WEBSITE,no website on the Google listing,,9428 5111,https://maps.google.com/?cid=14288759916355629754&g_mp=Cidnb29nbGUubWFwcy5wbGFjZXMudjEuUGxhY2VzLlNlYXJjaFRleHQQAhgEIAA,2026-08-20
Hot,Al Bashayer Specialised Medical Center,Medical clinic,Muscat,NO_WEBSITE,no website on the Google listing,,9185 0003,https://maps.google.com/?cid=12144542669356088889&g_mp=Cidnb29nbGUubWFwcy5wbGFjZXMudjEuUGxhY2VzLlNlYXJjaFRleHQQAhgEIAA,2026-08-20
Hot,Al Basit School مدرسة الباسط,Private school,Barka,NO_WEBSITE,no website on the Google listing,,26 883601,https://maps.google.com/?cid=815849482966113219&g_mp=Cidnb29nbGUubWFwcy5wbGFjZXMudjEuUGxhY2VzLlNlYXJjaFRleHQQAhgEIAA,2026-08-20
Hot,AL BAZ Real Estate - الباز العقارية,Real estate,Sur,NO_WEBSITE,no website on the Google listing,,9600 0637,https://maps.google.com/?cid=13990679345407619812&g_mp=Cidnb29nbGUubWFwcy5wbGFjZXMudjEuUGxhY2VzLlNlYXJjaFRleHQQAhgEIAA,2026-08-20
Hot,AL Bazar Trading,Trading company,Sur,NO_WEBSITE,no website on the Google listing,,9069 1808,https://maps.google.com/?cid=6691376685209962083&g_mp=Cidnb29nbGUubWFwcy5wbGFjZXMudjEuUGxhY2VzLlNlYXJjaFRleHQQAhgEIAA,2026-08-20
Hot,Al Burj Private School مدرسة البرج الخاصة,Private school,Muscat,NO_WEBSITE,no website on the Google listing,,9392 2993,https://maps.google.com/?cid=821896452089279506&g_mp=Cidnb29nbGUubWFwcy5wbGFjZXMudjEuUGxhY2VzLlNlYXJjaFRleHQQAhgEIAA,2026-08-20
Hot,Al Dallah Al Arabia Trading and Contracting Co.,Contractor,Muscat,NO_WEBSITE,no website on the Google listing,,9628 7015,https://maps.google.com/?cid=11269194414019478719&g_mp=Cidnb29nbGUubWFwcy5wbGFjZXMudjEuUGxhY2VzLlNlYXJjaFRleHQQAhgEIAA,2026-08-20
Hot,AL Dar physiotherapy center,Medical clinic,Sur,NO_WEBSITE,no website on the Google listing,,9199 2031,https://maps.google.com/?cid=9923898523822348551&g_mp=Cidnb29nbGUubWFwcy5wbGFjZXMudjEuUGxhY2VzLlNlYXJjaFRleHQQAhgEIAA,2026-08-20
Hot,Al Ekhlas Ayurveda Clinic,Medical clinic,Nizwa,NO_WEBSITE,no website on the Google listing,,9778 8735,https://maps.google.com/?cid=4149018292255625742&g_mp=Cidnb29nbGUubWFwcy5wbGFjZXMudjEuUGxhY2VzLlNlYXJjaFRleHQQAhgEIAA,2026-08-20
Hot,Al Eman Dental Clinic,Dental clinic,Ruwi,NO_WEBSITE,no website on the Google listing,,24 834113,https://maps.google.com/?cid=8419047862583719154&g_mp=Cidnb29nbGUubWFwcy5wbGFjZXMudjEuUGxhY2VzLlNlYXJjaFRleHQQAhgEIAA,2026-08-20
Hot,Al Enaya Medical Center,Medical clinic,Sur,NO_WEBSITE,no website on the Google listing,,9193 1301,https://maps.google.com/?cid=2218824526331352728&g_mp=Cidnb29nbGUubWFwcy5wbGFjZXMudjEuUGxhY2VzLlNlYXJjaFRleHQQAhgEIAA,2026-08-20
Hot,AL ERTIQA DENTAL & ORTHODONTIC CLINIC,Dental clinic,Sohar,NO_WEBSITE,no website on the Google listing,,9622 8501,https://maps.google.com/?cid=6821452746679064931&g_mp=Cidnb29nbGUubWFwcy5wbGFjZXMudjEuUGxhY2VzLlNlYXJjaFRleHQQAhgEIAA,2026-08-20
Hot,"Al Ezz Trading, Transport and Contracting LLC",Contractor,Ruwi,NO_WEBSITE,no website on the Google listing,,9468 5305,https://maps.google.com/?cid=10518433905399032809&g_mp=Cidnb29nbGUubWFwcy5wbGFjZXMudjEuUGxhY2VzLlNlYXJjaFRleHQQAhgEIAA,2026-08-20
Hot,Al Fairuz Trading and Contracting LLC شركة الفيروز للتجارة و المقاولات,Trading company,Muscat,NO_WEBSITE,no website on the Google listing,,24 614831,https://maps.google.com/?cid=282384459859583359&g_mp=Cidnb29nbGUubWFwcy5wbGFjZXMudjEuUGxhY2VzLlNlYXJjaFRleHQQAhgEIAA,2026-08-20
Hot,Al Faisal polyclinic & Pharmacy,Medical clinic,Sur,NO_WEBSITE,no website on the Google listing,,25 747474,https://maps.google.com/?cid=7942976350054869439&g_mp=Cidnb29nbGUubWFwcy5wbGFjZXMudjEuUGxhY2VzLlNlYXJjaFRleHQQAhgEIAA,2026-08-20
Hot,Al Fath Medical Center,Medical clinic,Seeb,NO_WEBSITE,no website on the Google listing,,9174 8899,https://maps.google.com/?cid=858039798781072212&g_mp=Cidnb29nbGUubWFwcy5wbGFjZXMudjEuUGxhY2VzLlNlYXJjaFRleHQQAhgEIAA,2026-08-20
Hot,Al Fatooh Hijama & Herbal Medical Ruwi,Medical clinic,Ruwi,NO_WEBSITE,no website on the Google listing,,7831 6096,https://maps.google.com/?cid=3213215879251660660&g_mp=Cidnb29nbGUubWFwcy5wbGFjZXMudjEuUGxhY2VzLlNlYXJjaFRleHQQAhgEIAA,2026-08-20
Hot,Al Fawan Restaurant Ruwi,Restaurant,Ruwi,NO_WEBSITE,no website on the Google listing,,9455 2727,https://maps.google.com/?cid=3293364995472905810&g_mp=Cidnb29nbGUubWFwcy5wbGFjZXMudjEuUGxhY2VzLlNlYXJjaFRleHQQAhgEIAA,2026-08-20
Hot,Al Fawan Travel & Tourism,Travel & tourism,Barka,NO_WEBSITE,no website on the Google listing,,9751 7770,https://maps.google.com/?cid=17827771962774453296&g_mp=Cidnb29nbGUubWFwcy5wbGFjZXMudjEuUGxhY2VzLlNlYXJjaFRleHQQAhgEIAA,2026-08-20
Hot,Al Fikr Al Munir School (Bilingual),Private school,Al Khuwair,NO_WEBSITE,no website on the Google listing,,9948 3527,https://maps.google.com/?cid=16489571495753776913&g_mp=Cidnb29nbGUubWFwcy5wbGFjZXMudjEuUGxhY2VzLlNlYXJjaFRleHQQAhgEIAA,2026-08-20
Hot,Al Freih Rent A Car,Car rental,Al Khuwair,NO_WEBSITE,no website on the Google listing,,7224 4317,https://maps.google.com/?cid=8082990922214880409&g_mp=Cidnb29nbGUubWFwcy5wbGFjZXMudjEuUGxhY2VzLlNlYXJjaFRleHQQAhgEIAA,2026-08-20
Hot,Al Ghad Pakistani Restaurant (2nd Branch),Restaurant,Salalah,NO_WEBSITE,no website on the Google listing,,23 202177,https://maps.google.com/?cid=5318285704386054253&g_mp=Cidnb29nbGUubWFwcy5wbGFjZXMudjEuUGxhY2VzLlNlYXJjaFRleHQQAhgEIAA,2026-08-20
Hot,Al Ghanaim Omani Restaurant,Restaurant,Seeb,NO_WEBSITE,no website on the Google listing,,9890 9882,https://maps.google.com/?cid=14247262421503994241&g_mp=Cidnb29nbGUubWFwcy5wbGFjZXMudjEuUGxhY2VzLlNlYXJjaFRleHQQAhgEIAA,2026-08-20
Hot,Al Gharbia Enterprises Trad. & Cont. Co. LLC,Contractor,Salalah,NO_WEBSITE,no website on the Google listing,,23 211843,https://maps.google.com/?cid=7604002325886079501&g_mp=Cidnb29nbGUubWFwcy5wbGFjZXMudjEuUGxhY2VzLlNlYXJjaFRleHQQAhgEIAA,2026-08-20
Hot,Al Ghawas Restaurant,Restaurant,Nizwa,NO_WEBSITE,no website on the Google listing,,9485 4786,https://maps.google.com/?cid=15622160844700499234&g_mp=Cidnb29nbGUubWFwcy5wbGFjZXMudjEuUGxhY2VzLlNlYXJjaFRleHQQAhgEIAA,2026-08-20
Hot,Al Ghazala Hair and Beauty Salon,Salon,Ruwi,NO_WEBSITE,no website on the Google listing,,7177 4327,https://maps.google.com/?cid=7165528360085098669&g_mp=Cidnb29nbGUubWFwcy5wbGFjZXMudjEuUGxhY2VzLlNlYXJjaFRleHQQAhgEIAA,2026-08-20
Hot,Al Hail Clinic LLC,Medical clinic,Seeb,NO_WEBSITE,no website on the Google listing,,24 434631,https://maps.google.com/?cid=17038492898431894715&g_mp=Cidnb29nbGUubWFwcy5wbGFjZXMudjEuUGxhY2VzLlNlYXJjaFRleHQQAhgEIAA,2026-08-20
Hot,Al Hail Private School,Private school,Seeb,NO_WEBSITE,no website on the Google listing,,24 536220,https://maps.google.com/?cid=9670342034438690301&g_mp=Cidnb29nbGUubWFwcy5wbGFjZXMudjEuUGxhY2VzLlNlYXJjaFRleHQQAhgEIAA,2026-08-20
Hot,Al Hamour Seafood مطعم الهامور للمأكولات البحرية فرع بركاء,Restaurant,Barka,NO_WEBSITE,no website on the Google listing,,9212 0551,https://maps.google.com/?cid=852457885301801913&g_mp=Cidnb29nbGUubWFwcy5wbGFjZXMudjEuUGxhY2VzLlNlYXJjaFRleHQQAhgEIAA,2026-08-20
Hot,Al Hasnat Engineering,Contractor,Sur,NO_WEBSITE,no website on the Google listing,,9819 9331,https://maps.google.com/?cid=2011428583531643319&g_mp=Cidnb29nbGUubWFwcy5wbGFjZXMudjEuUGxhY2VzLlNlYXJjaFRleHQQAhgEIAA,2026-08-20
Hot,Al Hawas Restaurant,Restaurant,Ruwi,NO_WEBSITE,no website on the Google listing,,7927 0704,https://maps.google.com/?cid=11471900903322719422&g_mp=Cidnb29nbGUubWFwcy5wbGFjZXMudjEuUGxhY2VzLlNlYXJjaFRleHQQAhgEIAA,2026-08-20
Hot,Al Hawash Restaurant,Restaurant,Sur,NO_WEBSITE,no website on the Google listing,,9941 8497,https://maps.google.com/?cid=10729328558376179396&g_mp=Cidnb29nbGUubWFwcy5wbGFjZXMudjEuUGxhY2VzLlNlYXJjaFRleHQQAhgEIAA,2026-08-20
Hot,Al Hawra Restaurant,Restaurant,Sohar,NO_WEBSITE,no website on the Google listing,,9522 2250,https://maps.google.com/?cid=1512660571202987491&g_mp=Cidnb29nbGUubWFwcy5wbGFjZXMudjEuUGxhY2VzLlNlYXJjaFRleHQQAhgEIAA,2026-08-20
Hot,Al Hikma Medical Clinic,Medical clinic,Sohar,NO_WEBSITE,no website on the Google listing,,9941 0923,https://maps.google.com/?cid=2931088465975763465&g_mp=Cidnb29nbGUubWFwcy5wbGFjZXMudjEuUGxhY2VzLlNlYXJjaFRleHQQAhgEIAA,2026-08-20
Hot,Al Hikma Private School Bousher مدرسة الحكمة الخاصة - بوشر,Private school,Muscat,NO_WEBSITE,no website on the Google listing,,9275 9438,https://maps.google.com/?cid=7685980239993492824&g_mp=Cidnb29nbGUubWFwcy5wbGFjZXMudjEuUGxhY2VzLlNlYXJjaFRleHQQAhgEIAA,2026-08-20
Hot,Al Hinai & Co. Advocates and Legal Consultanالهنائي وشركاؤه للمحاماة والاستشارات القانونية,Law firm,Salalah,NO_WEBSITE,no website on the Google listing,,9932 2753,https://maps.google.com/?cid=5237393072044019464&g_mp=Cidnb29nbGUubWFwcy5wbGFjZXMudjEuUGxhY2VzLlNlYXJjaFRleHQQAhgEIAA,2026-08-20
Hot,AL HSAG TRADING CO. LLC -BEST BUILDING MATERIAL AND HARDWARE STORE IN MUSCAT,Trading company,Ruwi,NO_WEBSITE,no website on the Google listing,,24 817847,https://maps.google.com/?cid=14895262703247932096&g_mp=Cidnb29nbGUubWFwcy5wbGFjZXMudjEuUGxhY2VzLlNlYXJjaFRleHQQAhgEIAA,2026-08-20
Hot,Al INTELAQ TRADING AND CONTRACTING EST,Contractor,Salalah,NO_WEBSITE,no website on the Google listing,,9329 8091,https://maps.google.com/?cid=11433529983223503384&g_mp=Cidnb29nbGUubWFwcy5wbGFjZXMudjEuUGxhY2VzLlNlYXJjaFRleHQQAhgEIAA,2026-08-20
Hot,Al Jabal al akhdar car rental agency 4x4,Car rental,Nizwa,NO_WEBSITE,no website on the Google listing,,9774 7510,https://maps.google.com/?cid=16624229803145312689&g_mp=Cidnb29nbGUubWFwcy5wbGFjZXMudjEuUGxhY2VzLlNlYXJjaFRleHQQAhgEIAA,2026-08-20
Hot,Al Jabal Al Sakhi trading LLC,Trading company,Al Khuwair,NO_WEBSITE,no website on the Google listing,,24 487232,https://maps.google.com/?cid=10250412280907399410&g_mp=Cidnb29nbGUubWFwcy5wbGFjZXMudjEuUGxhY2VzLlNlYXJjaFRleHQQAhgEIAA,2026-08-20
Hot,Al Jadidi Engineering LLC,Contractor,Sohar,NO_WEBSITE,no website on the Google listing,,26 652882,https://maps.google.com/?cid=8578812692164314167&g_mp=Cidnb29nbGUubWFwcy5wbGFjZXMudjEuUGxhY2VzLlNlYXJjaFRleHQQAhgEIAA,2026-08-20
Hot,AL JANNAT INVESTMENT LLC SALALAH OMAN,Trading company,Salalah,NO_WEBSITE,no website on the Google listing,,9402 3749,https://maps.google.com/?cid=15161485302357937302&g_mp=Cidnb29nbGUubWFwcy5wbGFjZXMudjEuUGxhY2VzLlNlYXJjaFRleHQQAhgEIAA,2026-08-20
Hot,Al Jood Lebanese Restaurant Al Khuwair - مطعم الجود اللبناني الخوير,Restaurant,Al Khuwair,NO_WEBSITE,no website on the Google listing,,24 472630,https://maps.google.com/?cid=3747581583106705213&g_mp=Cidnb29nbGUubWFwcy5wbGFjZXMudjEuUGxhY2VzLlNlYXJjaFRleHQQAhgEIAA,2026-08-20
Hot,Al Jood Lebanese Restaurant Azaiba - مطعم الجود اللبناني فرع العذيبة,Restaurant,Muscat,NO_WEBSITE,no website on the Google listing,,9435 6005,https://maps.google.com/?cid=11249530333464005593&g_mp=Cidnb29nbGUubWFwcy5wbGFjZXMudjEuUGxhY2VzLlNlYXJjaFRleHQQAhgEIAA,2026-08-20
Hot,Al Jumadha Trading LLC,Trading company,Nizwa,NO_WEBSITE,no website on the Google listing,,9591 1789,https://maps.google.com/?cid=11948220014216976627&g_mp=Cidnb29nbGUubWFwcy5wbGFjZXMudjEuUGxhY2VzLlNlYXJjaFRleHQQAhgEIAA,2026-08-20
Hot,Al Kaabi Dental Clinic - Sohar عيادة الكعبي لطب الأسنان - صحار,Medical clinic,Sohar,NO_WEBSITE,no website on the Google listing,,9223 0972,https://maps.google.com/?cid=9214129697782215887&g_mp=Cidnb29nbGUubWFwcy5wbGFjZXMudjEuUGxhY2VzLlNlYXJjaFRleHQQAhgEIAA,2026-08-20
Hot,Al Karama Dental Clinic,Dental clinic,Sohar,NO_WEBSITE,no website on the Google listing,,26 844391,https://maps.google.com/?cid=11359975433469761139&g_mp=Cidnb29nbGUubWFwcy5wbGFjZXMudjEuUGxhY2VzLlNlYXJjaFRleHQQAhgEIAA,2026-08-20
Hot,Al Karama Star Dental Clinic,Medical clinic,Ruwi,NO_WEBSITE,no website on the Google listing,,9179 1044,https://maps.google.com/?cid=10467261183601548617&g_mp=Cidnb29nbGUubWFwcy5wbGFjZXMudjEuUGxhY2VzLlNlYXJjaFRleHQQAhgEIAA,2026-08-20
Hot,Al Kidwa Trading LLC,Trading company,Barka,NO_WEBSITE,no website on the Google listing,,9610 0966,https://maps.google.com/?cid=10987865041242284892&g_mp=Cidnb29nbGUubWFwcy5wbGFjZXMudjEuUGxhY2VzLlNlYXJjaFRleHQQAhgEIAA,2026-08-20
Hot,Al Kiyumi Electric and trading co.llc.,Trading company,Salalah,NO_WEBSITE,no website on the Google listing,,23 288820,https://maps.google.com/?cid=8902581947614469063&g_mp=Cidnb29nbGUubWFwcy5wbGFjZXMudjEuUGxhY2VzLlNlYXJjaFRleHQQAhgEIAA,2026-08-20
Hot,AL MAHAB TRAVELS KARSHA,Travel & tourism,Nizwa,NO_WEBSITE,no website on the Google listing,,9355 8852,https://maps.google.com/?cid=8237490897348760276&g_mp=Cidnb29nbGUubWFwcy5wbGFjZXMudjEuUGxhY2VzLlNlYXJjaFRleHQQAhgEIAA,2026-08-20
Hot,Al Majida Beauty Salon,Salon,Sur,NO_WEBSITE,no website on the Google listing,,7982 6941,https://maps.google.com/?cid=4085945521759784854&g_mp=Cidnb29nbGUubWFwcy5wbGFjZXMudjEuUGxhY2VzLlNlYXJjaFRleHQQAhgEIAA,2026-08-20
Hot,Al Manahil Dental Clinic ..call 94015599,Dental clinic,Seeb,NO_WEBSITE,no website on the Google listing,,9401 5599,https://maps.google.com/?cid=16213733076476556206&g_mp=Cidnb29nbGUubWFwcy5wbGFjZXMudjEuUGxhY2VzLlNlYXJjaFRleHQQAhgEIAA,2026-08-20
Hot,Al Manal Travels Tours And Cargo,Travel & tourism,Salalah,NO_WEBSITE,no website on the Google listing,,23 295838,https://maps.google.com/?cid=11931199255202023516&g_mp=Cidnb29nbGUubWFwcy5wbGFjZXMudjEuUGxhY2VzLlNlYXJjaFRleHQQAhgEIAA,2026-08-20
Hot,Al Masharef For Turkish Food,Restaurant,Nizwa,NO_WEBSITE,no website on the Google listing,,9560 5335,https://maps.google.com/?cid=5569248172170385531&g_mp=Cidnb29nbGUubWFwcy5wbGFjZXMudjEuUGxhY2VzLlNlYXJjaFRleHQQAhgEIAA,2026-08-20
Hot,AL Mataza New Salalah oman,Contractor,Salalah,NO_WEBSITE,no website on the Google listing,,9237 7008,https://maps.google.com/?cid=14050085310162886795&g_mp=Cidnb29nbGUubWFwcy5wbGFjZXMudjEuUGxhY2VzLlNlYXJjaFRleHQQAhgEIAA,2026-08-20
Hot,AL MAYAR BEAUTY SPC,Salon,Sohar,NO_WEBSITE,no website on the Google listing,,7502 4432,https://maps.google.com/?cid=11189843130127616546&g_mp=Cidnb29nbGUubWFwcy5wbGFjZXMudjEuUGxhY2VzLlNlYXJjaFRleHQQAhgEIAA,2026-08-20
Hot,Al Mazhar Restaurant,Restaurant,Al Khuwair,NO_WEBSITE,no website on the Google listing,,9403 2444,https://maps.google.com/?cid=150391839704675187&g_mp=Cidnb29nbGUubWFwcy5wbGFjZXMudjEuUGxhY2VzLlNlYXJjaFRleHQQAhgEIAA,2026-08-20
Hot,Al NAHARI TRADING COMPANY,Trading company,Salalah,NO_WEBSITE,no website on the Google listing,,23 210613,https://maps.google.com/?cid=9897128871015737987&g_mp=Cidnb29nbGUubWFwcy5wbGFjZXMudjEuUGxhY2VzLlNlYXJjaFRleHQQAhgEIAA,2026-08-20
Hot,Al Najah Pvt. School,Private school,Ruwi,NO_WEBSITE,no website on the Google listing,,24 705605,https://maps.google.com/?cid=10359370266699631063&g_mp=Cidnb29nbGUubWFwcy5wbGFjZXMudjEuUGxhY2VzLlNlYXJjaFRleHQQAhgEIAA,2026-08-20
Hot,Al Nama Real Estate النماء للعقارات,Real estate,Muscat,NO_WEBSITE,no website on the Google listing,,9888 4999,https://maps.google.com/?cid=10018370586382185261&g_mp=Cidnb29nbGUubWFwcy5wbGFjZXMudjEuUGxhY2VzLlNlYXJjaFRleHQQAhgEIAA,2026-08-20
Hot,Al Naqaa Pvt. School,Private school,Sohar,NO_WEBSITE,no website on the Google listing,,9673 5880,https://maps.google.com/?cid=725328763179637549&g_mp=Cidnb29nbGUubWFwcy5wbGFjZXMudjEuUGxhY2VzLlNlYXJjaFRleHQQAhgEIAA,2026-08-20
Hot,Al Naseem Al Abiyath Trad & Cont. LLC,Contractor,Al Khuwair,NO_WEBSITE,no website on the Google listing,,9827 8924,https://maps.google.com/?cid=11557684901723721422&g_mp=Cidnb29nbGUubWFwcy5wbGFjZXMudjEuUGxhY2VzLlNlYXJjaFRleHQQAhgEIAA,2026-08-20
Hot,Al Naseem beauty parlour,Salon,Ruwi,NO_WEBSITE,no website on the Google listing,,9206 4437,https://maps.google.com/?cid=3881682955155651227&g_mp=Cidnb29nbGUubWFwcy5wbGFjZXMudjEuUGxhY2VzLlNlYXJjaFRleHQQAhgEIAA,2026-08-20
Hot,Al Osool Real Estate,Real estate,Muscat,NO_WEBSITE,no website on the Google listing,,9200 0081,https://maps.google.com/?cid=15771260614494591522&g_mp=Cidnb29nbGUubWFwcy5wbGFjZXMudjEuUGxhY2VzLlNlYXJjaFRleHQQAhgEIAA,2026-08-20
Hot,Al Raaha Dental,Dental clinic,Seeb,NO_WEBSITE,no website on the Google listing,,9354 0670,https://maps.google.com/?cid=16212453265446863524&g_mp=Cidnb29nbGUubWFwcy5wbGFjZXMudjEuUGxhY2VzLlNlYXJjaFRleHQQAhgEIAA,2026-08-20
Hot,"Al Raazi Poly Clinic, Al Saada مجمع الرازي الطبي فرع السعاده.",Medical clinic,Salalah,NO_WEBSITE,no website on the Google listing,,23 225201,https://maps.google.com/?cid=13746518269280759404&g_mp=Cidnb29nbGUubWFwcy5wbGFjZXMudjEuUGxhY2VzLlNlYXJjaFRleHQQAhgEIAA,2026-08-20
Hot,Al Rafidain Medical Centre,Medical clinic,Seeb,NO_WEBSITE,no website on the Google listing,,9535 6719,https://maps.google.com/?cid=4196807286981717291&g_mp=Cidnb29nbGUubWFwcy5wbGFjZXMudjEuUGxhY2VzLlNlYXJjaFRleHQQAhgEIAA,2026-08-20
Hot,Al Rahbi Car Rental,Car rental,Ruwi,NO_WEBSITE,no website on the Google listing,,9233 3343,https://maps.google.com/?cid=17017360770898493657&g_mp=Cidnb29nbGUubWFwcy5wbGFjZXMudjEuUGxhY2VzLlNlYXJjaFRleHQQAhgEIAA,2026-08-20
Hot,Al Rahma Medical Center,Medical clinic,Seeb,NO_WEBSITE,no website on the Google listing,,9544 7445,https://maps.google.com/?cid=13424940495495700339&g_mp=Cidnb29nbGUubWFwcy5wbGFjZXMudjEuUGxhY2VzLlNlYXJjaFRleHQQAhgEIAA,2026-08-20
Hot,Al Rajaa Dental Clinic,Dental clinic,Salalah,NO_WEBSITE,no website on the Google listing,,23 227037,https://maps.google.com/?cid=15787611280743367735&g_mp=Cidnb29nbGUubWFwcy5wbGFjZXMudjEuUGxhY2VzLlNlYXJjaFRleHQQAhgEIAA,2026-08-20
Hot,Al Rayan Clinic Barka,Medical clinic,Barka,NO_WEBSITE,no website on the Google listing,,9921 2490,https://maps.google.com/?cid=5816596019376614457&g_mp=Cidnb29nbGUubWFwcy5wbGFjZXMudjEuUGxhY2VzLlNlYXJjaFRleHQQAhgEIAA,2026-08-20
Hot,Al Riyadh Clinic and Pharmacy,Medical clinic,Salalah,NO_WEBSITE,no website on the Google listing,,23 295296,https://maps.google.com/?cid=1908753579404781100&g_mp=Cidnb29nbGUubWFwcy5wbGFjZXMudjEuUGxhY2VzLlNlYXJjaFRleHQQAhgEIAA,2026-08-20
Hot,Al ruwaishia Eye and Dental Clinic,Medical clinic,Ruwi,NO_WEBSITE,no website on the Google listing,,24 833064,https://maps.google.com/?cid=14484028263207822298&g_mp=Cidnb29nbGUubWFwcy5wbGFjZXMudjEuUGxhY2VzLlNlYXJjaFRleHQQAhgEIAA,2026-08-20
Hot,Al Sabbagh Trading Co. LLC,Trading company,Ruwi,NO_WEBSITE,no website on the Google listing,,24 837558,https://maps.google.com/?cid=5139975600523498314&g_mp=Cidnb29nbGUubWFwcy5wbGFjZXMudjEuUGxhY2VzLlNlYXJjaFRleHQQAhgEIAA,2026-08-20
Hot,Al Saideen car rental | السعيدين لتأجير السيارات,Car rental,Salalah,NO_WEBSITE,no website on the Google listing,,9645 0511,https://maps.google.com/?cid=12835874672008096427&g_mp=Cidnb29nbGUubWFwcy5wbGFjZXMudjEuUGxhY2VzLlNlYXJjaFRleHQQAhgEIAA,2026-08-20
Hot,"Al Sakeena Real Estste, Salalah",Real estate,Salalah,NO_WEBSITE,no website on the Google listing,,23 290663,https://maps.google.com/?cid=6871930986220294064&g_mp=Cidnb29nbGUubWFwcy5wbGFjZXMudjEuUGxhY2VzLlNlYXJjaFRleHQQAhgEIAA,2026-08-20
Hot,AL SALAM RESTAURANT,Restaurant,Al Khuwair,NO_WEBSITE,no website on the Google listing,,24 487855,https://maps.google.com/?cid=3247911943065979183&g_mp=Cidnb29nbGUubWFwcy5wbGFjZXMudjEuUGxhY2VzLlNlYXJjaFRleHQQAhgEIAA,2026-08-20
Hot,Al Sana Polyclinic,Medical clinic,Sur,NO_WEBSITE,no website on the Google listing,,24 270655,https://maps.google.com/?cid=5256834890319532403&g_mp=Cidnb29nbGUubWFwcy5wbGFjZXMudjEuUGxhY2VzLlNlYXJjaFRleHQQAhgEIAA,2026-08-20
Hot,Al Seeb Polyclinic,Medical clinic,Seeb,NO_WEBSITE,no website on the Google listing,,24 541018,https://maps.google.com/?cid=5421488713003163333&g_mp=Cidnb29nbGUubWFwcy5wbGFjZXMudjEuUGxhY2VzLlNlYXJjaFRleHQQAhgEIAA,2026-08-20
Hot,AL SHADI DMC RESTAURANT SALALAH,Restaurant,Salalah,NO_WEBSITE,no website on the Google listing,,9498 0117,https://maps.google.com/?cid=9589016730193090276&g_mp=Cidnb29nbGUubWFwcy5wbGFjZXMudjEuUGxhY2VzLlNlYXJjaFRleHQQAhgEIAA,2026-08-20
Hot,AL SHAMAR POLYCLINIC. مجمع الشمر الطبي,Medical clinic,Barka,NO_WEBSITE,no website on the Google listing,,9192 3635,https://maps.google.com/?cid=4961026670354330935&g_mp=Cidnb29nbGUubWFwcy5wbGFjZXMudjEuUGxhY2VzLlNlYXJjaFRleHQQAhgEIAA,2026-08-20
Hot,Al shbahe car rental nizwa,Car rental,Nizwa,NO_WEBSITE,no website on the Google listing,,9466 4721,https://maps.google.com/?cid=430333435224174503&g_mp=Cidnb29nbGUubWFwcy5wbGFjZXMudjEuUGxhY2VzLlNlYXJjaFRleHQQAhgEIAA,2026-08-20
Hot,Al Shidhany Trading Co شركة الشيذاني للتجارة,Trading company,Muscat,NO_WEBSITE,no website on the Google listing,,7222 4468 ext. 24504571,https://maps.google.com/?cid=8440297170014561600&g_mp=Cidnb29nbGUubWFwcy5wbGFjZXMudjEuUGxhY2VzLlNlYXJjaFRleHQQAhgEIAA,2026-08-20
Hot,Al Shifa Medical Center LLC,Medical clinic,Seeb,NO_WEBSITE,no website on the Google listing,,7854 8895,https://maps.google.com/?cid=6042034561556766040&g_mp=Cidnb29nbGUubWFwcy5wbGFjZXMudjEuUGxhY2VzLlNlYXJjaFRleHQQAhgEIAA,2026-08-20
Hot,AL SHUMOOS MEDICAL CENTER,Medical clinic,Sohar,NO_WEBSITE,no website on the Google listing,,22 381111,https://maps.google.com/?cid=4691598498158701993&g_mp=Cidnb29nbGUubWFwcy5wbGFjZXMudjEuUGxhY2VzLlNlYXJjaFRleHQQAhgEIAA,2026-08-20
Hot,AL Tashkeelat Al Raida For Car Rental - Alkhod Branch,Car rental,Seeb,NO_WEBSITE,no website on the Google listing,,7676 0888,https://maps.google.com/?cid=9924634238844779980&g_mp=Cidnb29nbGUubWFwcy5wbGFjZXMudjEuUGxhY2VzLlNlYXJjaFRleHQQAhgEIAA,2026-08-20
Hot,Al Waad Restaurant,Restaurant,Salalah,NO_WEBSITE,no website on the Google listing,,23 291331,https://maps.google.com/?cid=16339960440214517607&g_mp=Cidnb29nbGUubWFwcy5wbGFjZXMudjEuUGxhY2VzLlNlYXJjaFRleHQQAhgEIAA,2026-08-20
Hot,Al Wajabat Al Suriyya,Restaurant,Sur,NO_WEBSITE,no website on the Google listing,,9776 5545,https://maps.google.com/?cid=5542002788179175588&g_mp=Cidnb29nbGUubWFwcy5wbGFjZXMudjEuUGxhY2VzLlNlYXJjaFRleHQQAhgEIAA,2026-08-20
Hot,Al Waqaibah Dental Speciality clinic,Dental clinic,Sohar,NO_WEBSITE,no website on the Google listing,,7999 1362,https://maps.google.com/?cid=7631005994039993829&g_mp=Cidnb29nbGUubWFwcy5wbGFjZXMudjEuUGxhY2VzLlNlYXJjaFRleHQQAhgEIAA,2026-08-20
Hot,Al wardah al safra beauty parlour Billah (Monisha's),Salon,Barka,NO_WEBSITE,no website on the Google listing,,9110 4858,https://maps.google.com/?cid=5426345302663403335&g_mp=Cidnb29nbGUubWFwcy5wbGFjZXMudjEuUGxhY2VzLlNlYXJjaFRleHQQAhgEIAA,2026-08-20
Hot,Al Washah LLC,Car rental,Nizwa,NO_WEBSITE,no website on the Google listing,,9607 6767,https://maps.google.com/?cid=7698791177711955112&g_mp=Cidnb29nbGUubWFwcy5wbGFjZXMudjEuUGxhY2VzLlNlYXJjaFRleHQQAhgEIAA,2026-08-20
Hot,Al Yahyaei & co.,Law firm,Al Khuwair,NO_WEBSITE,no website on the Google listing,,24 487448,https://maps.google.com/?cid=5728244271947240751&g_mp=Cidnb29nbGUubWFwcy5wbGFjZXMudjEuUGxhY2VzLlNlYXJjaFRleHQQAhgEIAA,2026-08-20
Hot,Al Zahir Orthodontic Centre,Dental clinic,Salalah,NO_WEBSITE,no website on the Google listing,,23 297098,https://maps.google.com/?cid=7332554185692629221&g_mp=Cidnb29nbGUubWFwcy5wbGFjZXMudjEuUGxhY2VzLlNlYXJjaFRleHQQAhgEIAA,2026-08-20
Hot,AL ZAHIR SPECIALIZED DENTAL CENTRE مركز الزاهر التخصصي لطب الاسنان,Dental clinic,Salalah,NO_WEBSITE,no website on the Google listing,,23 226199,https://maps.google.com/?cid=15992826295486689766&g_mp=Cidnb29nbGUubWFwcy5wbGFjZXMudjEuUGxhY2VzLlNlYXJjaFRleHQQAhgEIAA,2026-08-20
Hot,Al Zaki Medical Centre,Medical clinic,Sur,NO_WEBSITE,no website on the Google listing,,9571 7950,https://maps.google.com/?cid=12395840133978921151&g_mp=Cidnb29nbGUubWFwcy5wbGFjZXMudjEuUGxhY2VzLlNlYXJjaFRleHQQAhgEIAA,2026-08-20
Hot,Al Zuhly Restaurant,Restaurant,Nizwa,NO_WEBSITE,no website on the Google listing,,9976 7950,https://maps.google.com/?cid=12214846962838944527&g_mp=Cidnb29nbGUubWFwcy5wbGFjZXMudjEuUGxhY2VzLlNlYXJjaFRleHQQAhgEIAA,2026-08-20
Hot,AL-BAHATH TRADING & SERVICES CO. LLC,Trading company,Nizwa,NO_WEBSITE,no website on the Google listing,,24 626826,https://maps.google.com/?cid=1162529034995004578&g_mp=Cidnb29nbGUubWFwcy5wbGFjZXMudjEuUGxhY2VzLlNlYXJjaFRleHQQAhgEIAA,2026-08-20
Hot,Al-Exandria Restaurant,Restaurant,Ruwi,NO_WEBSITE,no website on the Google listing,,24 780113,https://maps.google.com/?cid=17994355963539333025&g_mp=Cidnb29nbGUubWFwcy5wbGFjZXMudjEuUGxhY2VzLlNlYXJjaFRleHQQAhgEIAA,2026-08-20
Hot,AL-JAHWARI DENTAL CLINIC,Dental clinic,Sohar,NO_WEBSITE,no website on the Google listing,,9710 0638,https://maps.google.com/?cid=2736241865712674756&g_mp=Cidnb29nbGUubWFwcy5wbGFjZXMudjEuUGxhY2VzLlNlYXJjaFRleHQQAhgEIAA,2026-08-20
Hot,Al-Kurum construction development,Contractor,Salalah,NO_WEBSITE,no website on the Google listing,,9228 1876,https://maps.google.com/?cid=1301158648833033857&g_mp=Cidnb29nbGUubWFwcy5wbGFjZXMudjEuUGxhY2VzLlNlYXJjaFRleHQQAhgEIAA,2026-08-20
Hot,AL-Mazra Shining Trading L.L.C قطع غيار السيارات الشهيرة,Trading company,Barka,NO_WEBSITE,no website on the Google listing,,9483 2472,https://maps.google.com/?cid=2531155538692225270&g_mp=Cidnb29nbGUubWFwcy5wbGFjZXMudjEuUGxhY2VzLlNlYXJjaFRleHQQAhgEIAA,2026-08-20
Hot,"Al-Saada private Kindergarten School, Sohar, Oman",Private school,Sohar,NO_WEBSITE,no website on the Google listing,,9542 0828,https://maps.google.com/?cid=17641014016241702279&g_mp=Cidnb29nbGUubWFwcy5wbGFjZXMudjEuUGxhY2VzLlNlYXJjaFRleHQQAhgEIAA,2026-08-20
Hot,Al-Yasa Polyclinic,Medical clinic,Barka,NO_WEBSITE,no website on the Google listing,,9367 4364,https://maps.google.com/?cid=17440304612028929329&g_mp=Cidnb29nbGUubWFwcy5wbGFjZXMudjEuUGxhY2VzLlNlYXJjaFRleHQQAhgEIAA,2026-08-20
Hot,Al-Zaeem Sports Center,Gym,Sohar,NO_WEBSITE,no website on the Google listing,,7106 2277,https://maps.google.com/?cid=12142870804451853574&g_mp=Cidnb29nbGUubWFwcy5wbGFjZXMudjEuUGxhY2VzLlNlYXJjaFRleHQQAhgEIAA,2026-08-20
Hot,Al-Zaman Properties,Real estate,Ruwi,NO_WEBSITE,no website on the Google listing,,24 707243,https://maps.google.com/?cid=17545961967212575430&g_mp=Cidnb29nbGUubWFwcy5wbGFjZXMudjEuUGxhY2VzLlNlYXJjaFRleHQQAhgEIAA,2026-08-20
Hot,ALABTAL GYM,Gym,Salalah,NO_WEBSITE,no website on the Google listing,,9640 7121,https://maps.google.com/?cid=10504025032671565215&g_mp=Cidnb29nbGUubWFwcy5wbGFjZXMudjEuUGxhY2VzLlNlYXJjaFRleHQQAhgEIAA,2026-08-20
Hot,ALAMEEN TRAVEL TOURS AND CARGO LLC,Travel & tourism,Salalah,NO_WEBSITE,no website on the Google listing,,9917 2257,https://maps.google.com/?cid=10413518222281295417&g_mp=Cidnb29nbGUubWFwcy5wbGFjZXMudjEuUGxhY2VzLlNlYXJjaFRleHQQAhgEIAA,2026-08-20
Hot,Albormah For turkish Food,Restaurant,Nizwa,NO_WEBSITE,no website on the Google listing,,9071 9070,https://maps.google.com/?cid=4621770562043961326&g_mp=Cidnb29nbGUubWFwcy5wbGFjZXMudjEuUGxhY2VzLlNlYXJjaFRleHQQAhgEIAA,2026-08-20
Hot,Aldar Unique Real Estate,Real estate,Muscat,NO_WEBSITE,no website on the Google listing,,9490 1901,https://maps.google.com/?cid=6988824762269433956&g_mp=Cidnb29nbGUubWFwcy5wbGFjZXMudjEuUGxhY2VzLlNlYXJjaFRleHQQAhgEIAA,2026-08-20
Hot,Alfanoos real estate,Real estate,Nizwa,NO_WEBSITE,no website on the Google listing,,9595 4400,https://maps.google.com/?cid=15048675588451627352&g_mp=Cidnb29nbGUubWFwcy5wbGFjZXMudjEuUGxhY2VzLlNlYXJjaFRleHQQAhgEIAA,2026-08-20
Hot,Alhayah International Medical Center,Medical clinic,Nizwa,NO_WEBSITE,no website on the Google listing,,25 447756,https://maps.google.com/?cid=5833293882247891469&g_mp=Cidnb29nbGUubWFwcy5wbGFjZXMudjEuUGxhY2VzLlNlYXJjaFRleHQQAhgEIAA,2026-08-20
Hot,ALI AND YOUSUF TRADING CO. LLC.,Trading company,Barka,NO_WEBSITE,no website on the Google listing,,9589 0473,https://maps.google.com/?cid=17580854308386145494&g_mp=Cidnb29nbGUubWFwcy5wbGFjZXMudjEuUGxhY2VzLlNlYXJjaFRleHQQAhgEIAA,2026-08-20
Hot,Ali Ashfaq Lawyer,Law firm,Al Khuwair,NO_WEBSITE,no website on the Google listing,,9852 4998,https://maps.google.com/?cid=10794542462309549235&g_mp=Cidnb29nbGUubWFwcy5wbGFjZXMudjEuUGxhY2VzLlNlYXJjaFRleHQQAhgEIAA,2026-08-20
Hot,Ali M.Nour Car Rental,Car rental,Ruwi,NO_WEBSITE,no website on the Google listing,,9980 0240,https://maps.google.com/?cid=8100297872656410581&g_mp=Cidnb29nbGUubWFwcy5wbGFjZXMudjEuUGxhY2VzLlNlYXJjaFRleHQQAhgEIAA,2026-08-20
Hot,ALI'S DENTAL CLINIC عيادة علي للأسنان,Dental clinic,Barka,NO_WEBSITE,no website on the Google listing,,7198 0280,https://maps.google.com/?cid=4208670491752103649&g_mp=Cidnb29nbGUubWFwcy5wbGFjZXMudjEuUGxhY2VzLlNlYXJjaFRleHQQAhgEIAA,2026-08-20
Hot,ALISMAILI TRAVEL AND TOURISM,Travel & tourism,Nizwa,NO_WEBSITE,no website on the Google listing,,9771 8166,https://maps.google.com/?cid=6705452538739598021&g_mp=Cidnb29nbGUubWFwcy5wbGFjZXMudjEuUGxhY2VzLlNlYXJjaFRleHQQAhgEIAA,2026-08-20
Hot,ALMAHRI TRADING AND CONTRACTING COMPANY SPC,Contractor,Salalah,NO_WEBSITE,no website on the Google listing,,7920 3126,https://maps.google.com/?cid=10218559259183259086&g_mp=Cidnb29nbGUubWFwcy5wbGFjZXMudjEuUGxhY2VzLlNlYXJjaFRleHQQAhgEIAA,2026-08-20
Hot,Almarfaiiteam,Medical clinic,Barka,NO_WEBSITE,no website on the Google listing,,7670 3675,https://maps.google.com/?cid=4778414626917740864&g_mp=Cidnb29nbGUubWFwcy5wbGFjZXMudjEuUGxhY2VzLlNlYXJjaFRleHQQAhgEIAA,2026-08-20
Hot,Almasa Dental Center,Dental clinic,Sohar,NO_WEBSITE,no website on the Google listing,,9366 0685,https://maps.google.com/?cid=10397405781795286946&g_mp=Cidnb29nbGUubWFwcy5wbGFjZXMudjEuUGxhY2VzLlNlYXJjaFRleHQQAhgEIAA,2026-08-20
Hot,Alnawafil Trading النوافل للتجارة ـ استوديو,Trading company,Al Khuwair,NO_WEBSITE,no website on the Google listing,,24 489094,https://maps.google.com/?cid=14112255515790013868&g_mp=Cidnb29nbGUubWFwcy5wbGFjZXMudjEuUGxhY2VzLlNlYXJjaFRleHQQAhgEIAA,2026-08-20
Hot,Alpha Electric Cont.Co.L.L.C,Contractor,Salalah,NO_WEBSITE,no website on the Google listing,,23 290053,https://maps.google.com/?cid=8439852902754841302&g_mp=Cidnb29nbGUubWFwcy5wbGFjZXMudjEuUGxhY2VzLlNlYXJjaFRleHQQAhgEIAA,2026-08-20
Hot,Alrasheed Dental Clinic,Dental clinic,Barka,NO_WEBSITE,no website on the Google listing,,9630 0351,https://maps.google.com/?cid=2266164981730579877&g_mp=Cidnb29nbGUubWFwcy5wbGFjZXMudjEuUGxhY2VzLlNlYXJjaFRleHQQAhgEIAA,2026-08-20
Hot,Alriyada Private School Bilingual (Kg-G12),Private school,Seeb,NO_WEBSITE,no website on the Google listing,,9287 5933,https://maps.google.com/?cid=12735452496982875018&g_mp=Cidnb29nbGUubWFwcy5wbGFjZXMudjEuUGxhY2VzLlNlYXJjaFRleHQQAhgEIAA,2026-08-20
Hot,alwan_almutamayiza_hennabeauty,Salon,Sohar,NO_WEBSITE,no website on the Google listing,,7415 6141,https://maps.google.com/?cid=4517006739045334827&g_mp=Cidnb29nbGUubWFwcy5wbGFjZXMudjEuUGxhY2VzLlNlYXJjaFRleHQQAhgEIAA,2026-08-20
Hot,ALWIJHA REAL ESTATE,Real estate,Sohar,NO_WEBSITE,no website on the Google listing,,9096 6656,https://maps.google.com/?cid=15555959913735832142&g_mp=Cidnb29nbGUubWFwcy5wbGFjZXMudjEuUGxhY2VzLlNlYXJjaFRleHQQAhgEIAA,2026-08-20
Hot,Alyamani Rent a Car اليماني لتأجير السيارات,Car rental,Sohar,NO_WEBSITE,no website on the Google listing,,9904 2822,https://maps.google.com/?cid=13229679570936878613&g_mp=Cidnb29nbGUubWFwcy5wbGFjZXMudjEuUGxhY2VzLlNlYXJjaFRleHQQAhgEIAA,2026-08-20
Hot,Alzagel dental clinic,Dental clinic,Salalah,NO_WEBSITE,no website on the Google listing,,23 214799,https://maps.google.com/?cid=18277363089206862272&g_mp=Cidnb29nbGUubWFwcy5wbGFjZXMudjEuUGxhY2VzLlNlYXJjaFRleHQQAhgEIAA,2026-08-20
Hot,AM TOURS & TRAVEL,Travel & tourism,Ruwi,NO_WEBSITE,no website on the Google listing,,7646 8693,https://maps.google.com/?cid=3700775899908537926&g_mp=Cidnb29nbGUubWFwcy5wbGFjZXMudjEuUGxhY2VzLlNlYXJjaFRleHQQAhgEIAA,2026-08-20
Hot,Am yara beauty salon,Salon,Barka,NO_WEBSITE,no website on the Google listing,,9143 6822,https://maps.google.com/?cid=7943977094255197151&g_mp=Cidnb29nbGUubWFwcy5wbGFjZXMudjEuUGxhY2VzLlNlYXJjaFRleHQQAhgEIAA,2026-08-20
Hot,Amaad Private School,Private school,Salalah,NO_WEBSITE,no website on the Google listing,,7177 8895,https://maps.google.com/?cid=1922774191739208685&g_mp=Cidnb29nbGUubWFwcy5wbGFjZXMudjEuUGxhY2VzLlNlYXJjaFRleHQQAhgEIAA,2026-08-20
Hot,Amalfi Beauty Salon,Salon,Al Khuwair,NO_WEBSITE,no website on the Google listing,,9477 7999,https://maps.google.com/?cid=112866558082797379&g_mp=Cidnb29nbGUubWFwcy5wbGFjZXMudjEuUGxhY2VzLlNlYXJjaFRleHQQAhgEIAA,2026-08-20
Hot,Aman Sur Rent A Car - أمان سور لتأجير السيارات,Car rental,Sur,NO_WEBSITE,no website on the Google listing,,9230 3295,https://maps.google.com/?cid=4150103915852328298&g_mp=Cidnb29nbGUubWFwcy5wbGFjZXMudjEuUGxhY2VzLlNlYXJjaFRleHQQAhgEIAA,2026-08-20
Hot,Amazon Dental Center,Dental clinic,Nizwa,NO_WEBSITE,no website on the Google listing,,25 230991,https://maps.google.com/?cid=8675703533912242191&g_mp=Cidnb29nbGUubWFwcy5wbGFjZXMudjEuUGxhY2VzLlNlYXJjaFRleHQQAhgEIAA,2026-08-20
Hot,American Medical Center (AMC),Medical clinic,Sohar,NO_WEBSITE,no website on the Google listing,,9756 5675,https://maps.google.com/?cid=16723010818455654684&g_mp=Cidnb29nbGUubWFwcy5wbGFjZXMudjEuUGxhY2VzLlNlYXJjaFRleHQQAhgEIAA,2026-08-20
Hot,Amir HAIR Dressing Salalah Oman,Salon,Salalah,NO_WEBSITE,no website on the Google listing,,9249 5849,https://maps.google.com/?cid=15873100296238305455&g_mp=Cidnb29nbGUubWFwcy5wbGFjZXMudjEuUGxhY2VzLlNlYXJjaFRleHQQAhgEIAA,2026-08-20
Hot,Amira alhinai beauty salon,Salon,Nizwa,NO_WEBSITE,no website on the Google listing,,9242 9205,https://maps.google.com/?cid=13058664817859489985&g_mp=Cidnb29nbGUubWFwcy5wbGFjZXMudjEuUGxhY2VzLlNlYXJjaFRleHQQAhgEIAA,2026-08-20
Hot,Amwal Rental Car,Car rental,Al Khuwair,NO_WEBSITE,no website on the Google listing,,7918 8387,https://maps.google.com/?cid=15291243922611770259&g_mp=Cidnb29nbGUubWFwcy5wbGFjZXMudjEuUGxhY2VzLlNlYXJjaFRleHQQAhgEIAA,2026-08-20
Hot,Ananthapuri Restaurant,Restaurant,Ruwi,NO_WEBSITE,no website on the Google listing,,24 706226,https://maps.google.com/?cid=14958600324872711989&g_mp=Cidnb29nbGUubWFwcy5wbGFjZXMudjEuUGxhY2VzLlNlYXJjaFRleHQQAhgEIAA,2026-08-20
Hot,ANDAT MODERN TRADING,Trading company,Barka,NO_WEBSITE,no website on the Google listing,,9440 4147,https://maps.google.com/?cid=10729312674065323139&g_mp=Cidnb29nbGUubWFwcy5wbGFjZXMudjEuUGxhY2VzLlNlYXJjaFRleHQQAhgEIAA,2026-08-20
Hot,Annabi Restaurant Lebanese Cuisine,Restaurant,Salalah,NO_WEBSITE,no website on the Google listing,,23 381000,https://maps.google.com/?cid=8203459974211338932&g_mp=Cidnb29nbGUubWFwcy5wbGFjZXMudjEuUGxhY2VzLlNlYXJjaFRleHQQAhgEIAA,2026-08-20
Hot,Annapurna Restaurant,Restaurant,Salalah,NO_WEBSITE,no website on the Google listing,,9950 3089,https://maps.google.com/?cid=17531413179210688993&g_mp=Cidnb29nbGUubWFwcy5wbGFjZXMudjEuUGxhY2VzLlNlYXJjaFRleHQQAhgEIAA,2026-08-20
Hot,Ar rumais barka oman,Contractor,Barka,NO_WEBSITE,no website on the Google listing,,7138 4329,https://maps.google.com/?cid=8739701763938528232&g_mp=Cidnb29nbGUubWFwcy5wbGFjZXMudjEuUGxhY2VzLlNlYXJjaFRleHQQAhgEIAA,2026-08-20
Hot,Arabian,Travel & tourism,Muscat,NO_WEBSITE,no website on the Google listing,,7931 2340,https://maps.google.com/?cid=14432085300280858395&g_mp=Cidnb29nbGUubWFwcy5wbGFjZXMudjEuUGxhY2VzLlNlYXJjaFRleHQQAhgEIAA,2026-08-20
Hot,Arabian Dental center,Dental clinic,Seeb,NO_WEBSITE,no website on the Google listing,,24 545733,https://maps.google.com/?cid=12727161853750680412&g_mp=Cidnb29nbGUubWFwcy5wbGFjZXMudjEuUGxhY2VzLlNlYXJjaFRleHQQAhgEIAA,2026-08-20
Hot,Arabian Express Travel & Tourism,Travel & tourism,Sur,NO_WEBSITE,no website on the Google listing,,9786 0102,https://maps.google.com/?cid=14181582639548584592&g_mp=Cidnb29nbGUubWFwcy5wbGFjZXMudjEuUGxhY2VzLlNlYXJjaFRleHQQAhgEIAA,2026-08-20
Hot,Arabian International Company (AIC) Oman,Contractor,Al Khuwair,NO_WEBSITE,no website on the Google listing,,9729 5776,https://maps.google.com/?cid=2754971437345036086&g_mp=Cidnb29nbGUubWFwcy5wbGFjZXMudjEuUGxhY2VzLlNlYXJjaFRleHQQAhgEIAA,2026-08-20
Hot,Arabian Pearl Beauty Saloon,Salon,Seeb,NO_WEBSITE,no website on the Google listing,,9024 4486,https://maps.google.com/?cid=15886231648397197926&g_mp=Cidnb29nbGUubWFwcy5wbGFjZXMudjEuUGxhY2VzLlNlYXJjaFRleHQQAhgEIAA,2026-08-20
Hot,"Arjoon Clinic , عيادة أرجون طب عام",Medical clinic,Seeb,NO_WEBSITE,no website on the Google listing,,9669 6793,https://maps.google.com/?cid=1102390285609643369&g_mp=Cidnb29nbGUubWFwcy5wbGFjZXMudjEuUGxhY2VzLlNlYXJjaFRleHQQAhgEIAA,2026-08-20
Hot,Arkan Majan International LLC,Contractor,Muscat,NO_WEBSITE,no website on the Google listing,,22 400900,https://maps.google.com/?cid=8159824318253846133&g_mp=Cidnb29nbGUubWFwcy5wbGFjZXMudjEuUGxhY2VzLlNlYXJjaFRleHQQAhgEIAA,2026-08-20
Hot,Aroma Island Trading Co L.L.C,Trading company,Salalah,NO_WEBSITE,no website on the Google listing,,9893 4553,https://maps.google.com/?cid=5015208379234650030&g_mp=Cidnb29nbGUubWFwcy5wbGFjZXMudjEuUGxhY2VzLlNlYXJjaFRleHQQAhgEIAA,2026-08-20
Hot,ARONA BEAUTY SALON.,Salon,Sur,NO_WEBSITE,no website on the Google listing,,9637 0909,https://maps.google.com/?cid=17192923412155875729&g_mp=Cidnb29nbGUubWFwcy5wbGFjZXMudjEuUGxhY2VzLlNlYXJjaFRleHQQAhgEIAA,2026-08-20
Hot,Arous Beirut Beauty Center مركز عروس بيروت للتجميل,Salon,Seeb,NO_WEBSITE,no website on the Google listing,,9489 2049,https://maps.google.com/?cid=6924914056169976601&g_mp=Cidnb29nbGUubWFwcy5wbGFjZXMudjEuUGxhY2VzLlNlYXJjaFRleHQQAhgEIAA,2026-08-20
Hot,Art of Living Nursery مدرسة فن الحياة,Private school,Muscat,NO_WEBSITE,no website on the Google listing,,9909 8215,https://maps.google.com/?cid=14220742960097373273&g_mp=Cidnb29nbGUubWFwcy5wbGFjZXMudjEuUGxhY2VzLlNlYXJjaFRleHQQAhgEIAA,2026-08-20
Hot,Art of Living Private School مدرسة فن الحياة الخاصة,Private school,Muscat,NO_WEBSITE,no website on the Google listing,,9225 9757,https://maps.google.com/?cid=941335868615779282&g_mp=Cidnb29nbGUubWFwcy5wbGFjZXMudjEuUGxhY2VzLlNlYXJjaFRleHQQAhgEIAA,2026-08-20
Hot,Aruna International Hairdressing,Salon,Al Khuwair,NO_WEBSITE,no website on the Google listing,,9454 1234,https://maps.google.com/?cid=2001316653545698419&g_mp=Cidnb29nbGUubWFwcy5wbGFjZXMudjEuUGxhY2VzLlNlYXJjaFRleHQQAhgEIAA,2026-08-20
Hot,Arusuvai Restaurant New,Restaurant,Salalah,NO_WEBSITE,no website on the Google listing,,9497 7235,https://maps.google.com/?cid=5997125811953568014&g_mp=Cidnb29nbGUubWFwcy5wbGFjZXMudjEuUGxhY2VzLlNlYXJjaFRleHQQAhgEIAA,2026-08-20
Hot,Asian Crown Travel & Tourism L.L.C تاج أسيا للسفر و السياحة ش م م,Travel & tourism,Sohar,NO_WEBSITE,no website on the Google listing,,9474 8242,https://maps.google.com/?cid=8667972986890140105&g_mp=Cidnb29nbGUubWFwcy5wbGFjZXMudjEuUGxhY2VzLlNlYXJjaFRleHQQAhgEIAA,2026-08-20
Hot,Asma & You Beauty Salon,Salon,Ruwi,NO_WEBSITE,no website on the Google listing,,7172 1829,https://maps.google.com/?cid=15372418062621417768&g_mp=Cidnb29nbGUubWFwcy5wbGFjZXMudjEuUGxhY2VzLlNlYXJjaFRleHQQAhgEIAA,2026-08-20
Hot,Asnan station dental clinic عيادة أسنان ستيشن,Dental clinic,Sur,NO_WEBSITE,no website on the Google listing,,7995 7996,https://maps.google.com/?cid=1949634617704330595&g_mp=Cidnb29nbGUubWFwcy5wbGFjZXMudjEuUGxhY2VzLlNlYXJjaFRleHQQAhgEIAA,2026-08-20
Hot,assalam dental clinic عيادة السلام للأسنان,Dental clinic,Seeb,NO_WEBSITE,no website on the Google listing,,9905 2633,https://maps.google.com/?cid=14235248982804976243&g_mp=Cidnb29nbGUubWFwcy5wbGFjZXMudjEuUGxhY2VzLlNlYXJjaFRleHQQAhgEIAA,2026-08-20
Hot,"Aster Al-Raffah Medical Centre, Liwa",Medical clinic,Sohar,NO_WEBSITE,no website on the Google listing,,9283 4781,https://maps.google.com/?cid=2775790594147195032&g_mp=Cidnb29nbGUubWFwcy5wbGFjZXMudjEuUGxhY2VzLlNlYXJjaFRleHQQAhgEIAA,2026-08-20
Hot,Aura Beauty Station,Salon,Seeb,NO_WEBSITE,no website on the Google listing,,9556 9696,https://maps.google.com/?cid=3740475759967830162&g_mp=Cidnb29nbGUubWFwcy5wbGFjZXMudjEuUGxhY2VzLlNlYXJjaFRleHQQAhgEIAA,2026-08-20
Hot,AURA Ladies Beauty Parlour,Salon,Barka,NO_WEBSITE,no website on the Google listing,,9513 9655,https://maps.google.com/?cid=14214120316285410118&g_mp=Cidnb29nbGUubWFwcy5wbGFjZXMudjEuUGxhY2VzLlNlYXJjaFRleHQQAhgEIAA,2026-08-20
Hot,Avantis rent car,Car rental,Muscat,NO_WEBSITE,no website on the Google listing,,9448 6311,https://maps.google.com/?cid=7500985996010521084&g_mp=Cidnb29nbGUubWFwcy5wbGFjZXMudjEuUGxhY2VzLlNlYXJjaFRleHQQAhgEIAA,2026-08-20
Hot,Awtar Al Khair Trading Co SPC,Trading company,Salalah,NO_WEBSITE,no website on the Google listing,,9314 4786,https://maps.google.com/?cid=12620874313155772978&g_mp=Cidnb29nbGUubWFwcy5wbGFjZXMudjEuUGxhY2VzLlNlYXJjaFRleHQQAhgEIAA,2026-08-20
Hot,Ayal Alfareej Restaurant,Restaurant,Salalah,NO_WEBSITE,no website on the Google listing,,9141 5777,https://maps.google.com/?cid=17455085275446803867&g_mp=Cidnb29nbGUubWFwcy5wbGFjZXMudjEuUGxhY2VzLlNlYXJjaFRleHQQAhgEIAA,2026-08-20
Hot,Ayna blossom beauty hub,Salon,Salalah,NO_WEBSITE,no website on the Google listing,,9828 5046,https://maps.google.com/?cid=5319371515674860762&g_mp=Cidnb29nbGUubWFwcy5wbGFjZXMudjEuUGxhY2VzLlNlYXJjaFRleHQQAhgEIAA,2026-08-20
Hot,Ayurveda Clinic Oman Barka,Medical clinic,Barka,NO_WEBSITE,no website on the Google listing,,7809 5715,https://maps.google.com/?cid=18318817599499801202&g_mp=Cidnb29nbGUubWFwcy5wbGFjZXMudjEuUGxhY2VzLlNlYXJjaFRleHQQAhgEIAA,2026-08-20
Hot,Azhar Polyclinic,Medical clinic,Seeb,NO_WEBSITE,no website on the Google listing,,9239 6075,https://maps.google.com/?cid=10695711101536495437&g_mp=Cidnb29nbGUubWFwcy5wbGFjZXMudjEuUGxhY2VzLlNlYXJjaFRleHQQAhgEIAA,2026-08-20
Hot,B N PALAZA Travel@Tourism,Travel & tourism,Barka,NO_WEBSITE,no website on the Google listing,,26 782493,https://maps.google.com/?cid=11937154622382690921&g_mp=Cidnb29nbGUubWFwcy5wbGFjZXMudjEuUGxhY2VzLlNlYXJjaFRleHQQAhgEIAA,2026-08-20
Hot,Baalbeck Lebanese Restaurant Salalah,Restaurant,Salalah,NO_WEBSITE,no website on the Google listing,,23 298834,https://maps.google.com/?cid=6323149758772655679&g_mp=Cidnb29nbGUubWFwcy5wbGFjZXMudjEuUGxhY2VzLlNlYXJjaFRleHQQAhgEIAA,2026-08-20
Hot,Badr Al Sama Visa Medical,Medical clinic,Barka,NO_WEBSITE,no website on the Google listing,,26 884910,https://maps.google.com/?cid=9521273878288458782&g_mp=Cidnb29nbGUubWFwcy5wbGFjZXMudjEuUGxhY2VzLlNlYXJjaFRleHQQAhgEIAA,2026-08-20
Hot,Badr bin Nasser Abdullah al Wardi trading,Trading company,Nizwa,NO_WEBSITE,no website on the Google listing,,9704 8816,https://maps.google.com/?cid=11750739643212947463&g_mp=Cidnb29nbGUubWFwcy5wbGFjZXMudjEuUGxhY2VzLlNlYXJjaFRleHQQAhgEIAA,2026-08-20
Hot,Bahjat Al Sham,Restaurant,Nizwa,NO_WEBSITE,no website on the Google listing,,25 412409,https://maps.google.com/?cid=12918306446948882399&g_mp=Cidnb29nbGUubWFwcy5wbGFjZXMudjEuUGxhY2VzLlNlYXJjaFRleHQQAhgEIAA,2026-08-20
Hot,Bahjat Alghail Alzahira Hair Dressing & Beauty Treatment For Women,Salon,Sohar,NO_WEBSITE,no website on the Google listing,,9742 7997,https://maps.google.com/?cid=3805256143449651000&g_mp=Cidnb29nbGUubWFwcy5wbGFjZXMudjEuUGxhY2VzLlNlYXJjaFRleHQQAhgEIAA,2026-08-20
Hot,bahjat dhofar trading oman بهجة ظفار للتجارة,Trading company,Muscat,NO_WEBSITE,no website on the Google listing,,9767 7133,https://maps.google.com/?cid=6145584138593638635&g_mp=Cidnb29nbGUubWFwcy5wbGFjZXMudjEuUGxhY2VzLlNlYXJjaFRleHQQAhgEIAA,2026-08-20
Hot,Bait Al Arab Restaurant & Kitchen,Restaurant,Nizwa,NO_WEBSITE,no website on the Google listing,,7266 7676,https://maps.google.com/?cid=13306626936770778773&g_mp=Cidnb29nbGUubWFwcy5wbGFjZXMudjEuUGxhY2VzLlNlYXJjaFRleHQQAhgEIAA,2026-08-20
Hot,Bannu Beef Pulao Restaurant (Barka),Restaurant,Barka,NO_WEBSITE,no website on the Google listing,,9647 2941,https://maps.google.com/?cid=676262586386705044&g_mp=Cidnb29nbGUubWFwcy5wbGFjZXMudjEuUGxhY2VzLlNlYXJjaFRleHQQAhgEIAA,2026-08-20
Hot,BAR AL HAKMAN OASIS TRADING - Barka - واحة بار الحكمان التجارية - بركة,Trading company,Barka,NO_WEBSITE,no website on the Google listing,,9060 6774,https://maps.google.com/?cid=12503985536165101144&g_mp=Cidnb29nbGUubWFwcy5wbGFjZXMudjEuUGxhY2VzLlNlYXJjaFRleHQQAhgEIAA,2026-08-20
Hot,Baram Al Watan Private School | مدرسة براعم الوطن الخاصة,Private school,Barka,NO_WEBSITE,no website on the Google listing,,9888 7131,https://maps.google.com/?cid=2878918640061327329&g_mp=Cidnb29nbGUubWFwcy5wbGFjZXMudjEuUGxhY2VzLlNlYXJjaFRleHQQAhgEIAA,2026-08-20
Hot,Bare Beauty Lounge,Salon,Sur,NO_WEBSITE,no website on the Google listing,,7741 9077,https://maps.google.com/?cid=9843438491282759012&g_mp=Cidnb29nbGUubWFwcy5wbGFjZXMudjEuUGxhY2VzLlNlYXJjaFRleHQQAhgEIAA,2026-08-20
Hot,Bashahir Al Majd trading L.L.C,Trading company,Salalah,NO_WEBSITE,no website on the Google listing,,9093 1462,https://maps.google.com/?cid=6302040526763536950&g_mp=Cidnb29nbGUubWFwcy5wbGFjZXMudjEuUGxhY2VzLlNlYXJjaFRleHQQAhgEIAA,2026-08-20
Hot,Bashair Al mezan trading LLC,Trading company,Al Khuwair,NO_WEBSITE,no website on the Google listing,,9532 4263,https://maps.google.com/?cid=14276733903555077315&g_mp=Cidnb29nbGUubWFwcy5wbGFjZXMudjEuUGxhY2VzLlNlYXJjaFRleHQQAhgEIAA,2026-08-20
Hot,Basmet Al Shifa Medical Complex,Medical clinic,Nizwa,NO_WEBSITE,no website on the Google listing,,25 437676,https://maps.google.com/?cid=14184513025557954313&g_mp=Cidnb29nbGUubWFwcy5wbGFjZXMudjEuUGxhY2VzLlNlYXJjaFRleHQQAhgEIAA,2026-08-20
Hot,Be Fit Fitness Center,Gym,Muscat,NO_WEBSITE,no website on the Google listing,,9964 3647,https://maps.google.com/?cid=17183483551710578024&g_mp=Cidnb29nbGUubWFwcy5wbGFjZXMudjEuUGxhY2VzLlNlYXJjaFRleHQQAhgEIAA,2026-08-20
Hot,BE FIT FITNESS CENTRE MAWALEH,Gym,Seeb,NO_WEBSITE,no website on the Google listing,,7605 2656,https://maps.google.com/?cid=13208849804201334518&g_mp=Cidnb29nbGUubWFwcy5wbGFjZXMudjEuUGxhY2VzLlNlYXJjaFRleHQQAhgEIAA,2026-08-20
Hot,Be Wow Men Salon & Spa,Salon,Sohar,NO_WEBSITE,no website on the Google listing,,9476 7459,https://maps.google.com/?cid=12948530937952247195&g_mp=Cidnb29nbGUubWFwcy5wbGFjZXMudjEuUGxhY2VzLlNlYXJjaFRleHQQAhgEIAA,2026-08-20
Hot,BEAUTY ANDAM SALON,Salon,Al Khuwair,NO_WEBSITE,no website on the Google listing,,9018 8245,https://maps.google.com/?cid=178502953200041203&g_mp=Cidnb29nbGUubWFwcy5wbGFjZXMudjEuUGxhY2VzLlNlYXJjaFRleHQQAhgEIAA,2026-08-20
Hot,Beauty Boutique & Spa,Salon,Sur,NO_WEBSITE,no website on the Google listing,,22 842455,https://maps.google.com/?cid=15342958951379686744&g_mp=Cidnb29nbGUubWFwcy5wbGFjZXMudjEuUGxhY2VzLlNlYXJjaFRleHQQAhgEIAA,2026-08-20
Hot,Beauty Centre by JellyBon,Salon,Al Khuwair,NO_WEBSITE,no website on the Google listing,,7271 1144,https://maps.google.com/?cid=11331699965998605767&g_mp=Cidnb29nbGUubWFwcy5wbGFjZXMudjEuUGxhY2VzLlNlYXJjaFRleHQQAhgEIAA,2026-08-20
Hot,BEAUTY EXPERTS salon & spa,Salon,Seeb,NO_WEBSITE,no website on the Google listing,,9662 3269,https://maps.google.com/?cid=4849615252718591903&g_mp=Cidnb29nbGUubWFwcy5wbGFjZXMudjEuUGxhY2VzLlNlYXJjaFRleHQQAhgEIAA,2026-08-20
Hot,Beauty Fortress,Salon,Salalah,NO_WEBSITE,no website on the Google listing,,9241 9041,https://maps.google.com/?cid=803530234807000978&g_mp=Cidnb29nbGUubWFwcy5wbGFjZXMudjEuUGxhY2VzLlNlYXJjaFRleHQQAhgEIAA,2026-08-20
Hot,Beauty Line Center,Salon,Sohar,NO_WEBSITE,no website on the Google listing,,7256 6992,https://maps.google.com/?cid=2746425280140782119&g_mp=Cidnb29nbGUubWFwcy5wbGFjZXMudjEuUGxhY2VzLlNlYXJjaFRleHQQAhgEIAA,2026-08-20
Hot,Beauty parlor,Salon,Nizwa,NO_WEBSITE,no website on the Google listing,,9877 8923,https://maps.google.com/?cid=2938528408342168026&g_mp=Cidnb29nbGUubWFwcy5wbGFjZXMudjEuUGxhY2VzLlNlYXJjaFRleHQQAhgEIAA,2026-08-20
Hot,Beauty Salon Ladies,Salon,Nizwa,NO_WEBSITE,no website on the Google listing,,7867 5701,https://maps.google.com/?cid=12793398896687161835&g_mp=Cidnb29nbGUubWFwcy5wbGFjZXMudjEuUGxhY2VzLlNlYXJjaFRleHQQAhgEIAA,2026-08-20
Hot,BEAUTY TIME SALON (صالون وقت الجمال),Salon,Salalah,NO_WEBSITE,no website on the Google listing,,9573 4140,https://maps.google.com/?cid=489224776513593627&g_mp=Cidnb29nbGUubWFwcy5wbGFjZXMudjEuUGxhY2VzLlNlYXJjaFRleHQQAhgEIAA,2026-08-20
Hot,Beauty Touch Ladies Salon,Salon,Ruwi,NO_WEBSITE,no website on the Google listing,,9556 3040,https://maps.google.com/?cid=11294618863065689944&g_mp=Cidnb29nbGUubWFwcy5wbGFjZXMudjEuUGxhY2VzLlNlYXJjaFRleHQQAhgEIAA,2026-08-20
Hot,Bella Bay SPA,Salon,Barka,NO_WEBSITE,no website on the Google listing,,9124 4773,https://maps.google.com/?cid=7311261267862371832&g_mp=Cidnb29nbGUubWFwcy5wbGFjZXMudjEuUGxhY2VzLlNlYXJjaFRleHQQAhgEIAA,2026-08-20
Hot,Bella vibe beauty salon & spa,Salon,Seeb,NO_WEBSITE,no website on the Google listing,,9789 5990,https://maps.google.com/?cid=8749983729090981669&g_mp=Cidnb29nbGUubWFwcy5wbGFjZXMudjEuUGxhY2VzLlNlYXJjaFRleHQQAhgEIAA,2026-08-20
Hot,Bella Vita Italian Restaurant بيلا فيتا مطعم إيطالي,Restaurant,Muscat,NO_WEBSITE,no website on the Google listing,,7222 9683,https://maps.google.com/?cid=1627188840724373494&g_mp=Cidnb29nbGUubWFwcy5wbGFjZXMudjEuUGxhY2VzLlNlYXJjaFRleHQQAhgEIAA,2026-08-20
Hot,BEST CLINIC SPECIALITY MEDICAL CENTER SOHAR CLINIC,Medical clinic,Sohar,NO_WEBSITE,no website on the Google listing,,9883 3239,https://maps.google.com/?cid=6322015712089268790&g_mp=Cidnb29nbGUubWFwcy5wbGFjZXMudjEuUGxhY2VzLlNlYXJjaFRleHQQAhgEIAA,2026-08-20
Hot,Best Travel & Tourism llc,Travel & tourism,Barka,NO_WEBSITE,no website on the Google listing,,7860 5459,https://maps.google.com/?cid=16447947537027882256&g_mp=Cidnb29nbGUubWFwcy5wbGFjZXMudjEuUGxhY2VzLlNlYXJjaFRleHQQAhgEIAA,2026-08-20
Hot,"Beyond Kitchen - Dine-In, Catering & Buffet",Restaurant,Ruwi,NO_WEBSITE,no website on the Google listing,,9276 5681,https://maps.google.com/?cid=2871205493831662792&g_mp=Cidnb29nbGUubWFwcy5wbGFjZXMudjEuUGxhY2VzLlNlYXJjaFRleHQQAhgEIAA,2026-08-20
Hot,Bhatti Travel Agencies,Travel & tourism,Sohar,NO_WEBSITE,no website on the Google listing,,9852 1999,https://maps.google.com/?cid=12634578180362457261&g_mp=Cidnb29nbGUubWFwcy5wbGFjZXMudjEuUGxhY2VzLlNlYXJjaFRleHQQAhgEIAA,2026-08-20
Hot,Bidkar General Trading,Trading company,Seeb,NO_WEBSITE,no website on the Google listing,,9465 5297,https://maps.google.com/?cid=2875439429475107040&g_mp=Cidnb29nbGUubWFwcy5wbGFjZXMudjEuUGxhY2VzLlNlYXJjaFRleHQQAhgEIAA,2026-08-20
Hot,Biggest fitness gym al amarat,Gym,Sur,NO_WEBSITE,no website on the Google listing,,7910 1073,https://maps.google.com/?cid=3627447085305560189&g_mp=Cidnb29nbGUubWFwcy5wbGFjZXMudjEuUGxhY2VzLlNlYXJjaFRleHQQAhgEIAA,2026-08-20
Hot,"Bilad Oman LLC, Suhail Bahwan Group",Contractor,Sohar,NO_WEBSITE,no website on the Google listing,,24 650000,https://maps.google.com/?cid=14139503522777675157&g_mp=Cidnb29nbGUubWFwcy5wbGFjZXMudjEuUGxhY2VzLlNlYXJjaFRleHQQAhgEIAA,2026-08-20
Hot,Bilsan sur,Restaurant,Sur,NO_WEBSITE,no website on the Google listing,,9659 7011,https://maps.google.com/?cid=13172847665013824439&g_mp=Cidnb29nbGUubWFwcy5wbGFjZXMudjEuUGxhY2VzLlNlYXJjaFRleHQQAhgEIAA,2026-08-20
Hot,BIN ATEEQ RESTAURANT FOR TRADITIONAL OMANI FOOD,Restaurant,Salalah,NO_WEBSITE,no website on the Google listing,,23 294088,https://maps.google.com/?cid=15549055382203998054&g_mp=Cidnb29nbGUubWFwcy5wbGFjZXMudjEuUGxhY2VzLlNlYXJjaFRleHQQAhgEIAA,2026-08-20
Hot,Bin Fadhil Trading Company LLC,Trading company,Salalah,NO_WEBSITE,no website on the Google listing,,23 294158,https://maps.google.com/?cid=1686930160201606906&g_mp=Cidnb29nbGUubWFwcy5wbGFjZXMudjEuUGxhY2VzLlNlYXJjaFRleHQQAhgEIAA,2026-08-20
Hot,Black Door TRAD & Contract SPC,Contractor,Barka,NO_WEBSITE,no website on the Google listing,,9895 1249,https://maps.google.com/?cid=11984916569032950541&g_mp=Cidnb29nbGUubWFwcy5wbGFjZXMudjEuUGxhY2VzLlNlYXJjaFRleHQQAhgEIAA,2026-08-20
Hot,Black Tiger gym barka,Gym,Barka,NO_WEBSITE,no website on the Google listing,,9238 3719,https://maps.google.com/?cid=2866007192180540027&g_mp=Cidnb29nbGUubWFwcy5wbGFjZXMudjEuUGxhY2VzLlNlYXJjaFRleHQQAhgEIAA,2026-08-20
Hot,Blend salon,Salon,Salalah,NO_WEBSITE,no website on the Google listing,,9238 8106,https://maps.google.com/?cid=3741109253658612840&g_mp=Cidnb29nbGUubWFwcy5wbGFjZXMudjEuUGxhY2VzLlNlYXJjaFRleHQQAhgEIAA,2026-08-20
Hot,BLUE CITY GYM SUMHAN BRANCH,Gym,Barka,NO_WEBSITE,no website on the Google listing,,9116 6941,https://maps.google.com/?cid=16262800999048801507&g_mp=Cidnb29nbGUubWFwcy5wbGFjZXMudjEuUGxhY2VzLlNlYXJjaFRleHQQAhgEIAA,2026-08-20
Hot,Blue dental center مركز بلو لطب الأسنان,Dental clinic,Nizwa,NO_WEBSITE,no website on the Google listing,,9980 6146,https://maps.google.com/?cid=10353767742236099823&g_mp=Cidnb29nbGUubWFwcy5wbGFjZXMudjEuUGxhY2VzLlNlYXJjaFRleHQQAhgEIAA,2026-08-20
Hot,Blushy & Badrie Associates Co,Law firm,Al Khuwair,NO_WEBSITE,no website on the Google listing,,24 392222,https://maps.google.com/?cid=2311759273906292650&g_mp=Cidnb29nbGUubWFwcy5wbGFjZXMudjEuUGxhY2VzLlNlYXJjaFRleHQQAhgEIAA,2026-08-20
Hot,Body Fitness hill gym,Gym,Sur,NO_WEBSITE,no website on the Google listing,,9974 7455,https://maps.google.com/?cid=11898929693262514275&g_mp=Cidnb29nbGUubWFwcy5wbGFjZXMudjEuUGxhY2VzLlNlYXJjaFRleHQQAhgEIAA,2026-08-20
Hot,Bombay Medical & Diagnostic Centre مركز بومباي الطبي و التشخيصي,Medical clinic,Ruwi,NO_WEBSITE,no website on the Google listing,,24 798383 ext. 24795252,https://maps.google.com/?cid=1181642277049061238&g_mp=Cidnb29nbGUubWFwcy5wbGFjZXMudjEuUGxhY2VzLlNlYXJjaFRleHQQAhgEIAA,2026-08-20
Hot,Bonsai spa suhar,Salon,Sohar,NO_WEBSITE,no website on the Google listing,,7994 7773,https://maps.google.com/?cid=2510514421538927578&g_mp=Cidnb29nbGUubWFwcy5wbGFjZXMudjEuUGxhY2VzLlNlYXJjaFRleHQQAhgEIAA,2026-08-20
Hot,Boobird,Restaurant,Sur,NO_WEBSITE,no website on the Google listing,,9389 5786,https://maps.google.com/?cid=11021232161967749161&g_mp=Cidnb29nbGUubWFwcy5wbGFjZXMudjEuUGxhY2VzLlNlYXJjaFRleHQQAhgEIAA,2026-08-20
Hot,Bright Minds Private School,Private school,Salalah,NO_WEBSITE,no website on the Google listing,,9138 8244,https://maps.google.com/?cid=7730973296946152221&g_mp=Cidnb29nbGUubWFwcy5wbGFjZXMudjEuUGxhY2VzLlNlYXJjaFRleHQQAhgEIAA,2026-08-20
Hot,Brush Dental Centre,Dental clinic,Ruwi,NO_WEBSITE,no website on the Google listing,,7847 4101,https://maps.google.com/?cid=7578070601135204581&g_mp=Cidnb29nbGUubWFwcy5wbGFjZXMudjEuUGxhY2VzLlNlYXJjaFRleHQQAhgEIAA,2026-08-20
Hot,Bukhari House Restaurant,Restaurant,Muscat,NO_WEBSITE,no website on the Google listing,,9461 3002,https://maps.google.com/?cid=14964507680662241908&g_mp=Cidnb29nbGUubWFwcy5wbGFjZXMudjEuUGxhY2VzLlNlYXJjaFRleHQQAhgEIAA,2026-08-20
Hot,Bustan Daris Dental Clinic,Dental clinic,Nizwa,NO_WEBSITE,no website on the Google listing,,25 410313,https://maps.google.com/?cid=11817760054709735112&g_mp=Cidnb29nbGUubWFwcy5wbGFjZXMudjEuUGxhY2VzLlNlYXJjaFRleHQQAhgEIAA,2026-08-20
Hot,Butterfly,Salon,Salalah,NO_WEBSITE,no website on the Google listing,,9324 9960,https://maps.google.com/?cid=7019645734189634423&g_mp=Cidnb29nbGUubWFwcy5wbGFjZXMudjEuUGxhY2VzLlNlYXJjaFRleHQQAhgEIAA,2026-08-20
Hot,Bypass Grills & Shawarma,Restaurant,Salalah,NO_WEBSITE,no website on the Google listing,,7801 9070,https://maps.google.com/?cid=15036301260881744842&g_mp=Cidnb29nbGUubWFwcy5wbGFjZXMudjEuUGxhY2VzLlNlYXJjaFRleHQQAhgEIAA,2026-08-20
Hot,CANOON TRADING CO LLC,Trading company,Salalah,NO_WEBSITE,no website on the Google listing,,7642 0170,https://maps.google.com/?cid=16936642612091528377&g_mp=Cidnb29nbGUubWFwcy5wbGFjZXMudjEuUGxhY2VzLlNlYXJjaFRleHQQAhgEIAA,2026-08-20
Hot,capital private school Muscat,Private school,Muscat,NO_WEBSITE,no website on the Google listing,,9980 1655,https://maps.google.com/?cid=5417005765580709681&g_mp=Cidnb29nbGUubWFwcy5wbGFjZXMudjEuUGxhY2VzLlNlYXJjaFRleHQQAhgEIAA,2026-08-20
Hot,Captain Travel head office sohar,Travel & tourism,Sohar,NO_WEBSITE,no website on the Google listing,,9112 9120,https://maps.google.com/?cid=9216296395875277107&g_mp=Cidnb29nbGUubWFwcy5wbGFjZXMudjEuUGxhY2VzLlNlYXJjaFRleHQQAhgEIAA,2026-08-20
Hot,CAPTAIN TRAVELS,Travel & tourism,Sohar,NO_WEBSITE,no website on the Google listing,,9587 8415,https://maps.google.com/?cid=6114015973056798093&g_mp=Cidnb29nbGUubWFwcy5wbGFjZXMudjEuUGxhY2VzLlNlYXJjaFRleHQQAhgEIAA,2026-08-20
Hot,CAR RENTAL,Car rental,Salalah,NO_WEBSITE,no website on the Google listing,,9280 9057,https://maps.google.com/?cid=6430394348410121358&g_mp=Cidnb29nbGUubWFwcy5wbGFjZXMudjEuUGxhY2VzLlNlYXJjaFRleHQQAhgEIAA,2026-08-20
Hot,Car Rental 4*4 For Al Jable Al Khdar and Tour Guiding,Car rental,Nizwa,NO_WEBSITE,no website on the Google listing,,9888 6875,https://maps.google.com/?cid=535027582897187155&g_mp=Cidnb29nbGUubWFwcy5wbGFjZXMudjEuUGxhY2VzLlNlYXJjaFRleHQQAhgEIAA,2026-08-20
Hot,Car Rental _ Smile Of Life Rent A Car,Car rental,Muscat,NO_WEBSITE,no website on the Google listing,,7730 5569,https://maps.google.com/?cid=2159825587736812679&g_mp=Cidnb29nbGUubWFwcy5wbGFjZXMudjEuUGxhY2VzLlNlYXJjaFRleHQQAhgEIAA,2026-08-20
Hot,Caramel Restaurant & Lounge,Restaurant,Muscat,NO_WEBSITE,no website on the Google listing,,22 066668,https://maps.google.com/?cid=15745747919254717511&g_mp=Cidnb29nbGUubWFwcy5wbGFjZXMudjEuUGxhY2VzLlNlYXJjaFRleHQQAhgEIAA,2026-08-20
Hot,Cattle Feed Trading,Trading company,Sur,NO_WEBSITE,no website on the Google listing,,9268 2305,https://maps.google.com/?cid=6697722812996713620&g_mp=Cidnb29nbGUubWFwcy5wbGFjZXMudjEuUGxhY2VzLlNlYXJjaFRleHQQAhgEIAA,2026-08-20
Hot,Challenge gym جيم التحدي (للسيدات),Gym,Salalah,NO_WEBSITE,no website on the Google listing,,7885 3358,https://maps.google.com/?cid=18423859610353395760&g_mp=Cidnb29nbGUubWFwcy5wbGFjZXMudjEuUGxhY2VzLlNlYXJjaFRleHQQAhgEIAA,2026-08-20
Hot,Cheese Prata,Restaurant,Nizwa,NO_WEBSITE,no website on the Google listing,,9970 0996,https://maps.google.com/?cid=7785419599829940203&g_mp=Cidnb29nbGUubWFwcy5wbGFjZXMudjEuUGxhY2VzLlNlYXJjaFRleHQQAhgEIAA,2026-08-20
Hot,CHIQBY BARKA,Restaurant,Barka,NO_WEBSITE,no website on the Google listing,,7272 5772,https://maps.google.com/?cid=13532319023887431605&g_mp=Cidnb29nbGUubWFwcy5wbGFjZXMudjEuUGxhY2VzLlNlYXJjaFRleHQQAhgEIAA,2026-08-20
Hot,"CHOICE Rent A Car, Tours And Travels",Car rental,Ruwi,NO_WEBSITE,no website on the Google listing,,9063 0989,https://maps.google.com/?cid=17168901521302177222&g_mp=Cidnb29nbGUubWFwcy5wbGFjZXMudjEuUGxhY2VzLlNlYXJjaFRleHQQAhgEIAA,2026-08-20
Hot,Choudhary Trading and Services L.LC,Trading company,Muscat,NO_WEBSITE,no website on the Google listing,,7228 7272,https://maps.google.com/?cid=7353841611873903562&g_mp=Cidnb29nbGUubWFwcy5wbGFjZXMudjEuUGxhY2VzLlNlYXJjaFRleHQQAhgEIAA,2026-08-20
Hot,Chulha Indian Cuisine - Sohar,Restaurant,Sohar,NO_WEBSITE,no website on the Google listing,,9389 5655,https://maps.google.com/?cid=5702097255468505928&g_mp=Cidnb29nbGUubWFwcy5wbGFjZXMudjEuUGxhY2VzLlNlYXJjaFRleHQQAhgEIAA,2026-08-20
Hot,Classic Restaurant,Restaurant,Nizwa,NO_WEBSITE,no website on the Google listing,,7731 3195,https://maps.google.com/?cid=7745326436650996853&g_mp=Cidnb29nbGUubWFwcy5wbGFjZXMudjEuUGxhY2VzLlNlYXJjaFRleHQQAhgEIAA,2026-08-20
Hot,Clinicare Medical Center,Medical clinic,Muscat,NO_WEBSITE,no website on the Google listing,,24 299076,https://maps.google.com/?cid=11840298286803856873&g_mp=Cidnb29nbGUubWFwcy5wbGFjZXMudjEuUGxhY2VzLlNlYXJjaFRleHQQAhgEIAA,2026-08-20
Hot,Coconut House Restaurant Zanzibar Food بيت نارجيل للمأكولات الزنجباريه,Restaurant,Seeb,NO_WEBSITE,no website on the Google listing,,9818 8220,https://maps.google.com/?cid=1475055900424218061&g_mp=Cidnb29nbGUubWFwcy5wbGFjZXMudjEuUGxhY2VzLlNlYXJjaFRleHQQAhgEIAA,2026-08-20
Hot,Compass Travel & Tourism,Travel & tourism,Sohar,NO_WEBSITE,no website on the Google listing,,9585 0002,https://maps.google.com/?cid=16686320820588823615&g_mp=Cidnb29nbGUubWFwcy5wbGFjZXMudjEuUGxhY2VzLlNlYXJjaFRleHQQAhgEIAA,2026-08-20
Hot,Consolidated Contractors Company Oman “CCC”,Contractor,Muscat,NO_WEBSITE,no website on the Google listing,,24 774779,https://maps.google.com/?cid=9396842569574010374&g_mp=Cidnb29nbGUubWFwcy5wbGFjZXMudjEuUGxhY2VzLlNlYXJjaFRleHQQAhgEIAA,2026-08-20
Hot,Construction company,Contractor,Muscat,NO_WEBSITE,no website on the Google listing,,9455 0914,https://maps.google.com/?cid=9883751597477856305&g_mp=Cidnb29nbGUubWFwcy5wbGFjZXMudjEuUGxhY2VzLlNlYXJjaFRleHQQAhgEIAA,2026-08-20
Hot,Construction company,Contractor,Ruwi,NO_WEBSITE,no website on the Google listing,,9588 8963,https://maps.google.com/?cid=14290865687261419320&g_mp=Cidnb29nbGUubWFwcy5wbGFjZXMudjEuUGxhY2VzLlNlYXJjaFRleHQQAhgEIAA,2026-08-20
Hot,Contracting and construction Company,Contractor,Ruwi,NO_WEBSITE,no website on the Google listing,,9665 6162,https://maps.google.com/?cid=17848298060780329273&g_mp=Cidnb29nbGUubWFwcy5wbGFjZXMudjEuUGxhY2VzLlNlYXJjaFRleHQQAhgEIAA,2026-08-20
Hot,Copper Chimney,Restaurant,Ruwi,NO_WEBSITE,no website on the Google listing,,9269 5900,https://maps.google.com/?cid=17577403893613102915&g_mp=Cidnb29nbGUubWFwcy5wbGFjZXMudjEuUGxhY2VzLlNlYXJjaFRleHQQAhgEIAA,2026-08-20
Hot,COREMAX FITNESS CENTER LADIES AND GENTS,Gym,Seeb,NO_WEBSITE,no website on the Google listing,,7634 7008,https://maps.google.com/?cid=9891148038718902434&g_mp=Cidnb29nbGUubWFwcy5wbGFjZXMudjEuUGxhY2VzLlNlYXJjaFRleHQQAhgEIAA,2026-08-20
Hot,Crown World Fitness Gym,Gym,Sohar,NO_WEBSITE,no website on the Google listing,,7887 1901,https://maps.google.com/?cid=12689530423371502563&g_mp=Cidnb29nbGUubWFwcy5wbGFjZXMudjEuUGxhY2VzLlNlYXJjaFRleHQQAhgEIAA,2026-08-20
Hot,Crystal dental & orthodontic center ، مركز كريستال صحار للأسنان والتقويم,Dental clinic,Sohar,NO_WEBSITE,no website on the Google listing,,7700 8303,https://maps.google.com/?cid=14388893753814430862&g_mp=Cidnb29nbGUubWFwcy5wbGFjZXMudjEuUGxhY2VzLlNlYXJjaFRleHQQAhgEIAA,2026-08-20
Hot,CRYSTAL GLORY CONTRACTING LLC,Contractor,Seeb,NO_WEBSITE,no website on the Google listing,,9012 0222,https://maps.google.com/?cid=6044462656949725026&g_mp=Cidnb29nbGUubWFwcy5wbGFjZXMudjEuUGxhY2VzLlNlYXJjaFRleHQQAhgEIAA,2026-08-20
Hot,Cure dental center,Dental clinic,Nizwa,NO_WEBSITE,no website on the Google listing,,9111 8876,https://maps.google.com/?cid=10966935166874741338&g_mp=Cidnb29nbGUubWFwcy5wbGFjZXMudjEuUGxhY2VzLlNlYXJjaFRleHQQAhgEIAA,2026-08-20
Hot,D.Sach,Salon,Muscat,NO_WEBSITE,no website on the Google listing,,9093 8174,https://maps.google.com/?cid=16432947234390765303&g_mp=Cidnb29nbGUubWFwcy5wbGFjZXMudjEuUGxhY2VzLlNlYXJjaFRleHQQAhgEIAA,2026-08-20
Hot,damas oman real estate,Real estate,Muscat,NO_WEBSITE,no website on the Google listing,,9727 5555,https://maps.google.com/?cid=9822406811539367367&g_mp=Cidnb29nbGUubWFwcy5wbGFjZXMudjEuUGxhY2VzLlNlYXJjaFRleHQQAhgEIAA,2026-08-20
Hot,Dan Dental Clinic عيادة دان لطب الاسنان,Dental clinic,Salalah,NO_WEBSITE,no website on the Google listing,,9827 9013,https://maps.google.com/?cid=12784824197511509057&g_mp=Cidnb29nbGUubWFwcy5wbGFjZXMudjEuUGxhY2VzLlNlYXJjaFRleHQQAhgEIAA,2026-08-20
Hot,Danube Properties - OMAN Office,Real estate,Al Khuwair,NO_WEBSITE,no website on the Google listing,,24 990400,https://maps.google.com/?cid=9847869791169164478&g_mp=Cidnb29nbGUubWFwcy5wbGFjZXMudjEuUGxhY2VzLlNlYXJjaFRleHQQAhgEIAA,2026-08-20
Hot,Dar Al Majd Medical Specialized Complex مجمع دار المجد الطبي التخصصي,Medical clinic,Sohar,NO_WEBSITE,no website on the Google listing,,26 848040,https://maps.google.com/?cid=16046786551836753473&g_mp=Cidnb29nbGUubWFwcy5wbGFjZXMudjEuUGxhY2VzLlNlYXJjaFRleHQQAhgEIAA,2026-08-20
Hot,Dar Shoumoukh Real Estate,Real estate,Salalah,NO_WEBSITE,no website on the Google listing,,9988 7144,https://maps.google.com/?cid=17557225302675926273&g_mp=Cidnb29nbGUubWFwcy5wbGFjZXMudjEuUGxhY2VzLlNlYXJjaFRleHQQAhgEIAA,2026-08-20
Hot,Darsait Visa Medical Clinic,Medical clinic,Ruwi,NO_WEBSITE,no website on the Google listing,,24 786360,https://maps.google.com/?cid=12861627410408084325&g_mp=Cidnb29nbGUubWFwcy5wbGFjZXMudjEuUGxhY2VzLlNlYXJjaFRleHQQAhgEIAA,2026-08-20
Hot,Dawaar Zadna Restaurant,Restaurant,Sohar,NO_WEBSITE,no website on the Google listing,,9755 5868,https://maps.google.com/?cid=3784347941474122697&g_mp=Cidnb29nbGUubWFwcy5wbGFjZXMudjEuUGxhY2VzLlNlYXJjaFRleHQQAhgEIAA,2026-08-20
Hot,Dawood Al Ajmi Trading L.L.C,Trading company,Sohar,NO_WEBSITE,no website on the Google listing,,9272 0736,https://maps.google.com/?cid=9625972143797536659&g_mp=Cidnb29nbGUubWFwcy5wbGFjZXMudjEuUGxhY2VzLlNlYXJjaFRleHQQAhgEIAA,2026-08-20
Hot,Dawood Al Sheikh Trading,Trading company,Sohar,NO_WEBSITE,no website on the Google listing,,9611 3784,https://maps.google.com/?cid=5207541284546421127&g_mp=Cidnb29nbGUubWFwcy5wbGFjZXMudjEuUGxhY2VzLlNlYXJjaFRleHQQAhgEIAA,2026-08-20
Hot,Dental Clinic,Dental clinic,Seeb,NO_WEBSITE,no website on the Google listing,,7737 7867,https://maps.google.com/?cid=12316013183282324403&g_mp=Cidnb29nbGUubWFwcy5wbGFjZXMudjEuUGxhY2VzLlNlYXJjaFRleHQQAhgEIAA,2026-08-20
Hot,Desert Trading Company الصحراء للتجارة,Trading company,Muscat,NO_WEBSITE,no website on the Google listing,,9574 3189,https://maps.google.com/?cid=505684679456087994&g_mp=Cidnb29nbGUubWFwcy5wbGFjZXMudjEuUGxhY2VzLlNlYXJjaFRleHQQAhgEIAA,2026-08-20
Hot,Desert Trading Company شركة الصحراء للتجارة - الخوير,Trading company,Al Khuwair,NO_WEBSITE,no website on the Google listing,,9718 2082,https://maps.google.com/?cid=781927537936047211&g_mp=Cidnb29nbGUubWFwcy5wbGFjZXMudjEuUGxhY2VzLlNlYXJjaFRleHQQAhgEIAA,2026-08-20
Hot,Desi GYM (New Sanaya Salalah),Gym,Salalah,NO_WEBSITE,no website on the Google listing,,9830 5116,https://maps.google.com/?cid=1211288462150116624&g_mp=Cidnb29nbGUubWFwcy5wbGFjZXMudjEuUGxhY2VzLlNlYXJjaFRleHQQAhgEIAA,2026-08-20
Hot,Desi GYM CENTER,Gym,Salalah,NO_WEBSITE,no website on the Google listing,,9449 5759,https://maps.google.com/?cid=15711169417358904543&g_mp=Cidnb29nbGUubWFwcy5wbGFjZXMudjEuUGxhY2VzLlNlYXJjaFRleHQQAhgEIAA,2026-08-20
Hot,Dhikar Restaurant & Cafe,Restaurant,Barka,NO_WEBSITE,no website on the Google listing,,9594 1819,https://maps.google.com/?cid=15160170781531100926&g_mp=Cidnb29nbGUubWFwcy5wbGFjZXMudjEuUGxhY2VzLlNlYXJjaFRleHQQAhgEIAA,2026-08-20
Hot,Dhofar Land Of Frankincense Trading Company SPC,Trading company,Salalah,NO_WEBSITE,no website on the Google listing,,9586 1333,https://maps.google.com/?cid=5786746790019677538&g_mp=Cidnb29nbGUubWFwcy5wbGFjZXMudjEuUGxhY2VzLlNlYXJjaFRleHQQAhgEIAA,2026-08-20
Hot,Diamond dental clinic barka,Dental clinic,Barka,NO_WEBSITE,no website on the Google listing,,9237 4849,https://maps.google.com/?cid=4130315796963731234&g_mp=Cidnb29nbGUubWFwcy5wbGFjZXMudjEuUGxhY2VzLlNlYXJjaFRleHQQAhgEIAA,2026-08-20
Hot,Diamond Medical Clinics,Medical clinic,Muscat,NO_WEBSITE,no website on the Google listing,,7277 7928,https://maps.google.com/?cid=4557963193343789288&g_mp=Cidnb29nbGUubWFwcy5wbGFjZXMudjEuUGxhY2VzLlNlYXJjaFRleHQQAhgEIAA,2026-08-20
Hot,Diamond Medical Clinics,Medical clinic,Salalah,NO_WEBSITE,no website on the Google listing,,7275 0222,https://maps.google.com/?cid=10678041510383986972&g_mp=Cidnb29nbGUubWFwcy5wbGFjZXMudjEuUGxhY2VzLlNlYXJjaFRleHQQAhgEIAA,2026-08-20
Hot,Diamond Wealth Trading LLC,Trading company,Nizwa,NO_WEBSITE,no website on the Google listing,,25 437190,https://maps.google.com/?cid=6249028423294772764&g_mp=Cidnb29nbGUubWFwcy5wbGFjZXMudjEuUGxhY2VzLlNlYXJjaFRleHQQAhgEIAA,2026-08-20
Hot,Dijlah Specialized Dental Clinic,Dental clinic,Sohar,NO_WEBSITE,no website on the Google listing,,9587 2210,https://maps.google.com/?cid=3008193048854891070&g_mp=Cidnb29nbGUubWFwcy5wbGFjZXMudjEuUGxhY2VzLlNlYXJjaFRleHQQAhgEIAA,2026-08-20
Hot,Divine Speciality Dental Center,Dental clinic,Sohar,NO_WEBSITE,no website on the Google listing,,26 759373,https://maps.google.com/?cid=11672457692402675152&g_mp=Cidnb29nbGUubWFwcy5wbGFjZXMudjEuUGxhY2VzLlNlYXJjaFRleHQQAhgEIAA,2026-08-20
Hot,Doctor Station DrS dental clinic,Dental clinic,Muscat,NO_WEBSITE,no website on the Google listing,,7172 7008,https://maps.google.com/?cid=2562537610598684838&g_mp=Cidnb29nbGUubWFwcy5wbGFjZXMudjEuUGxhY2VzLlNlYXJjaFRleHQQAhgEIAA,2026-08-20
Hot,"Dr Ambu Suresh ,(Senior Specialist in Endodontics & Restorative Dentistry)",Dental clinic,Salalah,NO_WEBSITE,no website on the Google listing,,9387 1667,https://maps.google.com/?cid=6546623125735751182&g_mp=Cidnb29nbGUubWFwcy5wbGFjZXMudjEuUGxhY2VzLlNlYXJjaFRleHQQAhgEIAA,2026-08-20
Hot,"Dr M ALI ASHRAF, MBBS, FCGP, DMU, CCD",Medical clinic,Salalah,NO_WEBSITE,no website on the Google listing,,9412 0540,https://maps.google.com/?cid=15074423963329221765&g_mp=Cidnb29nbGUubWFwcy5wbGFjZXMudjEuUGxhY2VzLlNlYXJjaFRleHQQAhgEIAA,2026-08-20
Hot,Dr Ninass ahammed Dental Clinic,Medical clinic,Salalah,NO_WEBSITE,no website on the Google listing,,9574 2067,https://maps.google.com/?cid=2942699896790720826&g_mp=Cidnb29nbGUubWFwcy5wbGFjZXMudjEuUGxhY2VzLlNlYXJjaFRleHQQAhgEIAA,2026-08-20
Hot,Dr. Abdullah Al Abri Advocates and Legal Consultants,Law firm,Seeb,NO_WEBSITE,no website on the Google listing,,24 553025,https://maps.google.com/?cid=15563414819024203965&g_mp=Cidnb29nbGUubWFwcy5wbGFjZXMudjEuUGxhY2VzLlNlYXJjaFRleHQQAhgEIAA,2026-08-20
Hot,Dr. Ahmed Al Mufarji Advocate & Legal Consultant,Law firm,Seeb,NO_WEBSITE,no website on the Google listing,,9484 7833,https://maps.google.com/?cid=7839262721752508978&g_mp=Cidnb29nbGUubWFwcy5wbGFjZXMudjEuUGxhY2VzLlNlYXJjaFRleHQQAhgEIAA,2026-08-20
Hot,Dr.Ayyoub dental clinic,Medical clinic,Al Khuwair,NO_WEBSITE,no website on the Google listing,,7922 4030,https://maps.google.com/?cid=9790482245353772018&g_mp=Cidnb29nbGUubWFwcy5wbGFjZXMudjEuUGxhY2VzLlNlYXJjaFRleHQQAhgEIAA,2026-08-20
Hot,Dragon gym,Gym,Nizwa,NO_WEBSITE,no website on the Google listing,,9971 9665,https://maps.google.com/?cid=7169196238940689993&g_mp=Cidnb29nbGUubWFwcy5wbGFjZXMudjEuUGxhY2VzLlNlYXJjaFRleHQQAhgEIAA,2026-08-20
Hot,Dream Gym,Gym,Sur,NO_WEBSITE,no website on the Google listing,,9019 7721,https://maps.google.com/?cid=8234487172644662353&g_mp=Cidnb29nbGUubWFwcy5wbGFjZXMudjEuUGxhY2VzLlNlYXJjaFRleHQQAhgEIAA,2026-08-20
Hot,Drisha,Restaurant,Nizwa,NO_WEBSITE,no website on the Google listing,,9438 8544,https://maps.google.com/?cid=1172615354654908621&g_mp=Cidnb29nbGUubWFwcy5wbGFjZXMudjEuUGxhY2VzLlNlYXJjaFRleHQQAhgEIAA,2026-08-20
Hot,Drive Arabia Car Rental & Tourism,Car rental,Ruwi,NO_WEBSITE,no website on the Google listing,,9195 0930,https://maps.google.com/?cid=14271022781426508478&g_mp=Cidnb29nbGUubWFwcy5wbGFjZXMudjEuUGxhY2VzLlNlYXJjaFRleHQQAhgEIAA,2026-08-20
Hot,DRS TRAVEL AND TOURISM,Travel & tourism,Barka,NO_WEBSITE,no website on the Google listing,,9431 1446,https://maps.google.com/?cid=7493174868759929219&g_mp=Cidnb29nbGUubWFwcy5wbGFjZXMudjEuUGxhY2VzLlNlYXJjaFRleHQQAhgEIAA,2026-08-20
Hot,Duaa travel &tourism,Travel & tourism,Ruwi,NO_WEBSITE,no website on the Google listing,,7814 2858,https://maps.google.com/?cid=708610444179790647&g_mp=Cidnb29nbGUubWFwcy5wbGFjZXMudjEuUGxhY2VzLlNlYXJjaFRleHQQAhgEIAA,2026-08-20
Hot,Dubai Travels LLC Seeb muscat,Contractor,Seeb,NO_WEBSITE,no website on the Google listing,,24 423277,https://maps.google.com/?cid=6693522901563953578&g_mp=Cidnb29nbGUubWFwcy5wbGFjZXMudjEuUGxhY2VzLlNlYXJjaFRleHQQAhgEIAA,2026-08-20
Hot,DUKBOKI,Restaurant,Nizwa,NO_WEBSITE,no website on the Google listing,,9554 9567,https://maps.google.com/?cid=2870764882201506492&g_mp=Cidnb29nbGUubWFwcy5wbGFjZXMudjEuUGxhY2VzLlNlYXJjaFRleHQQAhgEIAA,2026-08-20
Hot,Dynamic GYM,Gym,Salalah,NO_WEBSITE,no website on the Google listing,,23 266041,https://maps.google.com/?cid=2310190955930278927&g_mp=Cidnb29nbGUubWFwcy5wbGFjZXMudjEuUGxhY2VzLlNlYXJjaFRleHQQAhgEIAA,2026-08-20
Hot,Ebn Al Yafei Medical Centre,Medical clinic,Sur,NO_WEBSITE,no website on the Google listing,,9323 7017,https://maps.google.com/?cid=5126331967291383170&g_mp=Cidnb29nbGUubWFwcy5wbGFjZXMudjEuUGxhY2VzLlNlYXJjaFRleHQQAhgEIAA,2026-08-20
Hot,Economic Travel شركة السفر الاقتصادي,Travel & tourism,Seeb,NO_WEBSITE,no website on the Google listing,,7704 3034,https://maps.google.com/?cid=5323024802520138836&g_mp=Cidnb29nbGUubWFwcy5wbGFjZXMudjEuUGxhY2VzLlNlYXJjaFRleHQQAhgEIAA,2026-08-20
Hot,EL PESCADOR TURKISH FISH HOUSE,Restaurant,Seeb,NO_WEBSITE,no website on the Google listing,,7931 7317,https://maps.google.com/?cid=11999549541848605559&g_mp=Cidnb29nbGUubWFwcy5wbGFjZXMudjEuUGxhY2VzLlNlYXJjaFRleHQQAhgEIAA,2026-08-20
Hot,El Shola Polyclinic,Medical clinic,Ruwi,NO_WEBSITE,no website on the Google listing,,24 706540,https://maps.google.com/?cid=3738370557748290401&g_mp=Cidnb29nbGUubWFwcy5wbGFjZXMudjEuUGxhY2VzLlNlYXJjaFRleHQQAhgEIAA,2026-08-20
Hot,Elite Offices,Real estate,Al Khuwair,NO_WEBSITE,no website on the Google listing,,9938 7455,https://maps.google.com/?cid=1627207897642539300&g_mp=Cidnb29nbGUubWFwcy5wbGFjZXMudjEuUGxhY2VzLlNlYXJjaFRleHQQAhgEIAA,2026-08-20
Hot,Elite polyclinic sohar مجمع النخبة صحار,Medical clinic,Sohar,NO_WEBSITE,no website on the Google listing,,9804 4455,https://maps.google.com/?cid=16993973391759940128&g_mp=Cidnb29nbGUubWFwcy5wbGFjZXMudjEuUGxhY2VzLlNlYXJjaFRleHQQAhgEIAA,2026-08-20
Hot,Elite Real Estate,Real estate,Salalah,NO_WEBSITE,no website on the Google listing,,9762 9955,https://maps.google.com/?cid=10738225824044773686&g_mp=Cidnb29nbGUubWFwcy5wbGFjZXMudjEuUGxhY2VzLlNlYXJjaFRleHQQAhgEIAA,2026-08-20
Hot,elsemary specialized dental center,Dental clinic,Sohar,NO_WEBSITE,no website on the Google listing,,26 645183,https://maps.google.com/?cid=3930742323453741794&g_mp=Cidnb29nbGUubWFwcy5wbGFjZXMudjEuUGxhY2VzLlNlYXJjaFRleHQQAhgEIAA,2026-08-20
Hot,Em Beauty Lounge إما بيوتي لانج,Salon,Seeb,NO_WEBSITE,no website on the Google listing,,9139 5770,https://maps.google.com/?cid=17362983607066823076&g_mp=Cidnb29nbGUubWFwcy5wbGFjZXMudjEuUGxhY2VzLlNlYXJjaFRleHQQAhgEIAA,2026-08-20
Hot,Emaar muscat united إعمار مسقط المتحده,Real estate,Muscat,NO_WEBSITE,no website on the Google listing,,24 902695,https://maps.google.com/?cid=12432642508918672708&g_mp=Cidnb29nbGUubWFwcy5wbGFjZXMudjEuUGxhY2VzLlNlYXJjaFRleHQQAhgEIAA,2026-08-20
Hot,Emarat Al Sharq Dental Clinic,Dental clinic,Ruwi,NO_WEBSITE,no website on the Google listing,,9330 7432,https://maps.google.com/?cid=6163979035937290514&g_mp=Cidnb29nbGUubWFwcy5wbGFjZXMudjEuUGxhY2VzLlNlYXJjaFRleHQQAhgEIAA,2026-08-20
Hot,Empire Dental Center,Dental clinic,Salalah,NO_WEBSITE,no website on the Google listing,,22 859117,https://maps.google.com/?cid=4606113418616847067&g_mp=Cidnb29nbGUubWFwcy5wbGFjZXMudjEuUGxhY2VzLlNlYXJjaFRleHQQAhgEIAA,2026-08-20
Hot,Enhance Beauty Lounge,Salon,Muscat,NO_WEBSITE,no website on the Google listing,,9898 3327,https://maps.google.com/?cid=6326625551097512590&g_mp=Cidnb29nbGUubWFwcy5wbGFjZXMudjEuUGxhY2VzLlNlYXJjaFRleHQQAhgEIAA,2026-08-20
Hot,Eshraq Engineering & Investment Co. L.L.C,Contractor,Salalah,NO_WEBSITE,no website on the Google listing,,9254 1864,https://maps.google.com/?cid=4019849373294191515&g_mp=Cidnb29nbGUubWFwcy5wbGFjZXMudjEuUGxhY2VzLlNlYXJjaFRleHQQAhgEIAA,2026-08-20
Hot,Ethereal Beauty Salon,Salon,Muscat,NO_WEBSITE,no website on the Google listing,,7966 6216,https://maps.google.com/?cid=2545423160942542843&g_mp=Cidnb29nbGUubWFwcy5wbGFjZXMudjEuUGxhY2VzLlNlYXJjaFRleHQQAhgEIAA,2026-08-20
Hot,Europcar Muscat International Airport يوربكار لتأجير السيارات,Car rental,Barka,NO_WEBSITE,no website on the Google listing,,9673 9547,https://maps.google.com/?cid=15994369488348451500&g_mp=Cidnb29nbGUubWFwcy5wbGFjZXMudjEuUGxhY2VzLlNlYXJjaFRleHQQAhgEIAA,2026-08-20
Hot,Europe Beauty Parlour & Spa - For ladies,Salon,Ruwi,NO_WEBSITE,no website on the Google listing,,7272 2370,https://maps.google.com/?cid=2713858432468123974&g_mp=Cidnb29nbGUubWFwcy5wbGFjZXMudjEuUGxhY2VzLlNlYXJjaFRleHQQAhgEIAA,2026-08-20
Hot,Europe beauty salon,Salon,Ruwi,NO_WEBSITE,no website on the Google listing,,7111 6370,https://maps.google.com/?cid=11268156677605685479&g_mp=Cidnb29nbGUubWFwcy5wbGFjZXMudjEuUGxhY2VzLlNlYXJjaFRleHQQAhgEIAA,2026-08-20
Hot,Evia Car Rental,Car rental,Muscat,NO_WEBSITE,no website on the Google listing,,9977 6334,https://maps.google.com/?cid=209414286656850921&g_mp=Cidnb29nbGUubWFwcy5wbGFjZXMudjEuUGxhY2VzLlNlYXJjaFRleHQQAhgEIAA,2026-08-20
Hot,Evy Kumpir,Restaurant,Muscat,NO_WEBSITE,no website on the Google listing,,7606 6336,https://maps.google.com/?cid=12480166783465361370&g_mp=Cidnb29nbGUubWFwcy5wbGFjZXMudjEuUGxhY2VzLlNlYXJjaFRleHQQAhgEIAA,2026-08-20
Hot,Excellence Dental Clinic,Dental clinic,Nizwa,NO_WEBSITE,no website on the Google listing,,25 215656,https://maps.google.com/?cid=4729350692131872948&g_mp=Cidnb29nbGUubWFwcy5wbGFjZXMudjEuUGxhY2VzLlNlYXJjaFRleHQQAhgEIAA,2026-08-20
Hot,EXCELLENT QUEEN SALOON & SPA,Salon,Muscat,NO_WEBSITE,no website on the Google listing,,7747 2467,https://maps.google.com/?cid=17011876720674049343&g_mp=Cidnb29nbGUubWFwcy5wbGFjZXMudjEuUGxhY2VzLlNlYXJjaFRleHQQAhgEIAA,2026-08-20
Hot,Extreme gym men,Gym,Sur,NO_WEBSITE,no website on the Google listing,,7147 6498,https://maps.google.com/?cid=11641509441952656123&g_mp=Cidnb29nbGUubWFwcy5wbGFjZXMudjEuUGxhY2VzLlNlYXJjaFRleHQQAhgEIAA,2026-08-20
Hot,Fahad Express Travel And Tourism (salalah),Travel & tourism,Salalah,NO_WEBSITE,no website on the Google listing,,23 291467,https://maps.google.com/?cid=17319533216239119388&g_mp=Cidnb29nbGUubWFwcy5wbGFjZXMudjEuUGxhY2VzLlNlYXJjaFRleHQQAhgEIAA,2026-08-20
Hot,Fahad Express Travel And Tourism(Falaj - Sohar),Travel & tourism,Sohar,NO_WEBSITE,no website on the Google listing,,26 751795,https://maps.google.com/?cid=18165991803157064640&g_mp=Cidnb29nbGUubWFwcy5wbGFjZXMudjEuUGxhY2VzLlNlYXJjaFRleHQQAhgEIAA,2026-08-20
Hot,Faisal Al Rashdi Advocates & Legal Consultants (FALC),Law firm,Sur,NO_WEBSITE,no website on the Google listing,,24 600443,https://maps.google.com/?cid=6411468296940578057&g_mp=Cidnb29nbGUubWFwcy5wbGFjZXMudjEuUGxhY2VzLlNlYXJjaFRleHQQAhgEIAA,2026-08-20
Hot,Fashion & Beauty Centre,Salon,Al Khuwair,NO_WEBSITE,no website on the Google listing,,9926 0274,https://maps.google.com/?cid=10400317208848623906&g_mp=Cidnb29nbGUubWFwcy5wbGFjZXMudjEuUGxhY2VzLlNlYXJjaFRleHQQAhgEIAA,2026-08-20
Hot,Fathima Modern Restaurant,Restaurant,Salalah,NO_WEBSITE,no website on the Google listing,,7177 5458,https://maps.google.com/?cid=12292842147202393400&g_mp=Cidnb29nbGUubWFwcy5wbGFjZXMudjEuUGxhY2VzLlNlYXJjaFRleHQQAhgEIAA,2026-08-20
Hot,FILIPINO RESTAURANT IN RUWI.,Restaurant,Ruwi,NO_WEBSITE,no website on the Google listing,,9399 4489,https://maps.google.com/?cid=3228216868719592571&g_mp=Cidnb29nbGUubWFwcy5wbGFjZXMudjEuUGxhY2VzLlNlYXJjaFRleHQQAhgEIAA,2026-08-20
Hot,Firm Management Trading & Contracting LLC,Contractor,Salalah,NO_WEBSITE,no website on the Google listing,,9952 1346,https://maps.google.com/?cid=15641746275225972326&g_mp=Cidnb29nbGUubWFwcy5wbGFjZXMudjEuUGxhY2VzLlNlYXJjaFRleHQQAhgEIAA,2026-08-20
Hot,First gulf dana dental clinicعيادة دانةالخليج الاولى للاسنان,Medical clinic,Sohar,NO_WEBSITE,no website on the Google listing,,9211 8840,https://maps.google.com/?cid=14516553389456996328&g_mp=Cidnb29nbGUubWFwcy5wbGFjZXMudjEuUGxhY2VzLlNlYXJjaFRleHQQAhgEIAA,2026-08-20
Hot,Fit and beauty LADIES STUDIO,Gym,Salalah,NO_WEBSITE,no website on the Google listing,,9381 8240,https://maps.google.com/?cid=13243276431055140202&g_mp=Cidnb29nbGUubWFwcy5wbGFjZXMudjEuUGxhY2VzLlNlYXJjaFRleHQQAhgEIAA,2026-08-20
Hot,Fitness Gym,Gym,Salalah,NO_WEBSITE,no website on the Google listing,,9228 3137,https://maps.google.com/?cid=5964799722297977521&g_mp=Cidnb29nbGUubWFwcy5wbGFjZXMudjEuUGxhY2VzLlNlYXJjaFRleHQQAhgEIAA,2026-08-20
Hot,"Fitness Gym Garbiya, Salalah",Gym,Salalah,NO_WEBSITE,no website on the Google listing,,9829 8100,https://maps.google.com/?cid=14132817716479837359&g_mp=Cidnb29nbGUubWFwcy5wbGFjZXMudjEuUGxhY2VzLlNlYXJjaFRleHQQAhgEIAA,2026-08-20
Hot,FITNESS HUB OMAN - LADIES,Gym,Seeb,NO_WEBSITE,no website on the Google listing,,9676 6873,https://maps.google.com/?cid=8005873998217933329&g_mp=Cidnb29nbGUubWFwcy5wbGFjZXMudjEuUGxhY2VzLlNlYXJjaFRleHQQAhgEIAA,2026-08-20
Hot,Fitness Lab,Gym,Sur,NO_WEBSITE,no website on the Google listing,,22 005055,https://maps.google.com/?cid=14699034870099414399&g_mp=Cidnb29nbGUubWFwcy5wbGFjZXMudjEuUGxhY2VzLlNlYXJjaFRleHQQAhgEIAA,2026-08-20
Hot,Fitness PlussGym,Gym,Nizwa,NO_WEBSITE,no website on the Google listing,,9943 3617,https://maps.google.com/?cid=15745917069523690290&g_mp=Cidnb29nbGUubWFwcy5wbGFjZXMudjEuUGxhY2VzLlNlYXJjaFRleHQQAhgEIAA,2026-08-20
Hot,FitZone Ladies Gym,Gym,Nizwa,NO_WEBSITE,no website on the Google listing,,9788 7727,https://maps.google.com/?cid=5616698184229282880&g_mp=Cidnb29nbGUubWFwcy5wbGFjZXMudjEuUGxhY2VzLlNlYXJjaFRleHQQAhgEIAA,2026-08-20
Hot,Fiyafi Travel and Tourism فيافي لسفر و سياحة,Travel & tourism,Barka,NO_WEBSITE,no website on the Google listing,,9623 4823,https://maps.google.com/?cid=3135690633356429579&g_mp=Cidnb29nbGUubWFwcy5wbGFjZXMudjEuUGxhY2VzLlNlYXJjaFRleHQQAhgEIAA,2026-08-20
Hot,FLEX FITNESS Al Khoud,Gym,Seeb,NO_WEBSITE,no website on the Google listing,,9504 9802,https://maps.google.com/?cid=5211506154009215344&g_mp=Cidnb29nbGUubWFwcy5wbGFjZXMudjEuUGxhY2VzLlNlYXJjaFRleHQQAhgEIAA,2026-08-20
Hot,FLEX FITNESS GYM SOHAR,Gym,Sohar,NO_WEBSITE,no website on the Google listing,,9658 5366,https://maps.google.com/?cid=18378206578328393245&g_mp=Cidnb29nbGUubWFwcy5wbGFjZXMudjEuUGxhY2VzLlNlYXJjaFRleHQQAhgEIAA,2026-08-20
Hot,Flex gym,Gym,Muscat,NO_WEBSITE,no website on the Google listing,,9504 9802,https://maps.google.com/?cid=9144137572766767376&g_mp=Cidnb29nbGUubWFwcy5wbGFjZXMudjEuUGxhY2VzLlNlYXJjaFRleHQQAhgEIAA,2026-08-20
Hot,Flora Beauty centre فلورا,Salon,Salalah,NO_WEBSITE,no website on the Google listing,,9969 6335,https://maps.google.com/?cid=8110092826597763088&g_mp=Cidnb29nbGUubWFwcy5wbGFjZXMudjEuUGxhY2VzLlNlYXJjaFRleHQQAhgEIAA,2026-08-20
Hot,Flower Beauty Salon,Salon,Salalah,NO_WEBSITE,no website on the Google listing,,9119 7972,https://maps.google.com/?cid=5808917023282794632&g_mp=Cidnb29nbGUubWFwcy5wbGFjZXMudjEuUGxhY2VzLlNlYXJjaFRleHQQAhgEIAA,2026-08-20
Hot,FLY ZONE TRAVEL AND TOURISM LLC,Travel & tourism,Nizwa,NO_WEBSITE,no website on the Google listing,,9816 7267,https://maps.google.com/?cid=10484891061761578781&g_mp=Cidnb29nbGUubWFwcy5wbGFjZXMudjEuUGxhY2VzLlNlYXJjaFRleHQQAhgEIAA,2026-08-20
Hot,FORTUNE FITNESS CENTER مركز الثروة للياقة,Gym,Muscat,NO_WEBSITE,no website on the Google listing,,7683 5305,https://maps.google.com/?cid=4184301803900234994&g_mp=Cidnb29nbGUubWFwcy5wbGFjZXMudjEuUGxhY2VzLlNlYXJjaFRleHQQAhgEIAA,2026-08-20
Hot,Forum Istanbul Turkish Restaurant,Restaurant,Sur,NO_WEBSITE,no website on the Google listing,,9667 7351,https://maps.google.com/?cid=6134636259235097445&g_mp=Cidnb29nbGUubWFwcy5wbGFjZXMudjEuUGxhY2VzLlNlYXJjaFRleHQQAhgEIAA,2026-08-20
Hot,Friends gents beauty parlour,Salon,Ruwi,NO_WEBSITE,no website on the Google listing,,7827 0535,https://maps.google.com/?cid=6076886278549528814&g_mp=Cidnb29nbGUubWFwcy5wbGFjZXMudjEuUGxhY2VzLlNlYXJjaFRleHQQAhgEIAA,2026-08-20
Hot,Fulk for Health Care,Medical clinic,Nizwa,NO_WEBSITE,no website on the Google listing,,9201 1989,https://maps.google.com/?cid=9292282691141371395&g_mp=Cidnb29nbGUubWFwcy5wbGFjZXMudjEuUGxhY2VzLlNlYXJjaFRleHQQAhgEIAA,2026-08-20
Hot,FURSAN SALALAH TRAVELS,Travel & tourism,Salalah,NO_WEBSITE,no website on the Google listing,,9311 3574,https://maps.google.com/?cid=4180673735634002996&g_mp=Cidnb29nbGUubWFwcy5wbGFjZXMudjEuUGxhY2VzLlNlYXJjaFRleHQQAhgEIAA,2026-08-20
Hot,Fusion Medicare Polyclinic - GP Laboratory الإندماج للعناية الطبية,Medical clinic,Muscat,NO_WEBSITE,no website on the Google listing,,9769 8004,https://maps.google.com/?cid=6456799808171330111&g_mp=Cidnb29nbGUubWFwcy5wbGFjZXMudjEuUGxhY2VzLlNlYXJjaFRleHQQAhgEIAA,2026-08-20
Hot,Future light medical complex,Medical clinic,Seeb,NO_WEBSITE,no website on the Google listing,,9145 3603,https://maps.google.com/?cid=324105578171458138&g_mp=Cidnb29nbGUubWFwcy5wbGFjZXMudjEuUGxhY2VzLlNlYXJjaFRleHQQAhgEIAA,2026-08-20
Hot,"Gal Biyabi Hair Dressing and Beauty Salon, Muscat",Salon,Ruwi,NO_WEBSITE,no website on the Google listing,,9942 4065,https://maps.google.com/?cid=13430369394618888147&g_mp=Cidnb29nbGUubWFwcy5wbGFjZXMudjEuUGxhY2VzLlNlYXJjaFRleHQQAhgEIAA,2026-08-20
Hot,Galasur Beauty Parlour,Salon,Sur,NO_WEBSITE,no website on the Google listing,,9481 4420,https://maps.google.com/?cid=9813159538126944340&g_mp=Cidnb29nbGUubWFwcy5wbGFjZXMudjEuUGxhY2VzLlNlYXJjaFRleHQQAhgEIAA,2026-08-20
Hot,GANESA FOR TRADING SPC,Trading company,Sur,NO_WEBSITE,no website on the Google listing,,7505 9105,https://maps.google.com/?cid=6735469370722430986&g_mp=Cidnb29nbGUubWFwcy5wbGFjZXMudjEuUGxhY2VzLlNlYXJjaFRleHQQAhgEIAA,2026-08-20
Hot,Gauranga Bhavan Pure Vegetarian Cafe SUR,Restaurant,Sur,NO_WEBSITE,no website on the Google listing,,7515 2011,https://maps.google.com/?cid=4567990479116874435&g_mp=Cidnb29nbGUubWFwcy5wbGFjZXMudjEuUGxhY2VzLlNlYXJjaFRleHQQAhgEIAA,2026-08-20
Hot,GENERAL STORES TRADING LLC,Trading company,Muscat,NO_WEBSITE,no website on the Google listing,,24 813021,https://maps.google.com/?cid=10543014214964556697&g_mp=Cidnb29nbGUubWFwcy5wbGFjZXMudjEuUGxhY2VzLlNlYXJjaFRleHQQAhgEIAA,2026-08-20
Hot,Generation Iron Gym,Gym,Muscat,NO_WEBSITE,no website on the Google listing,,9876 3366,https://maps.google.com/?cid=1306413471063624486&g_mp=Cidnb29nbGUubWFwcy5wbGFjZXMudjEuUGxhY2VzLlNlYXJjaFRleHQQAhgEIAA,2026-08-20
Hot,GENTLEMEN'S SALON & SPA CBD RUWI - Gents & Kids,Salon,Ruwi,NO_WEBSITE,no website on the Google listing,,9673 4019,https://maps.google.com/?cid=13593149395052831833&g_mp=Cidnb29nbGUubWFwcy5wbGFjZXMudjEuUGxhY2VzLlNlYXJjaFRleHQQAhgEIAA,2026-08-20
Hot,GHADEER SOHAR AL HADEETHAH TRADING CCTV CAMERA&WIFI NETWORK EXPART &,Trading company,Sohar,NO_WEBSITE,no website on the Google listing,,9745 5257,https://maps.google.com/?cid=14484646170671713943&g_mp=Cidnb29nbGUubWFwcy5wbGFjZXMudjEuUGxhY2VzLlNlYXJjaFRleHQQAhgEIAA,2026-08-20
Hot,GLAM UP Ladies Beauty parlour,Salon,Ruwi,NO_WEBSITE,no website on the Google listing,,7622 2102,https://maps.google.com/?cid=11450429688074277556&g_mp=Cidnb29nbGUubWFwcy5wbGFjZXMudjEuUGxhY2VzLlNlYXJjaFRleHQQAhgEIAA,2026-08-20
Hot,Glitter Glam Beauty Salon,Salon,Muscat,NO_WEBSITE,no website on the Google listing,,7503 2988,https://maps.google.com/?cid=8966052286995006018&g_mp=Cidnb29nbGUubWFwcy5wbGFjZXMudjEuUGxhY2VzLlNlYXJjaFRleHQQAhgEIAA,2026-08-20
Hot,Global Blooming Beauty Salon صالون جلوبال بلومينج للجمال,Salon,Muscat,NO_WEBSITE,no website on the Google listing,,9100 2559,https://maps.google.com/?cid=2009383711347390876&g_mp=Cidnb29nbGUubWFwcy5wbGFjZXMudjEuUGxhY2VzLlNlYXJjaFRleHQQAhgEIAA,2026-08-20
Hot,Global dental center,Dental clinic,Sohar,NO_WEBSITE,no website on the Google listing,,7414 3366,https://maps.google.com/?cid=3858784928372779052&g_mp=Cidnb29nbGUubWFwcy5wbGFjZXMudjEuUGxhY2VzLlNlYXJjaFRleHQQAhgEIAA,2026-08-20
Hot,Global luxury Rent a car تاجير السيارات,Car rental,Ruwi,NO_WEBSITE,no website on the Google listing,,7998 8484,https://maps.google.com/?cid=2407340030915342003&g_mp=Cidnb29nbGUubWFwcy5wbGFjZXMudjEuUGxhY2VzLlNlYXJjaFRleHQQAhgEIAA,2026-08-20
Hot,GLOBAL TRAVEL AND TOURISM,Travel & tourism,Ruwi,NO_WEBSITE,no website on the Google listing,,9109 6347,https://maps.google.com/?cid=8413154844312983693&g_mp=Cidnb29nbGUubWFwcy5wbGFjZXMudjEuUGxhY2VzLlNlYXJjaFRleHQQAhgEIAA,2026-08-20
Hot,Gold crown dental center مركز تاج الذهب لطب الأسنان,Dental clinic,Nizwa,NO_WEBSITE,no website on the Google listing,,7923 4969,https://maps.google.com/?cid=18083667437442140786&g_mp=Cidnb29nbGUubWFwcy5wbGFjZXMudjEuUGxhY2VzLlNlYXJjaFRleHQQAhgEIAA,2026-08-20
Hot,Golden Chopsticks Chinese Restaurant,Restaurant,Salalah,NO_WEBSITE,no website on the Google listing,,23 291400,https://maps.google.com/?cid=8957021673328188826&g_mp=Cidnb29nbGUubWFwcy5wbGFjZXMudjEuUGxhY2VzLlNlYXJjaFRleHQQAhgEIAA,2026-08-20
Hot,Golden ether Clinic,Medical clinic,Barka,NO_WEBSITE,no website on the Google listing,,9609 9665,https://maps.google.com/?cid=11192846752312424678&g_mp=Cidnb29nbGUubWFwcy5wbGFjZXMudjEuUGxhY2VzLlNlYXJjaFRleHQQAhgEIAA,2026-08-20
Hot,golden Fakher,Car rental,Sohar,NO_WEBSITE,no website on the Google listing,,7106 6168,https://maps.google.com/?cid=12847814312660265610&g_mp=Cidnb29nbGUubWFwcy5wbGFjZXMudjEuUGxhY2VzLlNlYXJjaFRleHQQAhgEIAA,2026-08-20
Hot,Golden Field Trading Co. L.L.C.,Trading company,Ruwi,NO_WEBSITE,no website on the Google listing,,24 812072,https://maps.google.com/?cid=16160591158476794392&g_mp=Cidnb29nbGUubWFwcy5wbGFjZXMudjEuUGxhY2VzLlNlYXJjaFRleHQQAhgEIAA,2026-08-20
Hot,Golden Moon Restaurant,Restaurant,Seeb,NO_WEBSITE,no website on the Google listing,,7635 8999,https://maps.google.com/?cid=9817969490833501892&g_mp=Cidnb29nbGUubWFwcy5wbGFjZXMudjEuUGxhY2VzLlNlYXJjaFRleHQQAhgEIAA,2026-08-20
Hot,Golden Oryx Restaurant مطعم المها الذهبي - روي,Restaurant,Ruwi,NO_WEBSITE,no website on the Google listing,,24 702266,https://maps.google.com/?cid=18346810345262720158&g_mp=Cidnb29nbGUubWFwcy5wbGFjZXMudjEuUGxhY2VzLlNlYXJjaFRleHQQAhgEIAA,2026-08-20
Hot,Golden Pride Beauty Parlor,Salon,Muscat,NO_WEBSITE,no website on the Google listing,,9709 2431,https://maps.google.com/?cid=17572495126682455003&g_mp=Cidnb29nbGUubWFwcy5wbGFjZXMudjEuUGxhY2VzLlNlYXJjaFRleHQQAhgEIAA,2026-08-20
Hot,Government VISA Medical Center Al Seeb,Medical clinic,Seeb,NO_WEBSITE,no website on the Google listing,,24 459701,https://maps.google.com/?cid=973028935607593459&g_mp=Cidnb29nbGUubWFwcy5wbGFjZXMudjEuUGxhY2VzLlNlYXJjaFRleHQQAhgEIAA,2026-08-20
Hot,Grand chef - Barka,Restaurant,Barka,NO_WEBSITE,no website on the Google listing,,9779 8991,https://maps.google.com/?cid=12558068610677282790&g_mp=Cidnb29nbGUubWFwcy5wbGFjZXMudjEuUGxhY2VzLlNlYXJjaFRleHQQAhgEIAA,2026-08-20
Hot,Grand Tours LLC Regional Office( Salalah),Travel & tourism,Salalah,NO_WEBSITE,no website on the Google listing,,7688 5557,https://maps.google.com/?cid=4265036323692492844&g_mp=Cidnb29nbGUubWFwcy5wbGFjZXMudjEuUGxhY2VzLlNlYXJjaFRleHQQAhgEIAA,2026-08-20
Hot,Grandspa oman,Salon,Muscat,NO_WEBSITE,no website on the Google listing,,24 613453,https://maps.google.com/?cid=4126257228984052855&g_mp=Cidnb29nbGUubWFwcy5wbGFjZXMudjEuUGxhY2VzLlNlYXJjaFRleHQQAhgEIAA,2026-08-20
Hot,Graven spa & hair salon,Salon,Salalah,NO_WEBSITE,no website on the Google listing,,7910 0278,https://maps.google.com/?cid=3323529882322202687&g_mp=Cidnb29nbGUubWFwcy5wbGFjZXMudjEuUGxhY2VzLlNlYXJjaFRleHQQAhgEIAA,2026-08-20
Hot,Great Wall Hot Pot Nizwa,Restaurant,Nizwa,NO_WEBSITE,no website on the Google listing,,7973 5767,https://maps.google.com/?cid=12375174051514284559&g_mp=Cidnb29nbGUubWFwcy5wbGFjZXMudjEuUGxhY2VzLlNlYXJjaFRleHQQAhgEIAA,2026-08-20
Hot,GUJARATI RASOI,Restaurant,Al Khuwair,NO_WEBSITE,no website on the Google listing,,7980 2301,https://maps.google.com/?cid=8793706200738827448&g_mp=Cidnb29nbGUubWFwcy5wbGFjZXMudjEuUGxhY2VzLlNlYXJjaFRleHQQAhgEIAA,2026-08-20
Hot,Gulan thattukada (ഗുലാൻ തട്ടുകട) Restaurant,Restaurant,Salalah,NO_WEBSITE,no website on the Google listing,,9670 7682,https://maps.google.com/?cid=4655297283195305021&g_mp=Cidnb29nbGUubWFwcy5wbGFjZXMudjEuUGxhY2VzLlNlYXJjaFRleHQQAhgEIAA,2026-08-20
Hot,Gulf Falcon International Trading & Business,Trading company,Barka,NO_WEBSITE,no website on the Google listing,,9425 1995,https://maps.google.com/?cid=5823934864050290330&g_mp=Cidnb29nbGUubWFwcy5wbGFjZXMudjEuUGxhY2VzLlNlYXJjaFRleHQQAhgEIAA,2026-08-20
Hot,Gulf Line Express Trading LLC [GLE] Sohar,Trading company,Sohar,NO_WEBSITE,no website on the Google listing,,9149 7293,https://maps.google.com/?cid=3538563076882131437&g_mp=Cidnb29nbGUubWFwcy5wbGFjZXMudjEuUGxhY2VzLlNlYXJjaFRleHQQAhgEIAA,2026-08-20
Hot,Gulf Premier Speciality Dental Centre LLC(Licence No:3425),Dental clinic,Barka,NO_WEBSITE,no website on the Google listing,,26 884334,https://maps.google.com/?cid=473196650779956302&g_mp=Cidnb29nbGUubWFwcy5wbGFjZXMudjEuUGxhY2VzLlNlYXJjaFRleHQQAhgEIAA,2026-08-20
Hot,Gulf Property World Oman,Real estate,Al Khuwair,NO_WEBSITE,no website on the Google listing,,9944 5520,https://maps.google.com/?cid=2206017356457339202&g_mp=Cidnb29nbGUubWFwcy5wbGFjZXMudjEuUGxhY2VzLlNlYXJjaFRleHQQAhgEIAA,2026-08-20
Hot,Gulf wings travels and tours,Travel & tourism,Barka,NO_WEBSITE,no website on the Google listing,,9581 4331,https://maps.google.com/?cid=5976153121299212890&g_mp=Cidnb29nbGUubWFwcy5wbGFjZXMudjEuUGxhY2VzLlNlYXJjaFRleHQQAhgEIAA,2026-08-20
Hot,GYM,Gym,Muscat,NO_WEBSITE,no website on the Google listing,,9187 2678,https://maps.google.com/?cid=12997613848816462143&g_mp=Cidnb29nbGUubWFwcy5wbGFjZXMudjEuUGxhY2VzLlNlYXJjaFRleHQQAhgEIAA,2026-08-20
Hot,Habibi Cafe,Restaurant,Seeb,NO_WEBSITE,no website on the Google listing,,9139 4175,https://maps.google.com/?cid=9862967430306692892&g_mp=Cidnb29nbGUubWFwcy5wbGFjZXMudjEuUGxhY2VzLlNlYXJjaFRleHQQAhgEIAA,2026-08-20
Hot,Hadeel beauty,Salon,Seeb,NO_WEBSITE,no website on the Google listing,,9396 7881,https://maps.google.com/?cid=8170799696580342241&g_mp=Cidnb29nbGUubWFwcy5wbGFjZXMudjEuUGxhY2VzLlNlYXJjaFRleHQQAhgEIAA,2026-08-20
Hot,Haider Tour & Travels,Travel & tourism,Barka,NO_WEBSITE,no website on the Google listing,,9460 8777,https://maps.google.com/?cid=4935376936505941548&g_mp=Cidnb29nbGUubWFwcy5wbGFjZXMudjEuUGxhY2VzLlNlYXJjaFRleHQQAhgEIAA,2026-08-20
Hot,Hair Dressing & maan's saloon,Salon,Salalah,NO_WEBSITE,no website on the Google listing,,7137 5174,https://maps.google.com/?cid=14995672040266182183&g_mp=Cidnb29nbGUubWFwcy5wbGFjZXMudjEuUGxhY2VzLlNlYXJjaFRleHQQAhgEIAA,2026-08-20
Hot,Haitham Al Yahyai Dental Clinic,Dental clinic,Sohar,NO_WEBSITE,no website on the Google listing,,9297 9087,https://maps.google.com/?cid=7347418496337248198&g_mp=Cidnb29nbGUubWFwcy5wbGFjZXMudjEuUGxhY2VzLlNlYXJjaFRleHQQAhgEIAA,2026-08-20
Hot,Hakkai - Al Khuwair,Restaurant,Al Khuwair,NO_WEBSITE,no website on the Google listing,,9212 6124,https://maps.google.com/?cid=11142689779083517686&g_mp=Cidnb29nbGUubWFwcy5wbGFjZXMudjEuUGxhY2VzLlNlYXJjaFRleHQQAhgEIAA,2026-08-20
Hot,Halla Salalah Travel and Tours,Travel & tourism,Salalah,NO_WEBSITE,no website on the Google listing,,9883 4473,https://maps.google.com/?cid=17044005736111238837&g_mp=Cidnb29nbGUubWFwcy5wbGFjZXMudjEuUGxhY2VzLlNlYXJjaFRleHQQAhgEIAA,2026-08-20
Hot,Hamdy Zahran Car Rental Company,Car rental,Al Khuwair,NO_WEBSITE,no website on the Google listing,,9709 3888,https://maps.google.com/?cid=1989688440914790168&g_mp=Cidnb29nbGUubWFwcy5wbGFjZXMudjEuUGxhY2VzLlNlYXJjaFRleHQQAhgEIAA,2026-08-20
Hot,Hamra Restaurant & Sheesha Lounge,Restaurant,Muscat,NO_WEBSITE,no website on the Google listing,,7269 9000,https://maps.google.com/?cid=1235431902852321750&g_mp=Cidnb29nbGUubWFwcy5wbGFjZXMudjEuUGxhY2VzLlNlYXJjaFRleHQQAhgEIAA,2026-08-20
Hot,Happiness Dental House Centre مركز دار السعاده للاسنان,Medical clinic,Nizwa,NO_WEBSITE,no website on the Google listing,,9266 1777,https://maps.google.com/?cid=8744586573658449543&g_mp=Cidnb29nbGUubWFwcy5wbGFjZXMudjEuUGxhY2VzLlNlYXJjaFRleHQQAhgEIAA,2026-08-20
Hot,Haroon Dental Clinic,Dental clinic,Nizwa,NO_WEBSITE,no website on the Google listing,,9118 8159,https://maps.google.com/?cid=475680327059670100&g_mp=Cidnb29nbGUubWFwcy5wbGFjZXMudjEuUGxhY2VzLlNlYXJjaFRleHQQAhgEIAA,2026-08-20
Hot,Hasna Sur Beauty Parlour,Salon,Sur,NO_WEBSITE,no website on the Google listing,,9977 1763,https://maps.google.com/?cid=567879287627853523&g_mp=Cidnb29nbGUubWFwcy5wbGFjZXMudjEuUGxhY2VzLlNlYXJjaFRleHQQAhgEIAA,2026-08-20
Hot,Haya beauty parlour,Salon,Salalah,NO_WEBSITE,no website on the Google listing,,9909 2464,https://maps.google.com/?cid=6856141301808246841&g_mp=Cidnb29nbGUubWFwcy5wbGFjZXMudjEuUGxhY2VzLlNlYXJjaFRleHQQAhgEIAA,2026-08-20
Hot,Health and Happiness Pharmacy / صيدلية الصحة و السعادة,Medical clinic,Nizwa,NO_WEBSITE,no website on the Google listing,,9925 9955,https://maps.google.com/?cid=17854203047979835368&g_mp=Cidnb29nbGUubWFwcy5wbGFjZXMudjEuUGxhY2VzLlNlYXJjaFRleHQQAhgEIAA,2026-08-20
Hot,Health Club Fitness And Gymnastic Center,Gym,Salalah,NO_WEBSITE,no website on the Google listing,,9061 1943,https://maps.google.com/?cid=13502604947619449534&g_mp=Cidnb29nbGUubWFwcy5wbGFjZXMudjEuUGxhY2VzLlNlYXJjaFRleHQQAhgEIAA,2026-08-20
Hot,Health future dental care /مركز مستقبل الصحة للأسنان,Dental clinic,Al Khuwair,NO_WEBSITE,no website on the Google listing,,9200 9073,https://maps.google.com/?cid=11891479940103142974&g_mp=Cidnb29nbGUubWFwcy5wbGFjZXMudjEuUGxhY2VzLlNlYXJjaFRleHQQAhgEIAA,2026-08-20
Hot,Health Time Clinic,Medical clinic,Seeb,NO_WEBSITE,no website on the Google listing,,24 446292,https://maps.google.com/?cid=14153361499315401345&g_mp=Cidnb29nbGUubWFwcy5wbGFjZXMudjEuUGxhY2VzLlNlYXJjaFRleHQQAhgEIAA,2026-08-20
Hot,HEGAZ SALALAH TRADING CO,Trading company,Salalah,NO_WEBSITE,no website on the Google listing,,9929 5083,https://maps.google.com/?cid=4924529219418428739&g_mp=Cidnb29nbGUubWFwcy5wbGFjZXMudjEuUGxhY2VzLlNlYXJjaFRleHQQAhgEIAA,2026-08-20
Hot,Hertz Car Rental,Car rental,Sur,NO_WEBSITE,no website on the Google listing,,24 356281,https://maps.google.com/?cid=8726442080797162821&g_mp=Cidnb29nbGUubWFwcy5wbGFjZXMudjEuUGxhY2VzLlNlYXJjaFRleHQQAhgEIAA,2026-08-20
Hot,Hezem al mostakbal beauty salon Sohar,Salon,Sohar,NO_WEBSITE,no website on the Google listing,,7903 5266,https://maps.google.com/?cid=12551858456126161155&g_mp=Cidnb29nbGUubWFwcy5wbGFjZXMudjEuUGxhY2VzLlNlYXJjaFRleHQQAhgEIAA,2026-08-20
Hot,High green Mountain trading co barka branch,Trading company,Barka,NO_WEBSITE,no website on the Google listing,,9331 1333,https://maps.google.com/?cid=5679415488262427823&g_mp=Cidnb29nbGUubWFwcy5wbGFjZXMudjEuUGxhY2VzLlNlYXJjaFRleHQQAhgEIAA,2026-08-20
Hot,Hip & Knee Replacement Surgeon - Dr Biswajit Baruah,Medical clinic,Ruwi,NO_WEBSITE,no website on the Google listing,,7154 5984,https://maps.google.com/?cid=15499585363909184414&g_mp=Cidnb29nbGUubWFwcy5wbGFjZXMudjEuUGxhY2VzLlNlYXJjaFRleHQQAhgEIAA,2026-08-20
Hot,Hisan Al Faghri Scrap Trading & Contracting Co. حسن الفجري للسكراب,Trading company,Sur,NO_WEBSITE,no website on the Google listing,,9933 2822,https://maps.google.com/?cid=13746899704919285710&g_mp=Cidnb29nbGUubWFwcy5wbGFjZXMudjEuUGxhY2VzLlNlYXJjaFRleHQQAhgEIAA,2026-08-20
Hot,Hope Race International School روضة سباق الأمل الخاصة,Private school,Muscat,NO_WEBSITE,no website on the Google listing,,9233 9864,https://maps.google.com/?cid=485587958405572802&g_mp=Cidnb29nbGUubWFwcy5wbGFjZXMudjEuUGxhY2VzLlNlYXJjaFRleHQQAhgEIAA,2026-08-20
Hot,"Horizon Dental Clinic, Dr.Satheesh Kumar",Medical clinic,Ruwi,NO_WEBSITE,no website on the Google listing,,7987 8645,https://maps.google.com/?cid=9264406892665824290&g_mp=Cidnb29nbGUubWFwcy5wbGFjZXMudjEuUGxhY2VzLlNlYXJjaFRleHQQAhgEIAA,2026-08-20
Hot,House of Elite Restaurant,Restaurant,Salalah,NO_WEBSITE,no website on the Google listing,,7217 7447,https://maps.google.com/?cid=5125248282504221854&g_mp=Cidnb29nbGUubWFwcy5wbGFjZXMudjEuUGxhY2VzLlNlYXJjaFRleHQQAhgEIAA,2026-08-20
Hot,Hyderabad Palace Barka,Restaurant,Barka,NO_WEBSITE,no website on the Google listing,,9978 5511,https://maps.google.com/?cid=16659074382022209331&g_mp=Cidnb29nbGUubWFwcy5wbGFjZXMudjEuUGxhY2VzLlNlYXJjaFRleHQQAhgEIAA,2026-08-20
Hot,Hyderabad Parivar Restaurant,Restaurant,Al Khuwair,NO_WEBSITE,no website on the Google listing,,7897 5968,https://maps.google.com/?cid=675450531588260075&g_mp=Cidnb29nbGUubWFwcy5wbGFjZXMudjEuUGxhY2VzLlNlYXJjaFRleHQQAhgEIAA,2026-08-20
Hot,Hyderabadi Dainty,Restaurant,Nizwa,NO_WEBSITE,no website on the Google listing,,9353 5030,https://maps.google.com/?cid=8351237154456055468&g_mp=Cidnb29nbGUubWFwcy5wbGFjZXMudjEuUGxhY2VzLlNlYXJjaFRleHQQAhgEIAA,2026-08-20
Hot,Hyderabadi Darbar - Sohar,Restaurant,Sohar,NO_WEBSITE,no website on the Google listing,,7136 1177,https://maps.google.com/?cid=16181830001867917597&g_mp=Cidnb29nbGUubWFwcy5wbGFjZXMudjEuUGxhY2VzLlNlYXJjaFRleHQQAhgEIAA,2026-08-20
Hot,Hyderabadi Kitchen,Restaurant,Al Khuwair,NO_WEBSITE,no website on the Google listing,,9657 2181,https://maps.google.com/?cid=15017665210867554563&g_mp=Cidnb29nbGUubWFwcy5wbGFjZXMudjEuUGxhY2VzLlNlYXJjaFRleHQQAhgEIAA,2026-08-20
Hot,Ibn Khaldoun Private School,Private school,Ruwi,NO_WEBSITE,no website on the Google listing,,9593 1603,https://maps.google.com/?cid=16470797080914540765&g_mp=Cidnb29nbGUubWFwcy5wbGFjZXMudjEuUGxhY2VzLlNlYXJjaFRleHQQAhgEIAA,2026-08-20
Hot,Ibthaj Muscat Trading & Contracting LLC (IMTC),Contractor,Muscat,NO_WEBSITE,no website on the Google listing,,24 815377,https://maps.google.com/?cid=244928125295319824&g_mp=Cidnb29nbGUubWFwcy5wbGFjZXMudjEuUGxhY2VzLlNlYXJjaFRleHQQAhgEIAA,2026-08-20
Hot,Ice Fusion,Restaurant,Barka,NO_WEBSITE,no website on the Google listing,,7865 0789,https://maps.google.com/?cid=18212070311702942403&g_mp=Cidnb29nbGUubWFwcy5wbGFjZXMudjEuUGxhY2VzLlNlYXJjaFRleHQQAhgEIAA,2026-08-20
Hot,ICH TRADING AND CONTRACTING COMPANY LLC,Contractor,Ruwi,NO_WEBSITE,no website on the Google listing,,24 857787,https://maps.google.com/?cid=5699049570813271840&g_mp=Cidnb29nbGUubWFwcy5wbGFjZXMudjEuUGxhY2VzLlNlYXJjaFRleHQQAhgEIAA,2026-08-20
Hot,IMC Sugar Apollo,Medical clinic,Ruwi,NO_WEBSITE,no website on the Google listing,,24 794501,https://maps.google.com/?cid=9176365412997005980&g_mp=Cidnb29nbGUubWFwcy5wbGFjZXMudjEuUGxhY2VzLlNlYXJjaFRleHQQAhgEIAA,2026-08-20
Hot,Indian Dental & Orthodontic center suwaihra,Dental clinic,Sohar,NO_WEBSITE,no website on the Google listing,,7716 3786,https://maps.google.com/?cid=2618560013643203130&g_mp=Cidnb29nbGUubWFwcy5wbGFjZXMudjEuUGxhY2VzLlNlYXJjaFRleHQQAhgEIAA,2026-08-20
Hot,Infit wellness ladies gym,Gym,Seeb,NO_WEBSITE,no website on the Google listing,,7200 9006,https://maps.google.com/?cid=7298512088045485034&g_mp=Cidnb29nbGUubWFwcy5wbGFjZXMudjEuUGxhY2VzLlNlYXJjaFRleHQQAhgEIAA,2026-08-20
Hot,Iranian Medical Centre,Medical clinic,Muscat,NO_WEBSITE,no website on the Google listing,,9571 7211,https://maps.google.com/?cid=7835785506366430665&g_mp=Cidnb29nbGUubWFwcy5wbGFjZXMudjEuUGxhY2VzLlNlYXJjaFRleHQQAhgEIAA,2026-08-20
Hot,IRANIAN MORZ Restaurant,Restaurant,Nizwa,NO_WEBSITE,no website on the Google listing,,7164 0866,https://maps.google.com/?cid=17185033555571950237&g_mp=Cidnb29nbGUubWFwcy5wbGFjZXMudjEuUGxhY2VzLlNlYXJjaFRleHQQAhgEIAA,2026-08-20
Hot,Irth | إرث,Car rental,Nizwa,NO_WEBSITE,no website on the Google listing,,7742 0002,https://maps.google.com/?cid=8069367240432707286&g_mp=Cidnb29nbGUubWFwcy5wbGFjZXMudjEuUGxhY2VzLlNlYXJjaFRleHQQAhgEIAA,2026-08-20
Hot,Iskan Contracting Co. LLC. الإسكان للمقاولات,Contractor,Muscat,NO_WEBSITE,no website on the Google listing,,24 597205,https://maps.google.com/?cid=15943132230807853402&g_mp=Cidnb29nbGUubWFwcy5wbGFjZXMudjEuUGxhY2VzLlNlYXJjaFRleHQQAhgEIAA,2026-08-20
Hot,ISO BEAUTY SALON صالون ايسو للتجميل,Salon,Seeb,NO_WEBSITE,no website on the Google listing,,9891 9896,https://maps.google.com/?cid=17014392290325220339&g_mp=Cidnb29nbGUubWFwcy5wbGFjZXMudjEuUGxhY2VzLlNlYXJjaFRleHQQAhgEIAA,2026-08-20
Hot,issa nasser dental clinic,Dental clinic,Nizwa,NO_WEBSITE,no website on the Google listing,,25 410640,https://maps.google.com/?cid=12842706378123672936&g_mp=Cidnb29nbGUubWFwcy5wbGFjZXMudjEuUGxhY2VzLlNlYXJjaFRleHQQAhgEIAA,2026-08-20
Hot,Janat Al Ghadeer جنة الغدير,Salon,Ruwi,NO_WEBSITE,no website on the Google listing,,9495 3939,https://maps.google.com/?cid=18294528785060979305&g_mp=Cidnb29nbGUubWFwcy5wbGFjZXMudjEuUGxhY2VzLlNlYXJjaFRleHQQAhgEIAA,2026-08-20
Hot,Jasmine beauty and spa muscat,Salon,Muscat,NO_WEBSITE,no website on the Google listing,,7100 7656,https://maps.google.com/?cid=7816830064803819640&g_mp=Cidnb29nbGUubWFwcy5wbGFjZXMudjEuUGxhY2VzLlNlYXJjaFRleHQQAhgEIAA,2026-08-20
Hot,Jasmine For Her - Azaiba مركز الياسمين لها للياقة,Gym,Muscat,NO_WEBSITE,no website on the Google listing,,24 596172,https://maps.google.com/?cid=10525082828223306514&g_mp=Cidnb29nbGUubWFwcy5wbGFjZXMudjEuUGxhY2VzLlNlYXJjaFRleHQQAhgEIAA,2026-08-20
Hot,Jawharth Ladies Beauty Parlor,Salon,Barka,NO_WEBSITE,no website on the Google listing,,9817 9786,https://maps.google.com/?cid=6737069343855377712&g_mp=Cidnb29nbGUubWFwcy5wbGFjZXMudjEuUGxhY2VzLlNlYXJjaFRleHQQAhgEIAA,2026-08-20
Hot,jeeku Saloon,Salon,Barka,NO_WEBSITE,no website on the Google listing,,9848 7410,https://maps.google.com/?cid=3299141202755718894&g_mp=Cidnb29nbGUubWFwcy5wbGFjZXMudjEuUGxhY2VzLlNlYXJjaFRleHQQAhgEIAA,2026-08-20
Hot,Jenny's Beauty Salon - Ruwi Branch,Salon,Ruwi,NO_WEBSITE,no website on the Google listing,,7729 7887,https://maps.google.com/?cid=13817567435845049258&g_mp=Cidnb29nbGUubWFwcy5wbGFjZXMudjEuUGxhY2VzLlNlYXJjaFRleHQQAhgEIAA,2026-08-20
Hot,Jibal Al Madina Global L.L.C (JMG Oman),Contractor,Nizwa,NO_WEBSITE,no website on the Google listing,,9666 2727,https://maps.google.com/?cid=4740542312340350411&g_mp=Cidnb29nbGUubWFwcy5wbGFjZXMudjEuUGxhY2VzLlNlYXJjaFRleHQQAhgEIAA,2026-08-20
Hot,JOTUN PAINTS - AL AWWAL BUSINESS TRADING. BARKA SOUQ,Trading company,Barka,NO_WEBSITE,no website on the Google listing,,9460 7674,https://maps.google.com/?cid=105323088852200296&g_mp=Cidnb29nbGUubWFwcy5wbGFjZXMudjEuUGxhY2VzLlNlYXJjaFRleHQQAhgEIAA,2026-08-20
Hot,Just smile dental clinic,Dental clinic,Salalah,NO_WEBSITE,no website on the Google listing,,9863 2227,https://maps.google.com/?cid=3258785770227972350&g_mp=Cidnb29nbGUubWFwcy5wbGFjZXMudjEuUGxhY2VzLlNlYXJjaFRleHQQAhgEIAA,2026-08-20
Hot,KAHAL AL AYOON LADIES FITNESS CENTER,Gym,Sur,NO_WEBSITE,no website on the Google listing,,9974 7455,https://maps.google.com/?cid=2055856425611322897&g_mp=Cidnb29nbGUubWFwcy5wbGFjZXMudjEuUGxhY2VzLlNlYXJjaFRleHQQAhgEIAA,2026-08-20
Hot,Kahani Restaurant Sohar,Restaurant,Sohar,NO_WEBSITE,no website on the Google listing,,9934 1643,https://maps.google.com/?cid=10537320973393762891&g_mp=Cidnb29nbGUubWFwcy5wbGFjZXMudjEuUGxhY2VzLlNlYXJjaFRleHQQAhgEIAA,2026-08-20
Hot,Kairali Palace Restaurant,Restaurant,Ruwi,NO_WEBSITE,no website on the Google listing,,9570 5020,https://maps.google.com/?cid=1045333546700969425&g_mp=Cidnb29nbGUubWFwcy5wbGFjZXMudjEuUGxhY2VzLlNlYXJjaFRleHQQAhgEIAA,2026-08-20
Hot,KALAVARA. NIZWA.OMAN,Restaurant,Nizwa,NO_WEBSITE,no website on the Google listing,,7255 1151,https://maps.google.com/?cid=4395748777751410743&g_mp=Cidnb29nbGUubWFwcy5wbGFjZXMudjEuUGxhY2VzLlNlYXJjaFRleHQQAhgEIAA,2026-08-20
Hot,Kamat Restaurant مطعم كامات النباتي,Restaurant,Ruwi,NO_WEBSITE,no website on the Google listing,,24 793355,https://maps.google.com/?cid=11501970763251435748&g_mp=Cidnb29nbGUubWFwcy5wbGFjZXMudjEuUGxhY2VzLlNlYXJjaFRleHQQAhgEIAA,2026-08-20
Hot,Kannur Darbar Restaurant مطعم كانور دربار,Restaurant,Ruwi,NO_WEBSITE,no website on the Google listing,,9804 8262,https://maps.google.com/?cid=7392589686664569786&g_mp=Cidnb29nbGUubWFwcy5wbGFjZXMudjEuUGxhY2VzLlNlYXJjaFRleHQQAhgEIAA,2026-08-20
Hot,Kashan Medical Center,Medical clinic,Barka,NO_WEBSITE,no website on the Google listing,,26 884977,https://maps.google.com/?cid=14216976079413681936&g_mp=Cidnb29nbGUubWFwcy5wbGFjZXMudjEuUGxhY2VzLlNlYXJjaFRleHQQAhgEIAA,2026-08-20
Hot,KASHAN MEDICAL CENTER (AL MABILA) مركز قشن الطبي (المعبيلة),Medical clinic,Seeb,NO_WEBSITE,no website on the Google listing,,9360 2039,https://maps.google.com/?cid=12665851579089649018&g_mp=Cidnb29nbGUubWFwcy5wbGFjZXMudjEuUGxhY2VzLlNlYXJjaFRleHQQAhgEIAA,2026-08-20
Hot,Kashan Medical Center - Alghoubra,Medical clinic,Muscat,NO_WEBSITE,no website on the Google listing,,24 495909,https://maps.google.com/?cid=18304932669671754238&g_mp=Cidnb29nbGUubWFwcy5wbGFjZXMudjEuUGxhY2VzLlNlYXJjaFRleHQQAhgEIAA,2026-08-20
Hot,kawsar restaurant sur,Restaurant,Sur,NO_WEBSITE,no website on the Google listing,,9893 1936,https://maps.google.com/?cid=364901570102732307&g_mp=Cidnb29nbGUubWFwcy5wbGFjZXMudjEuUGxhY2VzLlNlYXJjaFRleHQQAhgEIAA,2026-08-20
Hot,"Kesar Restaurant & Sweet, CBD",Restaurant,Ruwi,NO_WEBSITE,no website on the Google listing,,24 706969,https://maps.google.com/?cid=15921509848255239384&g_mp=Cidnb29nbGUubWFwcy5wbGFjZXMudjEuUGxhY2VzLlNlYXJjaFRleHQQAhgEIAA,2026-08-20
Hot,Khairat al janoob Trading Co L L,Trading company,Salalah,NO_WEBSITE,no website on the Google listing,,23 297577,https://maps.google.com/?cid=13767878308141740812&g_mp=Cidnb29nbGUubWFwcy5wbGFjZXMudjEuUGxhY2VzLlNlYXJjaFRleHQQAhgEIAA,2026-08-20
Hot,Khalifa AlOmrani Dental clinic. خليفه العمرانى للاسنان,Dental clinic,Sohar,NO_WEBSITE,no website on the Google listing,,9690 9065,https://maps.google.com/?cid=16987671469608884712&g_mp=Cidnb29nbGUubWFwcy5wbGFjZXMudjEuUGxhY2VzLlNlYXJjaFRleHQQAhgEIAA,2026-08-20
Hot,Kharmah restaurant,Restaurant,Salalah,NO_WEBSITE,no website on the Google listing,,9724 2423,https://maps.google.com/?cid=9277993361578480443&g_mp=Cidnb29nbGUubWFwcy5wbGFjZXMudjEuUGxhY2VzLlNlYXJjaFRleHQQAhgEIAA,2026-08-20
Hot,KHAZAEN INTERNATIONAL TRADING LLC,Trading company,Barka,NO_WEBSITE,no website on the Google listing,,3689 4273,https://maps.google.com/?cid=17659783502181329183&g_mp=Cidnb29nbGUubWFwcy5wbGFjZXMudjEuUGxhY2VzLlNlYXJjaFRleHQQAhgEIAA,2026-08-20
Hot,Khimji Ramdas Construction LLC,Contractor,Sur,NO_WEBSITE,no website on the Google listing,,24 814820,https://maps.google.com/?cid=6877753838603995612&g_mp=Cidnb29nbGUubWFwcy5wbGFjZXMudjEuUGxhY2VzLlNlYXJjaFRleHQQAhgEIAA,2026-08-20
Hot,Kidz Star Salon,Salon,Barka,NO_WEBSITE,no website on the Google listing,,9285 3464,https://maps.google.com/?cid=1554869669209521948&g_mp=Cidnb29nbGUubWFwcy5wbGFjZXMudjEuUGxhY2VzLlNlYXJjaFRleHQQAhgEIAA,2026-08-20
Hot,King Hyderabadi Restaurant,Restaurant,Nizwa,NO_WEBSITE,no website on the Google listing,,7989 2357,https://maps.google.com/?cid=10591374804043170619&g_mp=Cidnb29nbGUubWFwcy5wbGFjZXMudjEuUGxhY2VzLlNlYXJjaFRleHQQAhgEIAA,2026-08-20
Hot,King Paratha Restaurant Ruwi,Restaurant,Ruwi,NO_WEBSITE,no website on the Google listing,,9818 0055,https://maps.google.com/?cid=2836951085226639206&g_mp=Cidnb29nbGUubWFwcy5wbGFjZXMudjEuUGxhY2VzLlNlYXJjaFRleHQQAhgEIAA,2026-08-20
Hot,Kingdom of eagle business building materials,Contractor,Salalah,NO_WEBSITE,no website on the Google listing,,9466 2258,https://maps.google.com/?cid=16338047717966988318&g_mp=Cidnb29nbGUubWFwcy5wbGFjZXMudjEuUGxhY2VzLlNlYXJjaFRleHQQAhgEIAA,2026-08-20
Hot,Knowledge Hopes Private School,Private school,Al Khuwair,NO_WEBSITE,no website on the Google listing,,7711 4337,https://maps.google.com/?cid=11681592936262799097&g_mp=Cidnb29nbGUubWFwcy5wbGFjZXMudjEuUGxhY2VzLlNlYXJjaFRleHQQAhgEIAA,2026-08-20
Hot,Knowledge Rays Private School,Private school,Sohar,NO_WEBSITE,no website on the Google listing,,9903 6308,https://maps.google.com/?cid=88066909379769790&g_mp=Cidnb29nbGUubWFwcy5wbGFjZXMudjEuUGxhY2VzLlNlYXJjaFRleHQQAhgEIAA,2026-08-20
Hot,"koni jamelty,مركز كوني جميلتي",Salon,Salalah,NO_WEBSITE,no website on the Google listing,,9814 8765,https://maps.google.com/?cid=1561421526716689298&g_mp=Cidnb29nbGUubWFwcy5wbGFjZXMudjEuUGxhY2VzLlNlYXJjaFRleHQQAhgEIAA,2026-08-20
Hot,Koottucurry Restaurant Mabela Road 7,Restaurant,Seeb,NO_WEBSITE,no website on the Google listing,,7864 1551,https://maps.google.com/?cid=16005393931593100003&g_mp=Cidnb29nbGUubWFwcy5wbGFjZXMudjEuUGxhY2VzLlNlYXJjaFRleHQQAhgEIAA,2026-08-20
Hot,KOREA BEAUTY SALON,Salon,Al Khuwair,NO_WEBSITE,no website on the Google listing,,9474 0585,https://maps.google.com/?cid=10386783483721409295&g_mp=Cidnb29nbGUubWFwcy5wbGFjZXMudjEuUGxhY2VzLlNlYXJjaFRleHQQAhgEIAA,2026-08-20
Hot,Korean Dental Center,Dental clinic,Al Khuwair,NO_WEBSITE,no website on the Google listing,,9282 2456,https://maps.google.com/?cid=4970596099977257420&g_mp=Cidnb29nbGUubWFwcy5wbGFjZXMudjEuUGxhY2VzLlNlYXJjaFRleHQQAhgEIAA,2026-08-20
Hot,Kwareg Restaurant,Restaurant,Nizwa,NO_WEBSITE,no website on the Google listing,,9249 9981,https://maps.google.com/?cid=999882705889182255&g_mp=Cidnb29nbGUubWFwcy5wbGFjZXMudjEuUGxhY2VzLlNlYXJjaFRleHQQAhgEIAA,2026-08-20
Hot,L.O.C Fitness Center,Gym,Sur,NO_WEBSITE,no website on the Google listing,,9454 1494,https://maps.google.com/?cid=13848836521375014498&g_mp=Cidnb29nbGUubWFwcy5wbGFjZXMudjEuUGxhY2VzLlNlYXJjaFRleHQQAhgEIAA,2026-08-20
Hot,La Dona beauty & spa,Salon,Barka,NO_WEBSITE,no website on the Google listing,,9567 5455,https://maps.google.com/?cid=122901052462367688&g_mp=Cidnb29nbGUubWFwcy5wbGFjZXMudjEuUGxhY2VzLlNlYXJjaFRleHQQAhgEIAA,2026-08-20
Hot,La Joven Beauty Salon,Salon,Muscat,NO_WEBSITE,no website on the Google listing,,9577 8670,https://maps.google.com/?cid=518441234894350688&g_mp=Cidnb29nbGUubWFwcy5wbGFjZXMudjEuUGxhY2VzLlNlYXJjaFRleHQQAhgEIAA,2026-08-20
Hot,La Rose Beauty Center,Salon,Seeb,NO_WEBSITE,no website on the Google listing,,24 074787,https://maps.google.com/?cid=14857111136088538807&g_mp=Cidnb29nbGUubWFwcy5wbGFjZXMudjEuUGxhY2VzLlNlYXJjaFRleHQQAhgEIAA,2026-08-20
Hot,Ladies Derma Clinic,Medical clinic,Sur,NO_WEBSITE,no website on the Google listing,,9178 5817,https://maps.google.com/?cid=3627201218531926603&g_mp=Cidnb29nbGUubWFwcy5wbGFjZXMudjEuUGxhY2VzLlNlYXJjaFRleHQQAhgEIAA,2026-08-20
Hot,Lama Polyclinic LLC Al Khuwair,Medical clinic,Al Khuwair,NO_WEBSITE,no website on the Google listing,,24 478818,https://maps.google.com/?cid=109405078329769127&g_mp=Cidnb29nbGUubWFwcy5wbGFjZXMudjEuUGxhY2VzLlNlYXJjaFRleHQQAhgEIAA,2026-08-20
Hot,Lamasat Saidaty Beauty Center,Salon,Salalah,NO_WEBSITE,no website on the Google listing,,9256 5563,https://maps.google.com/?cid=10523763091451937301&g_mp=Cidnb29nbGUubWFwcy5wbGFjZXMudjEuUGxhY2VzLlNlYXJjaFRleHQQAhgEIAA,2026-08-20
Hot,Lamsat laila beauty salon Nizwa,Salon,Nizwa,NO_WEBSITE,no website on the Google listing,,7863 3768,https://maps.google.com/?cid=15250209308877417710&g_mp=Cidnb29nbGUubWFwcy5wbGFjZXMudjEuUGxhY2VzLlNlYXJjaFRleHQQAhgEIAA,2026-08-20
Hot,Landmark Properties LLC المعالم للعقارات,Real estate,Al Khuwair,NO_WEBSITE,no website on the Google listing,,22 099619,https://maps.google.com/?cid=7980521730309048566&g_mp=Cidnb29nbGUubWFwcy5wbGFjZXMudjEuUGxhY2VzLlNlYXJjaFRleHQQAhgEIAA,2026-08-20
Hot,Lapizo لابيزو,Restaurant,Nizwa,NO_WEBSITE,no website on the Google listing,,9702 1091,https://maps.google.com/?cid=3521566152525338912&g_mp=Cidnb29nbGUubWFwcy5wbGFjZXMudjEuUGxhY2VzLlNlYXJjaFRleHQQAhgEIAA,2026-08-20
Hot,"Lavender Salon and Spa, Wadi Kabir",Salon,Sur,NO_WEBSITE,no website on the Google listing,,9785 7852,https://maps.google.com/?cid=5346329070446360690&g_mp=Cidnb29nbGUubWFwcy5wbGFjZXMudjEuUGxhY2VzLlNlYXJjaFRleHQQAhgEIAA,2026-08-20
Hot,LAVISH SPA & SALOON,Salon,Sohar,NO_WEBSITE,no website on the Google listing,,9700 2111,https://maps.google.com/?cid=9304139326409021117&g_mp=Cidnb29nbGUubWFwcy5wbGFjZXMudjEuUGxhY2VzLlNlYXJjaFRleHQQAhgEIAA,2026-08-20
Hot,Law firm office - Khalid bin Hamad Al Jabri Office Law Firm,Law firm,Al Khuwair,NO_WEBSITE,no website on the Google listing,,9661 1002,https://maps.google.com/?cid=6421629581045785762&g_mp=Cidnb29nbGUubWFwcy5wbGFjZXMudjEuUGxhY2VzLlNlYXJjaFRleHQQAhgEIAA,2026-08-20
Hot,Le Chic Beauty Salon,Salon,Seeb,NO_WEBSITE,no website on the Google listing,,7177 9889,https://maps.google.com/?cid=15965514057284187004&g_mp=Cidnb29nbGUubWFwcy5wbGFjZXMudjEuUGxhY2VzLlNlYXJjaFRleHQQAhgEIAA,2026-08-20
Hot,Le Posh,Salon,Barka,NO_WEBSITE,no website on the Google listing,,9138 3720,https://maps.google.com/?cid=13107945309776522280&g_mp=Cidnb29nbGUubWFwcy5wbGFjZXMudjEuUGxhY2VzLlNlYXJjaFRleHQQAhgEIAA,2026-08-20
Hot,Lebanese Dental Clinic المركز اللبناني للاسنان,Dental clinic,Muscat,NO_WEBSITE,no website on the Google listing,,9670 0335,https://maps.google.com/?cid=7180180139432876359&g_mp=Cidnb29nbGUubWFwcy5wbGFjZXMudjEuUGxhY2VzLlNlYXJjaFRleHQQAhgEIAA,2026-08-20
Hot,Legend Fitness,Gym,Sohar,NO_WEBSITE,no website on the Google listing,,9787 1959,https://maps.google.com/?cid=18086552434999341287&g_mp=Cidnb29nbGUubWFwcy5wbGFjZXMudjEuUGxhY2VzLlNlYXJjaFRleHQQAhgEIAA,2026-08-20
Hot,"Let’s Pink , by Nassra Beauty",Salon,Al Khuwair,NO_WEBSITE,no website on the Google listing,,9779 7738,https://maps.google.com/?cid=14719393812540801910&g_mp=Cidnb29nbGUubWFwcy5wbGFjZXMudjEuUGxhY2VzLlNlYXJjaFRleHQQAhgEIAA,2026-08-20
Hot,Life private school مدرسة الحياة الخاصة,Private school,Seeb,NO_WEBSITE,no website on the Google listing,,7220 5197,https://maps.google.com/?cid=9371551411335288410&g_mp=Cidnb29nbGUubWFwcy5wbGFjZXMudjEuUGxhY2VzLlNlYXJjaFRleHQQAhgEIAA,2026-08-20
Hot,Lifestyle GYM SLL,Gym,Salalah,NO_WEBSITE,no website on the Google listing,,7831 6545 ext. 97013579,https://maps.google.com/?cid=12702775692100086476&g_mp=Cidnb29nbGUubWFwcy5wbGFjZXMudjEuUGxhY2VzLlNlYXJjaFRleHQQAhgEIAA,2026-08-20
Hot,Lima Trading & Contracting LLC,Contractor,Ruwi,NO_WEBSITE,no website on the Google listing,,9934 9410,https://maps.google.com/?cid=15300476615015884338&g_mp=Cidnb29nbGUubWFwcy5wbGFjZXMudjEuUGxhY2VzLlNlYXJjaFRleHQQAhgEIAA,2026-08-20
Hot,Liya Medical Complex,Medical clinic,Salalah,NO_WEBSITE,no website on the Google listing,,23 225939,https://maps.google.com/?cid=12989037485343170115&g_mp=Cidnb29nbGUubWFwcy5wbGFjZXMudjEuUGxhY2VzLlNlYXJjaFRleHQQAhgEIAA,2026-08-20
Hot,Location Property | لوكيشن العقارية,Real estate,Seeb,NO_WEBSITE,no website on the Google listing,,7166 6610,https://maps.google.com/?cid=6796323813622251311&g_mp=Cidnb29nbGUubWFwcy5wbGFjZXMudjEuUGxhY2VzLlNlYXJjaFRleHQQAhgEIAA,2026-08-20
Hot,Lolia salon,Salon,Sur,NO_WEBSITE,no website on the Google listing,,9749 4910,https://maps.google.com/?cid=6823288262853509712&g_mp=Cidnb29nbGUubWFwcy5wbGFjZXMudjEuUGxhY2VzLlNlYXJjaFRleHQQAhgEIAA,2026-08-20
Hot,Loox Rent A Car,Car rental,Al Khuwair,NO_WEBSITE,no website on the Google listing,,9131 4234,https://maps.google.com/?cid=9662064659531974425&g_mp=Cidnb29nbGUubWFwcy5wbGFjZXMudjEuUGxhY2VzLlNlYXJjaFRleHQQAhgEIAA,2026-08-20
Hot,Lovian spa,Salon,Barka,NO_WEBSITE,no website on the Google listing,,9065 5953,https://maps.google.com/?cid=2618781395385615208&g_mp=Cidnb29nbGUubWFwcy5wbGFjZXMudjEuUGxhY2VzLlNlYXJjaFRleHQQAhgEIAA,2026-08-20
Hot,Lulu dental clinic ابتسامة اللؤلؤة للأسنان,Dental clinic,Sohar,NO_WEBSITE,no website on the Google listing,,9773 5532,https://maps.google.com/?cid=1320095664439778623&g_mp=Cidnb29nbGUubWFwcy5wbGFjZXMudjEuUGxhY2VzLlNlYXJjaFRleHQQAhgEIAA,2026-08-20
Hot,Lumident dental center,Dental clinic,Seeb,NO_WEBSITE,no website on the Google listing,,9257 8883,https://maps.google.com/?cid=15588334919738354941&g_mp=Cidnb29nbGUubWFwcy5wbGFjZXMudjEuUGxhY2VzLlNlYXJjaFRleHQQAhgEIAA,2026-08-20
Hot,Lupus Gym Oman,Gym,Seeb,NO_WEBSITE,no website on the Google listing,,9559 3558,https://maps.google.com/?cid=9220465331556432422&g_mp=Cidnb29nbGUubWFwcy5wbGFjZXMudjEuUGxhY2VzLlNlYXJjaFRleHQQAhgEIAA,2026-08-20
Hot,Luxera Beauty Salon,Salon,Salalah,NO_WEBSITE,no website on the Google listing,,7639 3636,https://maps.google.com/?cid=9102941841012116111&g_mp=Cidnb29nbGUubWFwcy5wbGFjZXMudjEuUGxhY2VzLlNlYXJjaFRleHQQAhgEIAA,2026-08-20
Hot,LYFT Wellness Ladies Fitness Center,Gym,Seeb,NO_WEBSITE,no website on the Google listing,,7144 9288,https://maps.google.com/?cid=12547300720626961208&g_mp=Cidnb29nbGUubWFwcy5wbGFjZXMudjEuUGxhY2VzLlNlYXJjaFRleHQQAhgEIAA,2026-08-20
Hot,M C Bobby Villa Hambar Sohar,Contractor,Sohar,NO_WEBSITE,no website on the Google listing,,9890 4175,https://maps.google.com/?cid=6123324980394224203&g_mp=Cidnb29nbGUubWFwcy5wbGFjZXMudjEuUGxhY2VzLlNlYXJjaFRleHQQAhgEIAA,2026-08-20
Hot,M&M RENT A CAR ام اند ام لتأجير السيارات,Car rental,Muscat,NO_WEBSITE,no website on the Google listing,,9477 8666,https://maps.google.com/?cid=17082368183594303724&g_mp=Cidnb29nbGUubWFwcy5wbGFjZXMudjEuUGxhY2VzLlNlYXJjaFRleHQQAhgEIAA,2026-08-20
Hot,MAAWA MEDICAL CLINIC عيادة مأوى الطبية,Medical clinic,Sohar,NO_WEBSITE,no website on the Google listing,,7273 9111,https://maps.google.com/?cid=16535164728134041422&g_mp=Cidnb29nbGUubWFwcy5wbGFjZXMudjEuUGxhY2VzLlNlYXJjaFRleHQQAhgEIAA,2026-08-20
Hot,Maher AL Shawa Restaurant ماهر الشواء,Restaurant,Barka,NO_WEBSITE,no website on the Google listing,,9425 1529,https://maps.google.com/?cid=2707237983572534891&g_mp=Cidnb29nbGUubWFwcy5wbGFjZXMudjEuUGxhY2VzLlNlYXJjaFRleHQQAhgEIAA,2026-08-20
Hot,Mahesh Mathradas Trading L.L.C,Trading company,Ruwi,NO_WEBSITE,no website on the Google listing,,9934 9701,https://maps.google.com/?cid=2793907860959910746&g_mp=Cidnb29nbGUubWFwcy5wbGFjZXMudjEuUGxhY2VzLlNlYXJjaFRleHQQAhgEIAA,2026-08-20
Hot,Majan International Agencies Travel & Tourism,Travel & tourism,Sohar,NO_WEBSITE,no website on the Google listing,,26 842383,https://maps.google.com/?cid=15372727450561245304&g_mp=Cidnb29nbGUubWFwcy5wbGFjZXMudjEuUGxhY2VzLlNlYXJjaFRleHQQAhgEIAA,2026-08-20
Hot,Malabar Days Restaurant مطعم أيام مالبار - الخوير,Restaurant,Al Khuwair,NO_WEBSITE,no website on the Google listing,,9813 6111,https://maps.google.com/?cid=9176703033804817622&g_mp=Cidnb29nbGUubWFwcy5wbGFjZXMudjEuUGxhY2VzLlNlYXJjaFRleHQQAhgEIAA,2026-08-20
Hot,Malabar House Restaurant,Restaurant,Barka,NO_WEBSITE,no website on the Google listing,,9016 4767,https://maps.google.com/?cid=3938321487600139994&g_mp=Cidnb29nbGUubWFwcy5wbGFjZXMudjEuUGxhY2VzLlNlYXJjaFRleHQQAhgEIAA,2026-08-20
Hot,Malabar kitchen,Restaurant,Ruwi,NO_WEBSITE,no website on the Google listing,,7908 8000,https://maps.google.com/?cid=12063253742357391853&g_mp=Cidnb29nbGUubWFwcy5wbGFjZXMudjEuUGxhY2VzLlNlYXJjaFRleHQQAhgEIAA,2026-08-20
Hot,MALABAR PARIS RESTAURANT,Restaurant,Sohar,NO_WEBSITE,no website on the Google listing,,9426 2727,https://maps.google.com/?cid=4448361999207244283&g_mp=Cidnb29nbGUubWFwcy5wbGFjZXMudjEuUGxhY2VzLlNlYXJjaFRleHQQAhgEIAA,2026-08-20
Hot,Manart Sur,Restaurant,Sur,NO_WEBSITE,no website on the Google listing,,9112 1563,https://maps.google.com/?cid=15378284848822557296&g_mp=Cidnb29nbGUubWFwcy5wbGFjZXMudjEuUGxhY2VzLlNlYXJjaFRleHQQAhgEIAA,2026-08-20
Hot,Manazel Al Khareef-New Salalah,Real estate,Salalah,NO_WEBSITE,no website on the Google listing,,7785 8384,https://maps.google.com/?cid=274022458442228802&g_mp=Cidnb29nbGUubWFwcy5wbGFjZXMudjEuUGxhY2VzLlNlYXJjaFRleHQQAhgEIAA,2026-08-20
Hot,Mandi Time,Restaurant,Seeb,NO_WEBSITE,no website on the Google listing,,7710 0011,https://maps.google.com/?cid=12892478514013063667&g_mp=Cidnb29nbGUubWFwcy5wbGFjZXMudjEuUGxhY2VzLlNlYXJjaFRleHQQAhgEIAA,2026-08-20
Hot,mani pedi ماني بيدي,Salon,Sohar,NO_WEBSITE,no website on the Google listing,,9248 8198,https://maps.google.com/?cid=16394884130938551033&g_mp=Cidnb29nbGUubWFwcy5wbGFjZXMudjEuUGxhY2VzLlNlYXJjaFRleHQQAhgEIAA,2026-08-20
Hot,Marahab Rent A Car,Car rental,Seeb,NO_WEBSITE,no website on the Google listing,,9552 2379,https://maps.google.com/?cid=2290014058324995289&g_mp=Cidnb29nbGUubWFwcy5wbGFjZXMudjEuUGxhY2VzLlNlYXJjaFRleHQQAhgEIAA,2026-08-20
Hot,Marahab Rent A Car,Car rental,Salalah,NO_WEBSITE,no website on the Google listing,,9944 7539,https://maps.google.com/?cid=9404835461502854595&g_mp=Cidnb29nbGUubWFwcy5wbGFjZXMudjEuUGxhY2VzLlNlYXJjaFRleHQQAhgEIAA,2026-08-20
Hot,Marhaba Restaurant Ruwi مطعم مرحبا روي,Restaurant,Ruwi,NO_WEBSITE,no website on the Google listing,,9799 2660,https://maps.google.com/?cid=17112654891814125897&g_mp=Cidnb29nbGUubWFwcy5wbGFjZXMudjEuUGxhY2VzLlNlYXJjaFRleHQQAhgEIAA,2026-08-20
Hot,Marina Rental Car Service Muscat,Car rental,Muscat,NO_WEBSITE,no website on the Google listing,,9488 7597,https://maps.google.com/?cid=2603228169958469605&g_mp=Cidnb29nbGUubWFwcy5wbGFjZXMudjEuUGxhY2VzLlNlYXJjaFRleHQQAhgEIAA,2026-08-20
Hot,Marmar Rent A Car,Car rental,Al Khuwair,NO_WEBSITE,no website on the Google listing,,9061 9161,https://maps.google.com/?cid=10188135284117600745&g_mp=Cidnb29nbGUubWFwcy5wbGFjZXMudjEuUGxhY2VzLlNlYXJjaFRleHQQAhgEIAA,2026-08-20
Hot,Marmul Travel & Tours - Al Khoud مرمول للسفر و السياحة- الخوض,Travel & tourism,Seeb,NO_WEBSITE,no website on the Google listing,,9926 5022,https://maps.google.com/?cid=11338751599486943654&g_mp=Cidnb29nbGUubWFwcy5wbGFjZXMudjEuUGxhY2VzLlNlYXJjaFRleHQQAhgEIAA,2026-08-20
Hot,MARMUL TRAVEL & TOURS - CENTRAL OPERATIONS OFFICE,Travel & tourism,Al Khuwair,NO_WEBSITE,no website on the Google listing,,24 478209,https://maps.google.com/?cid=257003426329931860&g_mp=Cidnb29nbGUubWFwcy5wbGFjZXMudjEuUGxhY2VzLlNlYXJjaFRleHQQAhgEIAA,2026-08-20
Hot,Marmul Travel & Tours -Barka مرمول للسفر والسياحة - بركاء,Travel & tourism,Barka,NO_WEBSITE,no website on the Google listing,,9805 9532,https://maps.google.com/?cid=12426329487978851724&g_mp=Cidnb29nbGUubWFwcy5wbGFjZXMudjEuUGxhY2VzLlNlYXJjaFRleHQQAhgEIAA,2026-08-20
Hot,Marmul Travel & Tours -Sohar,Travel & tourism,Sohar,NO_WEBSITE,no website on the Google listing,,9910 3732,https://maps.google.com/?cid=8393515502881341055&g_mp=Cidnb29nbGUubWFwcy5wbGFjZXMudjEuUGxhY2VzLlNlYXJjaFRleHQQAhgEIAA,2026-08-20
Hot,Marmul Travels & Tours - Ruwi,Travel & tourism,Ruwi,NO_WEBSITE,no website on the Google listing,,9572 9424,https://maps.google.com/?cid=12900057207376549365&g_mp=Cidnb29nbGUubWFwcy5wbGFjZXMudjEuUGxhY2VzLlNlYXJjaFRleHQQAhgEIAA,2026-08-20
Hot,Marsa Rent Car Oman,Car rental,Sohar,NO_WEBSITE,no website on the Google listing,,9360 4343,https://maps.google.com/?cid=17741143552945694728&g_mp=Cidnb29nbGUubWFwcy5wbGFjZXMudjEuUGxhY2VzLlNlYXJjaFRleHQQAhgEIAA,2026-08-20
Hot,Marshmallow salon,Salon,Seeb,NO_WEBSITE,no website on the Google listing,,9110 0616,https://maps.google.com/?cid=11918279244745153999&g_mp=Cidnb29nbGUubWFwcy5wbGFjZXMudjEuUGxhY2VzLlNlYXJjaFRleHQQAhgEIAA,2026-08-20
Hot,Marwan AL Baloushi Trading Homoeopathic Clinic,Medical clinic,Ruwi,NO_WEBSITE,no website on the Google listing,,9219 9233,https://maps.google.com/?cid=18275605007403481068&g_mp=Cidnb29nbGUubWFwcy5wbGFjZXMudjEuUGxhY2VzLlNlYXJjaFRleHQQAhgEIAA,2026-08-20
Hot,MARYAM HAIR STORY,Salon,Sur,NO_WEBSITE,no website on the Google listing,,9122 2086,https://maps.google.com/?cid=9268512210921058857&g_mp=Cidnb29nbGUubWFwcy5wbGFjZXMudjEuUGxhY2VzLlNlYXJjaFRleHQQAhgEIAA,2026-08-20
Hot,Mas,Car rental,Barka,NO_WEBSITE,no website on the Google listing,,9206 1641,https://maps.google.com/?cid=10279213366969478632&g_mp=Cidnb29nbGUubWFwcy5wbGFjZXMudjEuUGxhY2VzLlNlYXJjaFRleHQQAhgEIAA,2026-08-20
Hot,Masirah Dental Clinic And Pharmacy,Dental clinic,Sur,NO_WEBSITE,no website on the Google listing,,25 544033,https://maps.google.com/?cid=17852865389897147570&g_mp=Cidnb29nbGUubWFwcy5wbGFjZXMudjEuUGxhY2VzLlNlYXJjaFRleHQQAhgEIAA,2026-08-20
Hot,Mass Al Batinah Global Contracting,Contractor,Sohar,NO_WEBSITE,no website on the Google listing,,9460 4098,https://maps.google.com/?cid=1332008494837400894&g_mp=Cidnb29nbGUubWFwcy5wbGFjZXMudjEuUGxhY2VzLlNlYXJjaFRleHQQAhgEIAA,2026-08-20
Hot,MAYA'S Hair & Beauty Salon,Salon,Ruwi,NO_WEBSITE,no website on the Google listing,,9260 7658,https://maps.google.com/?cid=14996363084501094334&g_mp=Cidnb29nbGUubWFwcy5wbGFjZXMudjEuUGxhY2VzLlNlYXJjaFRleHQQAhgEIAA,2026-08-20
Hot,"Mazyonat Al-Sharq Trad, Beauty Parlour",Salon,Sohar,NO_WEBSITE,no website on the Google listing,,7902 8554,https://maps.google.com/?cid=1598783937146967961&g_mp=Cidnb29nbGUubWFwcy5wbGFjZXMudjEuUGxhY2VzLlNlYXJjaFRleHQQAhgEIAA,2026-08-20
Hot,MAZYOONA GOLDEN GULF TRADING,Trading company,Sohar,NO_WEBSITE,no website on the Google listing,,9822 2688,https://maps.google.com/?cid=10278819702388619738&g_mp=Cidnb29nbGUubWFwcy5wbGFjZXMudjEuUGxhY2VzLlNlYXJjaFRleHQQAhgEIAA,2026-08-20
Hot,Mazyuna Sohar Beauty (Ladies Saloon),Salon,Sohar,NO_WEBSITE,no website on the Google listing,,7992 9944,https://maps.google.com/?cid=17218779046883061283&g_mp=Cidnb29nbGUubWFwcy5wbGFjZXMudjEuUGxhY2VzLlNlYXJjaFRleHQQAhgEIAA,2026-08-20
Hot,MBM Trading & Contracting LLC,Contractor,Sohar,NO_WEBSITE,no website on the Google listing,,26 859153,https://maps.google.com/?cid=92939972375816439&g_mp=Cidnb29nbGUubWFwcy5wbGFjZXMudjEuUGxhY2VzLlNlYXJjaFRleHQQAhgEIAA,2026-08-20
Hot,Med palladium clinic,Medical clinic,Muscat,NO_WEBSITE,no website on the Google listing,,7706 4535,https://maps.google.com/?cid=17099519970461449537&g_mp=Cidnb29nbGUubWFwcy5wbGFjZXMudjEuUGxhY2VzLlNlYXJjaFRleHQQAhgEIAA,2026-08-20
Hot,MEDISCAN SOHAR,Medical clinic,Sohar,NO_WEBSITE,no website on the Google listing,,26 642928,https://maps.google.com/?cid=11918324917987014544&g_mp=Cidnb29nbGUubWFwcy5wbGFjZXMudjEuUGxhY2VzLlNlYXJjaFRleHQQAhgEIAA,2026-08-20
Hot,MEEM MEDICAL CENTRE SOHAR,Medical clinic,Sohar,NO_WEBSITE,no website on the Google listing,,9183 1784,https://maps.google.com/?cid=2332829231389145533&g_mp=Cidnb29nbGUubWFwcy5wbGFjZXMudjEuUGxhY2VzLlNlYXJjaFRleHQQAhgEIAA,2026-08-20
Hot,Meqdam al bahar trading مقدام البحار للتجارة,Trading company,Seeb,NO_WEBSITE,no website on the Google listing,,9073 0090,https://maps.google.com/?cid=10463398110930765723&g_mp=Cidnb29nbGUubWFwcy5wbGFjZXMudjEuUGxhY2VzLlNlYXJjaFRleHQQAhgEIAA,2026-08-20
Hot,Meraj Restaurant,Restaurant,Muscat,NO_WEBSITE,no website on the Google listing,,9471 9011,https://maps.google.com/?cid=11632983362160298736&g_mp=Cidnb29nbGUubWFwcy5wbGFjZXMudjEuUGxhY2VzLlNlYXJjaFRleHQQAhgEIAA,2026-08-20
Hot,MERAKI CORNER ركن اخلاص,Salon,Ruwi,NO_WEBSITE,no website on the Google listing,,9111 3865,https://maps.google.com/?cid=15032857780126464723&g_mp=Cidnb29nbGUubWFwcy5wbGFjZXMudjEuUGxhY2VzLlNlYXJjaFRleHQQAhgEIAA,2026-08-20
Hot,MIDDLE EAST INTERNATIONAL TRAVELs,Travel & tourism,Salalah,NO_WEBSITE,no website on the Google listing,,9874 4409,https://maps.google.com/?cid=4605481655787190392&g_mp=Cidnb29nbGUubWFwcy5wbGFjZXMudjEuUGxhY2VzLlNlYXJjaFRleHQQAhgEIAA,2026-08-20
Hot,Millennium Gym CBD,Gym,Ruwi,NO_WEBSITE,no website on the Google listing,,9100 3860,https://maps.google.com/?cid=12715715133471745080&g_mp=Cidnb29nbGUubWFwcy5wbGFjZXMudjEuUGxhY2VzLlNlYXJjaFRleHQQAhgEIAA,2026-08-20
Hot,Mina Iranian Clinic عيادة مينا الايراني,Dental clinic,Al Khuwair,NO_WEBSITE,no website on the Google listing,,7241 4000,https://maps.google.com/?cid=7714242178706119492&g_mp=Cidnb29nbGUubWFwcy5wbGFjZXMudjEuUGxhY2VzLlNlYXJjaFRleHQQAhgEIAA,2026-08-20
Hot,Misk Restaurant Oman مطعم,Restaurant,Muscat,NO_WEBSITE,no website on the Google listing,,7222 4432,https://maps.google.com/?cid=14915624837026038254&g_mp=Cidnb29nbGUubWFwcy5wbGFjZXMudjEuUGxhY2VzLlNlYXJjaFRleHQQAhgEIAA,2026-08-20
Hot,Miss Glossy Beauty Salon,Salon,Barka,NO_WEBSITE,no website on the Google listing,,7966 6301,https://maps.google.com/?cid=17940202630327552912&g_mp=Cidnb29nbGUubWFwcy5wbGFjZXMudjEuUGxhY2VzLlNlYXJjaFRleHQQAhgEIAA,2026-08-20
Hot,miswak dental clinic,Dental clinic,Muscat,NO_WEBSITE,no website on the Google listing,,9785 4321,https://maps.google.com/?cid=2124570147703304372&g_mp=Cidnb29nbGUubWFwcy5wbGFjZXMudjEuUGxhY2VzLlNlYXJjaFRleHQQAhgEIAA,2026-08-20
Hot,MODERN CONSTRUCTION COMPANY,Contractor,Salalah,NO_WEBSITE,no website on the Google listing,,23 297021,https://maps.google.com/?cid=6459874038009083291&g_mp=Cidnb29nbGUubWFwcy5wbGFjZXMudjEuUGxhY2VzLlNlYXJjaFRleHQQAhgEIAA,2026-08-20
Hot,Modern dental clinic,Dental clinic,Salalah,NO_WEBSITE,no website on the Google listing,,23 298945,https://maps.google.com/?cid=15468577440684052400&g_mp=Cidnb29nbGUubWFwcy5wbGFjZXMudjEuUGxhY2VzLlNlYXJjaFRleHQQAhgEIAA,2026-08-20
Hot,Modern Eagle Eyes,Travel & tourism,Barka,NO_WEBSITE,no website on the Google listing,,9851 4514,https://maps.google.com/?cid=10951354603669621989&g_mp=Cidnb29nbGUubWFwcy5wbGFjZXMudjEuUGxhY2VzLlNlYXJjaFRleHQQAhgEIAA,2026-08-20
Hot,Modern Homes Furnished Apartments,Real estate,Salalah,NO_WEBSITE,no website on the Google listing,,9376 7673,https://maps.google.com/?cid=16176900008104751766&g_mp=Cidnb29nbGUubWFwcy5wbGFjZXMudjEuUGxhY2VzLlNlYXJjaFRleHQQAhgEIAA,2026-08-20
Hot,Modern System Private School,Private school,Muscat,NO_WEBSITE,no website on the Google listing,,9440 6440,https://maps.google.com/?cid=8209111721382746891&g_mp=Cidnb29nbGUubWFwcy5wbGFjZXMudjEuUGxhY2VzLlNlYXJjaFRleHQQAhgEIAA,2026-08-20
Hot,Mohammad afzaal and partners (Pakistani Restaurant),Restaurant,Nizwa,NO_WEBSITE,no website on the Google listing,,25 224264,https://maps.google.com/?cid=934642601665725032&g_mp=Cidnb29nbGUubWFwcy5wbGFjZXMudjEuUGxhY2VzLlNlYXJjaFRleHQQAhgEIAA,2026-08-20
Hot,Mohammed Ibrahim Law Firm,Law firm,Sohar,NO_WEBSITE,no website on the Google listing,,26 752999,https://maps.google.com/?cid=8375078661295307030&g_mp=Cidnb29nbGUubWFwcy5wbGFjZXMudjEuUGxhY2VzLlNlYXJjaFRleHQQAhgEIAA,2026-08-20
Hot,Mohsin Al Hafeedh Law Office,Law firm,Ruwi,NO_WEBSITE,no website on the Google listing,,24 399902,https://maps.google.com/?cid=1605964431201528943&g_mp=Cidnb29nbGUubWFwcy5wbGFjZXMudjEuUGxhY2VzLlNlYXJjaFRleHQQAhgEIAA,2026-08-20
Hot,Moneta crown,Salon,Barka,NO_WEBSITE,no website on the Google listing,,7700 9368,https://maps.google.com/?cid=18438795791647441133&g_mp=Cidnb29nbGUubWFwcy5wbGFjZXMudjEuUGxhY2VzLlNlYXJjaFRleHQQAhgEIAA,2026-08-20
Hot,moon construction,Contractor,Salalah,NO_WEBSITE,no website on the Google listing,,7739 6790,https://maps.google.com/?cid=13674626937951832352&g_mp=Cidnb29nbGUubWFwcy5wbGFjZXMudjEuUGxhY2VzLlNlYXJjaFRleHQQAhgEIAA,2026-08-20
Hot,Moon Wings Trading LLC,Trading company,Barka,NO_WEBSITE,no website on the Google listing,,9209 6380,https://maps.google.com/?cid=13671364778436470520&g_mp=Cidnb29nbGUubWFwcy5wbGFjZXMudjEuUGxhY2VzLlNlYXJjaFRleHQQAhgEIAA,2026-08-20
Hot,Moosa Al Balushi Restaurant,Restaurant,Barka,NO_WEBSITE,no website on the Google listing,,9120 2352,https://maps.google.com/?cid=14519420558650694679&g_mp=Cidnb29nbGUubWFwcy5wbGFjZXMudjEuUGxhY2VzLlNlYXJjaFRleHQQAhgEIAA,2026-08-20
Hot,MR.EUROPE TRAVEL & TOURISM,Travel & tourism,Sohar,NO_WEBSITE,no website on the Google listing,,7272 0600,https://maps.google.com/?cid=467046120243667048&g_mp=Cidnb29nbGUubWFwcy5wbGFjZXMudjEuUGxhY2VzLlNlYXJjaFRleHQQAhgEIAA,2026-08-20
Hot,Mr.laser Dental Center,Dental clinic,Seeb,NO_WEBSITE,no website on the Google listing,,7712 3477,https://maps.google.com/?cid=14488366383670365622&g_mp=Cidnb29nbGUubWFwcy5wbGFjZXMudjEuUGxhY2VzLlNlYXJjaFRleHQQAhgEIAA,2026-08-20
Hot,Multitech Trading and Contracting LLC,Contractor,Ruwi,NO_WEBSITE,no website on the Google listing,,24 814356,https://maps.google.com/?cid=368791035744116367&g_mp=Cidnb29nbGUubWFwcy5wbGFjZXMudjEuUGxhY2VzLlNlYXJjaFRleHQQAhgEIAA,2026-08-20
Hot,Munchies Pakistani Cafe - Al Khuwair,Restaurant,Al Khuwair,NO_WEBSITE,no website on the Google listing,,9020 0484,https://maps.google.com/?cid=4612265296098524437&g_mp=Cidnb29nbGUubWFwcy5wbGFjZXMudjEuUGxhY2VzLlNlYXJjaFRleHQQAhgEIAA,2026-08-20
Hot,Murooj Dhofar Private school,Private school,Salalah,NO_WEBSITE,no website on the Google listing,,23 225558,https://maps.google.com/?cid=15619222888402910154&g_mp=Cidnb29nbGUubWFwcy5wbGFjZXMudjEuUGxhY2VzLlNlYXJjaFRleHQQAhgEIAA,2026-08-20
Hot,Murooj Nizwa ( مروج للاستشارات الهندسية),Contractor,Nizwa,NO_WEBSITE,no website on the Google listing,,7114 6957,https://maps.google.com/?cid=4926745887250015048&g_mp=Cidnb29nbGUubWFwcy5wbGFjZXMudjEuUGxhY2VzLlNlYXJjaFRleHQQAhgEIAA,2026-08-20
Hot,Muscat building construction LLC,Contractor,Al Khuwair,NO_WEBSITE,no website on the Google listing,,9459 1326,https://maps.google.com/?cid=16366302377646666523&g_mp=Cidnb29nbGUubWFwcy5wbGFjZXMudjEuUGxhY2VzLlNlYXJjaFRleHQQAhgEIAA,2026-08-20
Hot,Muscat Dental Center مركز مسقط للأسنان,Dental clinic,Muscat,NO_WEBSITE,no website on the Google listing,,9138 8029,https://maps.google.com/?cid=8915585427906314713&g_mp=Cidnb29nbGUubWFwcy5wbGFjZXMudjEuUGxhY2VzLlNlYXJjaFRleHQQAhgEIAA,2026-08-20
Hot,Muscat Private School Horizons,Private school,Muscat,NO_WEBSITE,no website on the Google listing,,9273 7055,https://maps.google.com/?cid=5255519025682158792&g_mp=Cidnb29nbGUubWFwcy5wbGFjZXMudjEuUGxhY2VzLlNlYXJjaFRleHQQAhgEIAA,2026-08-20
Hot,Muscat Real Estate LLC,Real estate,Ruwi,NO_WEBSITE,no website on the Google listing,,9504 0200,https://maps.google.com/?cid=5083759196007994573&g_mp=Cidnb29nbGUubWFwcy5wbGFjZXMudjEuUGxhY2VzLlNlYXJjaFRleHQQAhgEIAA,2026-08-20
Hot,Muscat Real Estate عقار مسقط,Real estate,Muscat,NO_WEBSITE,no website on the Google listing,,9504 0200,https://maps.google.com/?cid=11458898484542641427&g_mp=Cidnb29nbGUubWFwcy5wbGFjZXMudjEuUGxhY2VzLlNlYXJjaFRleHQQAhgEIAA,2026-08-20
Hot,Muscat Rose beauty care,Salon,Ruwi,NO_WEBSITE,no website on the Google listing,,7802 2707,https://maps.google.com/?cid=12005724831043921144&g_mp=Cidnb29nbGUubWFwcy5wbGFjZXMudjEuUGxhY2VzLlNlYXJjaFRleHQQAhgEIAA,2026-08-20
Hot,Muscat Service Station – Car Rental & Tours,Car rental,Muscat,NO_WEBSITE,no website on the Google listing,,9390 4449,https://maps.google.com/?cid=716636122826070458&g_mp=Cidnb29nbGUubWFwcy5wbGFjZXMudjEuUGxhY2VzLlNlYXJjaFRleHQQAhgEIAA,2026-08-20
Hot,Muscat Smile Dental Clinic,Dental clinic,Seeb,NO_WEBSITE,no website on the Google listing,,9988 8465,https://maps.google.com/?cid=4635189909298599037&g_mp=Cidnb29nbGUubWFwcy5wbGFjZXMudjEuUGxhY2VzLlNlYXJjaFRleHQQAhgEIAA,2026-08-20
Hot,Muscat Souq Travels & Car Rentals,Car rental,Ruwi,NO_WEBSITE,no website on the Google listing,,7820 5948,https://maps.google.com/?cid=10931301960970131588&g_mp=Cidnb29nbGUubWFwcy5wbGFjZXMudjEuUGxhY2VzLlNlYXJjaFRleHQQAhgEIAA,2026-08-20
Hot,mvp thai boxing,Gym,Sohar,NO_WEBSITE,no website on the Google listing,,9800 8201,https://maps.google.com/?cid=6584588164425128250&g_mp=Cidnb29nbGUubWFwcy5wbGFjZXMudjEuUGxhY2VzLlNlYXJjaFRleHQQAhgEIAA,2026-08-20
Hot,Nabl dental center مركز نابل لطب الاسنان,Dental clinic,Al Khuwair,NO_WEBSITE,no website on the Google listing,,9099 0751,https://maps.google.com/?cid=8681390658841518362&g_mp=Cidnb29nbGUubWFwcy5wbGFjZXMudjEuUGxhY2VzLlNlYXJjaFRleHQQAhgEIAA,2026-08-20
Hot,Naeem Al Khair Trading LLC,Trading company,Sohar,NO_WEBSITE,no website on the Google listing,,9474 0323,https://maps.google.com/?cid=14439005690198112067&g_mp=Cidnb29nbGUubWFwcy5wbGFjZXMudjEuUGxhY2VzLlNlYXJjaFRleHQQAhgEIAA,2026-08-20
Hot,Naeem Hair Salon,Salon,Salalah,NO_WEBSITE,no website on the Google listing,,9195 0255,https://maps.google.com/?cid=4125761313538296974&g_mp=Cidnb29nbGUubWFwcy5wbGFjZXMudjEuUGxhY2VzLlNlYXJjaFRleHQQAhgEIAA,2026-08-20
Hot,Nagauri construction Spc,Contractor,Barka,NO_WEBSITE,no website on the Google listing,,9236 3786,https://maps.google.com/?cid=14095699066867775599&g_mp=Cidnb29nbGUubWFwcy5wbGFjZXMudjEuUGxhY2VzLlNlYXJjaFRleHQQAhgEIAA,2026-08-20
Hot,Nahida trading LLC,Trading company,Nizwa,NO_WEBSITE,no website on the Google listing,,9883 4250,https://maps.google.com/?cid=10437369619890999505&g_mp=Cidnb29nbGUubWFwcy5wbGFjZXMudjEuUGxhY2VzLlNlYXJjaFRleHQQAhgEIAA,2026-08-20
Hot,Naseem Al Waha Trading Company,Trading company,Sur,NO_WEBSITE,no website on the Google listing,,9312 7937,https://maps.google.com/?cid=13231690560399125140&g_mp=Cidnb29nbGUubWFwcy5wbGFjZXMudjEuUGxhY2VzLlNlYXJjaFRleHQQAhgEIAA,2026-08-20
Hot,Naseem Restaurant,Restaurant,Sur,NO_WEBSITE,no website on the Google listing,,9204 0945,https://maps.google.com/?cid=7284190287383538708&g_mp=Cidnb29nbGUubWFwcy5wbGFjZXMudjEuUGxhY2VzLlNlYXJjaFRleHQQAhgEIAA,2026-08-20
Hot,Naseem Travel Agency,Travel & tourism,Barka,NO_WEBSITE,no website on the Google listing,,9504 3435,https://maps.google.com/?cid=9448491901174031623&g_mp=Cidnb29nbGUubWFwcy5wbGFjZXMudjEuUGxhY2VzLlNlYXJjaFRleHQQAhgEIAA,2026-08-20
Hot,Naseer & Suleiman Group of Companies,Contractor,Sur,NO_WEBSITE,no website on the Google listing,,24 541111,https://maps.google.com/?cid=18007985178695596053&g_mp=Cidnb29nbGUubWFwcy5wbGFjZXMudjEuUGxhY2VzLlNlYXJjaFRleHQQAhgEIAA,2026-08-20
Hot,NASIM AL LAIL LADIES BEAUTY SALON,Salon,Muscat,NO_WEBSITE,no website on the Google listing,,9817 0404,https://maps.google.com/?cid=3262834643930266259&g_mp=Cidnb29nbGUubWFwcy5wbGFjZXMudjEuUGxhY2VzLlNlYXJjaFRleHQQAhgEIAA,2026-08-20
Hot,Nasim Sohar Athahabeya Trading LLC (Nasaim Sohar Golden Trading),Trading company,Sohar,NO_WEBSITE,no website on the Google listing,,9941 6073,https://maps.google.com/?cid=11935367629498339579&g_mp=Cidnb29nbGUubWFwcy5wbGFjZXMudjEuUGxhY2VzLlNlYXJjaFRleHQQAhgEIAA,2026-08-20
Hot,Nasr Arabian Co LLC,Contractor,Salalah,NO_WEBSITE,no website on the Google listing,,23 211756,https://maps.google.com/?cid=11647497463520492285&g_mp=Cidnb29nbGUubWFwcy5wbGFjZXMudjEuUGxhY2VzLlNlYXJjaFRleHQQAhgEIAA,2026-08-20
Hot,"Nasser Travel & Tours Sur, Oman",Travel & tourism,Sur,NO_WEBSITE,no website on the Google listing,,9410 0318,https://maps.google.com/?cid=2482046579622606241&g_mp=Cidnb29nbGUubWFwcy5wbGFjZXMudjEuUGxhY2VzLlNlYXJjaFRleHQQAhgEIAA,2026-08-20
Hot,NAWAB MULTAN RESTAURANT BARKA souq road Hotel,Restaurant,Barka,NO_WEBSITE,no website on the Google listing,,9533 9152,https://maps.google.com/?cid=4275999905027763268&g_mp=Cidnb29nbGUubWFwcy5wbGFjZXMudjEuUGxhY2VzLlNlYXJjaFRleHQQAhgEIAA,2026-08-20
Hot,Naz Beauty Lounge,Salon,Ruwi,NO_WEBSITE,no website on the Google listing,,7820 2603,https://maps.google.com/?cid=6217318258722532473&g_mp=Cidnb29nbGUubWFwcy5wbGFjZXMudjEuUGxhY2VzLlNlYXJjaFRleHQQAhgEIAA,2026-08-20
Hot,Ne Zha Hotpot & BBQ Buffet 哪吒火锅烤肉自助,Restaurant,Al Khuwair,NO_WEBSITE,no website on the Google listing,,9579 3881,https://maps.google.com/?cid=12009085403854008061&g_mp=Cidnb29nbGUubWFwcy5wbGFjZXMudjEuUGxhY2VzLlNlYXJjaFRleHQQAhgEIAA,2026-08-20
Hot,Nesta Travel &Tourism,Travel & tourism,Seeb,NO_WEBSITE,no website on the Google listing,,9828 5209,https://maps.google.com/?cid=16505719342756932131&g_mp=Cidnb29nbGUubWFwcy5wbGFjZXMudjEuUGxhY2VzLlNlYXJjaFRleHQQAhgEIAA,2026-08-20
Hot,Nesta Travels Azaiba نستا للسفر والسياحة,Travel & tourism,Muscat,NO_WEBSITE,no website on the Google listing,,9143 7717,https://maps.google.com/?cid=6393396277457001042&g_mp=Cidnb29nbGUubWFwcy5wbGFjZXMudjEuUGxhY2VzLlNlYXJjaFRleHQQAhgEIAA,2026-08-20
Hot,NEW DELHI RASOI RESTAURANT,Restaurant,Sohar,NO_WEBSITE,no website on the Google listing,,9664 2057,https://maps.google.com/?cid=3153483080020436479&g_mp=Cidnb29nbGUubWFwcy5wbGFjZXMudjEuUGxhY2VzLlNlYXJjaFRleHQQAhgEIAA,2026-08-20
Hot,NEW FANJA POLYCLINIC,Medical clinic,Ruwi,NO_WEBSITE,no website on the Google listing,,9121 7033,https://maps.google.com/?cid=16131837225285654973&g_mp=Cidnb29nbGUubWFwcy5wbGFjZXMudjEuUGxhY2VzLlNlYXJjaFRleHQQAhgEIAA,2026-08-20
Hot,New Gal Trading,Trading company,Al Khuwair,NO_WEBSITE,no website on the Google listing,,9986 8322,https://maps.google.com/?cid=13004364653347460264&g_mp=Cidnb29nbGUubWFwcy5wbGFjZXMudjEuUGxhY2VzLlNlYXJjaFRleHQQAhgEIAA,2026-08-20
Hot,NEXUS TRAVEL AND TOURISM نكسس للسفر والسياحة,Travel & tourism,Sohar,NO_WEBSITE,no website on the Google listing,,9762 2866,https://maps.google.com/?cid=17736021953680999213&g_mp=Cidnb29nbGUubWFwcy5wbGFjZXMudjEuUGxhY2VzLlNlYXJjaFRleHQQAhgEIAA,2026-08-20
Hot,NFH Café,Restaurant,Barka,NO_WEBSITE,no website on the Google listing,,9117 6751,https://maps.google.com/?cid=2229485134913847469&g_mp=Cidnb29nbGUubWFwcy5wbGFjZXMudjEuUGxhY2VzLlNlYXJjaFRleHQQAhgEIAA,2026-08-20
Hot,Nilofer Khan Hair & Beauty Studio SPA,Salon,Ruwi,NO_WEBSITE,no website on the Google listing,,9840 3281,https://maps.google.com/?cid=9309638340480732478&g_mp=Cidnb29nbGUubWFwcy5wbGFjZXMudjEuUGxhY2VzLlNlYXJjaFRleHQQAhgEIAA,2026-08-20
Hot,NISMAT AL KAWN,Salon,Sohar,NO_WEBSITE,no website on the Google listing,,9218 9218,https://maps.google.com/?cid=9848286959615174252&g_mp=Cidnb29nbGUubWFwcy5wbGFjZXMudjEuUGxhY2VzLlNlYXJjaFRleHQQAhgEIAA,2026-08-20
Hot,Nizwa city tours,Travel & tourism,Nizwa,NO_WEBSITE,no website on the Google listing,,9732 2325,https://maps.google.com/?cid=2985030726003026347&g_mp=Cidnb29nbGUubWFwcy5wbGFjZXMudjEuUGxhY2VzLlNlYXJjaFRleHQQAhgEIAA,2026-08-20
Hot,Nizwa Eye Specialty Center مركز نزوى التخصصي للعيون,Medical clinic,Nizwa,NO_WEBSITE,no website on the Google listing,,25 218929,https://maps.google.com/?cid=11865420544082497430&g_mp=Cidnb29nbGUubWFwcy5wbGFjZXMudjEuUGxhY2VzLlNlYXJjaFRleHQQAhgEIAA,2026-08-20
Hot,Nizwa Gate Showroom معرض بوابه نزوى,Car rental,Nizwa,NO_WEBSITE,no website on the Google listing,,9199 2001,https://maps.google.com/?cid=4008378407072230120&g_mp=Cidnb29nbGUubWFwcy5wbGFjZXMudjEuUGxhY2VzLlNlYXJjaFRleHQQAhgEIAA,2026-08-20
Hot,Nizwa Medical Center,Medical clinic,Nizwa,NO_WEBSITE,no website on the Google listing,,25 431003,https://maps.google.com/?cid=5382026972838999866&g_mp=Cidnb29nbGUubWFwcy5wbGFjZXMudjEuUGxhY2VzLlNlYXJjaFRleHQQAhgEIAA,2026-08-20
Hot,Nizwa Polyclinic,Medical clinic,Nizwa,NO_WEBSITE,no website on the Google listing,,22 646104,https://maps.google.com/?cid=40034276391792581&g_mp=Cidnb29nbGUubWFwcy5wbGFjZXMudjEuUGxhY2VzLlNlYXJjaFRleHQQAhgEIAA,2026-08-20
Hot,Nizwa Tourism Carts - عربات نزوى السياحية,Travel & tourism,Nizwa,NO_WEBSITE,no website on the Google listing,,9923 3664,https://maps.google.com/?cid=4274180184056940427&g_mp=Cidnb29nbGUubWFwcy5wbGFjZXMudjEuUGxhY2VzLlNlYXJjaFRleHQQAhgEIAA,2026-08-20
Hot,Nizwa Trading Travel &Tourism Agency,Travel & tourism,Nizwa,NO_WEBSITE,no website on the Google listing,,9628 2849,https://maps.google.com/?cid=12404081813552131804&g_mp=Cidnb29nbGUubWFwcy5wbGFjZXMudjEuUGxhY2VzLlNlYXJjaFRleHQQAhgEIAA,2026-08-20
Hot,NIZWA TRAVELS AND CARGO,Travel & tourism,Nizwa,NO_WEBSITE,no website on the Google listing,,9902 0518,https://maps.google.com/?cid=14138769618877193093&g_mp=Cidnb29nbGUubWFwcy5wbGFjZXMudjEuUGxhY2VzLlNlYXJjaFRleHQQAhgEIAA,2026-08-20
Hot,Noone national clinic LLC. Dr Manohar Noone (MOH no. 5364),Medical clinic,Ruwi,NO_WEBSITE,no website on the Google listing,,9270 2144,https://maps.google.com/?cid=11657393730545552727&g_mp=Cidnb29nbGUubWFwcy5wbGFjZXMudjEuUGxhY2VzLlNlYXJjaFRleHQQAhgEIAA,2026-08-20
Hot,Noor Al Atheel Beauty salon,Salon,Sohar,NO_WEBSITE,no website on the Google listing,,9402 2029,https://maps.google.com/?cid=8225047426892393193&g_mp=Cidnb29nbGUubWFwcy5wbGFjZXMudjEuUGxhY2VzLlNlYXJjaFRleHQQAhgEIAA,2026-08-20
Hot,Nooraniya Beauty Nails +Spa نورانية بيوتي,Salon,Seeb,NO_WEBSITE,no website on the Google listing,,9499 4228,https://maps.google.com/?cid=15846273191755963941&g_mp=Cidnb29nbGUubWFwcy5wbGFjZXMudjEuUGxhY2VzLlNlYXJjaFRleHQQAhgEIAA,2026-08-20
Hot,Noshi's Beauty Salon صالون نوشي للتجميل - روي,Salon,Ruwi,NO_WEBSITE,no website on the Google listing,,9904 8791,https://maps.google.com/?cid=16621023667467275348&g_mp=Cidnb29nbGUubWFwcy5wbGFjZXMudjEuUGxhY2VzLlNlYXJjaFRleHQQAhgEIAA,2026-08-20
Hot,Nous Trading and Contracting Establishment,Contractor,Sur,NO_WEBSITE,no website on the Google listing,,25 540355,https://maps.google.com/?cid=5769689222991844829&g_mp=Cidnb29nbGUubWFwcy5wbGFjZXMudjEuUGxhY2VzLlNlYXJjaFRleHQQAhgEIAA,2026-08-20
Hot,Novus international trading LLC,Trading company,Nizwa,NO_WEBSITE,no website on the Google listing,,24 505868,https://maps.google.com/?cid=12359618647539801337&g_mp=Cidnb29nbGUubWFwcy5wbGFjZXMudjEuUGxhY2VzLlNlYXJjaFRleHQQAhgEIAA,2026-08-20
Hot,NST Car Rentals Salalah,Car rental,Salalah,NO_WEBSITE,no website on the Google listing,,9423 7326,https://maps.google.com/?cid=2813304177078652987&g_mp=Cidnb29nbGUubWFwcy5wbGFjZXMudjEuUGxhY2VzLlNlYXJjaFRleHQQAhgEIAA,2026-08-20
Hot,Oasis Car Rental,Car rental,Ruwi,NO_WEBSITE,no website on the Google listing,,9906 8671,https://maps.google.com/?cid=4712466709608379583&g_mp=Cidnb29nbGUubWFwcy5wbGFjZXMudjEuUGxhY2VzLlNlYXJjaFRleHQQAhgEIAA,2026-08-20
Hot,Oasis Rent a Car,Car rental,Seeb,NO_WEBSITE,no website on the Google listing,,9605 5580,https://maps.google.com/?cid=15682861782893382803&g_mp=Cidnb29nbGUubWFwcy5wbGFjZXMudjEuUGxhY2VzLlNlYXJjaFRleHQQAhgEIAA,2026-08-20
Hot,Oasis Valley Salon - صالون واحة الوادي,Salon,Salalah,NO_WEBSITE,no website on the Google listing,,9858 0105,https://maps.google.com/?cid=15794136616761253046&g_mp=Cidnb29nbGUubWFwcy5wbGFjZXMudjEuUGxhY2VzLlNlYXJjaFRleHQQAhgEIAA,2026-08-20
Hot,Ocean Mark Rent A Car,Car rental,Al Khuwair,NO_WEBSITE,no website on the Google listing,,7724 0019,https://maps.google.com/?cid=8414099119539610048&g_mp=Cidnb29nbGUubWFwcy5wbGFjZXMudjEuUGxhY2VzLlNlYXJjaFRleHQQAhgEIAA,2026-08-20
Hot,"Ocean Restaurant & Coffee Shop, Azaiba",Restaurant,Muscat,NO_WEBSITE,no website on the Google listing,,24 490578,https://maps.google.com/?cid=302223651335075513&g_mp=Cidnb29nbGUubWFwcy5wbGFjZXMudjEuUGxhY2VzLlNlYXJjaFRleHQQAhgEIAA,2026-08-20
Hot,Olala Nails Lounge and Spa صالون و سبا اولالا نيلز,Salon,Seeb,NO_WEBSITE,no website on the Google listing,,9919 6781,https://maps.google.com/?cid=13271488466325358241&g_mp=Cidnb29nbGUubWFwcy5wbGFjZXMudjEuUGxhY2VzLlNlYXJjaFRleHQQAhgEIAA,2026-08-20
Hot,Olive Garden Restaurant,Restaurant,Seeb,NO_WEBSITE,no website on the Google listing,,9097 0370,https://maps.google.com/?cid=16258622406806978686&g_mp=Cidnb29nbGUubWFwcy5wbGFjZXMudjEuUGxhY2VzLlNlYXJjaFRleHQQAhgEIAA,2026-08-20
Hot,Oman Dental Clinic,Dental clinic,Ruwi,NO_WEBSITE,no website on the Google listing,,9461 7577,https://maps.google.com/?cid=13989041873799188337&g_mp=Cidnb29nbGUubWFwcy5wbGFjZXMudjEuUGxhY2VzLlNlYXJjaFRleHQQAhgEIAA,2026-08-20
Hot,Oman Roads Engineering Company LLC,Contractor,Salalah,NO_WEBSITE,no website on the Google listing,,23 212194,https://maps.google.com/?cid=13968600500938514112&g_mp=Cidnb29nbGUubWFwcy5wbGFjZXMudjEuUGxhY2VzLlNlYXJjaFRleHQQAhgEIAA,2026-08-20
Hot,Oman Tours LLC,Travel & tourism,Al Khuwair,NO_WEBSITE,no website on the Google listing,,24 298988,https://maps.google.com/?cid=15261150359087739954&g_mp=Cidnb29nbGUubWFwcy5wbGFjZXMudjEuUGxhY2VzLlNlYXJjaFRleHQQAhgEIAA,2026-08-20
Hot,Omede Restaurant,Restaurant,Seeb,NO_WEBSITE,no website on the Google listing,,22 080555,https://maps.google.com/?cid=15056052589407925430&g_mp=Cidnb29nbGUubWFwcy5wbGFjZXMudjEuUGxhY2VzLlNlYXJjaFRleHQQAhgEIAA,2026-08-20
Hot,On The Wood - Sohar,Restaurant,Sohar,NO_WEBSITE,no website on the Google listing,,9740 7470,https://maps.google.com/?cid=5217980384418195663&g_mp=Cidnb29nbGUubWFwcy5wbGFjZXMudjEuUGxhY2VzLlNlYXJjaFRleHQQAhgEIAA,2026-08-20
Hot,One o One fitness & Gym - (Ladies Gym),Gym,Muscat,NO_WEBSITE,no website on the Google listing,,9483 3947,https://maps.google.com/?cid=17264896927556307461&g_mp=Cidnb29nbGUubWFwcy5wbGFjZXMudjEuUGxhY2VzLlNlYXJjaFRleHQQAhgEIAA,2026-08-20
Hot,"ONE Rent a Car , تأجير السيارات",Car rental,Muscat,NO_WEBSITE,no website on the Google listing,,9666 6695,https://maps.google.com/?cid=6138192639811672440&g_mp=Cidnb29nbGUubWFwcy5wbGFjZXMudjEuUGxhY2VzLlNlYXJjaFRleHQQAhgEIAA,2026-08-20
Hot,One Way Travel & Tourism,Travel & tourism,Nizwa,NO_WEBSITE,no website on the Google listing,,9522 4432,https://maps.google.com/?cid=2328667035248287434&g_mp=Cidnb29nbGUubWFwcy5wbGFjZXMudjEuUGxhY2VzLlNlYXJjaFRleHQQAhgEIAA,2026-08-20
Hot,One World International Tour Operators,Travel & tourism,Sohar,NO_WEBSITE,no website on the Google listing,,9592 0156,https://maps.google.com/?cid=13069414778984233651&g_mp=Cidnb29nbGUubWFwcy5wbGFjZXMudjEuUGxhY2VzLlNlYXJjaFRleHQQAhgEIAA,2026-08-20
Hot,"Opal beauty Centre, barka",Salon,Barka,NO_WEBSITE,no website on the Google listing,,9395 9229,https://maps.google.com/?cid=13079958641723930502&g_mp=Cidnb29nbGUubWFwcy5wbGFjZXMudjEuUGxhY2VzLlNlYXJjaFRleHQQAhgEIAA,2026-08-20
Hot,Orient dental clinic,Dental clinic,Sur,NO_WEBSITE,no website on the Google listing,,7109 1500,https://maps.google.com/?cid=5440179094064903105&g_mp=Cidnb29nbGUubWFwcy5wbGFjZXMudjEuUGxhY2VzLlNlYXJjaFRleHQQAhgEIAA,2026-08-20
Hot,Oriental construction trading,Contractor,Barka,NO_WEBSITE,no website on the Google listing,,9131 6105,https://maps.google.com/?cid=17852514444578867947&g_mp=Cidnb29nbGUubWFwcy5wbGFjZXMudjEuUGxhY2VzLlNlYXJjaFRleHQQAhgEIAA,2026-08-20
Hot,Oru Selfie Thattukada,Restaurant,Sur,NO_WEBSITE,no website on the Google listing,,9584 8475,https://maps.google.com/?cid=16721793503886528407&g_mp=Cidnb29nbGUubWFwcy5wbGFjZXMudjEuUGxhY2VzLlNlYXJjaFRleHQQAhgEIAA,2026-08-20
Hot,Osamah Bin Said Private School. مدرسة اسامة بن زيد الخاصة,Private school,Muscat,NO_WEBSITE,no website on the Google listing,,9505 5062,https://maps.google.com/?cid=1198330041033092494&g_mp=Cidnb29nbGUubWFwcy5wbGFjZXMudjEuUGxhY2VzLlNlYXJjaFRleHQQAhgEIAA,2026-08-20
Hot,"Oxygen Dental and Orthodontic Centre, Nizwa Branch",Medical clinic,Nizwa,NO_WEBSITE,no website on the Google listing,,25 447788,https://maps.google.com/?cid=5827931759597891275&g_mp=Cidnb29nbGUubWFwcy5wbGFjZXMudjEuUGxhY2VzLlNlYXJjaFRleHQQAhgEIAA,2026-08-20
Hot,Oxygen Gym And Fitness Centre,Gym,Sohar,NO_WEBSITE,no website on the Google listing,,9322 8210,https://maps.google.com/?cid=2661631462692939042&g_mp=Cidnb29nbGUubWFwcy5wbGFjZXMudjEuUGxhY2VzLlNlYXJjaFRleHQQAhgEIAA,2026-08-20
Hot,Pakistan palace restaurant ruwi,Restaurant,Ruwi,NO_WEBSITE,no website on the Google listing,,9457 8885,https://maps.google.com/?cid=12525865715686241284&g_mp=Cidnb29nbGUubWFwcy5wbGFjZXMudjEuUGxhY2VzLlNlYXJjaFRleHQQAhgEIAA,2026-08-20
Hot,Pakistan Resturant Ajwa Al Barka,Restaurant,Barka,NO_WEBSITE,no website on the Google listing,,9879 1697,https://maps.google.com/?cid=5021375819853846178&g_mp=Cidnb29nbGUubWFwcy5wbGFjZXMudjEuUGxhY2VzLlNlYXJjaFRleHQQAhgEIAA,2026-08-20
Hot,Pakistan School Salalah,Private school,Salalah,NO_WEBSITE,no website on the Google listing,,23 235640,https://maps.google.com/?cid=2626073245828149186&g_mp=Cidnb29nbGUubWFwcy5wbGFjZXMudjEuUGxhY2VzLlNlYXJjaFRleHQQAhgEIAA,2026-08-20
Hot,Pakistani restaurant jabl e kashmir,Restaurant,Sur,NO_WEBSITE,no website on the Google listing,,9624 6001,https://maps.google.com/?cid=10344128354903941335&g_mp=Cidnb29nbGUubWFwcy5wbGFjZXMudjEuUGxhY2VzLlNlYXJjaFRleHQQAhgEIAA,2026-08-20
Hot,Pakistani School Sohar,Private school,Sohar,NO_WEBSITE,no website on the Google listing,,26 864111,https://maps.google.com/?cid=12264020015537121667&g_mp=Cidnb29nbGUubWFwcy5wbGFjZXMudjEuUGxhY2VzLlNlYXJjaFRleHQQAhgEIAA,2026-08-20
Hot,Parkway Restaurant,Restaurant,Sur,NO_WEBSITE,no website on the Google listing,,9140 9032,https://maps.google.com/?cid=5953636807893467666&g_mp=Cidnb29nbGUubWFwcy5wbGFjZXMudjEuUGxhY2VzLlNlYXJjaFRleHQQAhgEIAA,2026-08-20
Hot,Peace Land Medical Center,Medical clinic,Muscat,NO_WEBSITE,no website on the Google listing,,24 617149,https://maps.google.com/?cid=12586918432258108607&g_mp=Cidnb29nbGUubWFwcy5wbGFjZXMudjEuUGxhY2VzLlNlYXJjaFRleHQQAhgEIAA,2026-08-20
Hot,Pearl Al Jazaa Trade & Cont LLC,Contractor,Seeb,NO_WEBSITE,no website on the Google listing,,9513 0925,https://maps.google.com/?cid=16442425317558205748&g_mp=Cidnb29nbGUubWFwcy5wbGFjZXMudjEuUGxhY2VzLlNlYXJjaFRleHQQAhgEIAA,2026-08-20
Hot,Pediatrics Clinic (NAKHLA CLINIC),Medical clinic,Sohar,NO_WEBSITE,no website on the Google listing,,26 842422,https://maps.google.com/?cid=4778830793534743117&g_mp=Cidnb29nbGUubWFwcy5wbGFjZXMudjEuUGxhY2VzLlNlYXJjaFRleHQQAhgEIAA,2026-08-20
Hot,Perfect Gulf ocean rent a car مخيط الخليج تأجير سيارات,Car rental,Salalah,NO_WEBSITE,no website on the Google listing,,9393 8219,https://maps.google.com/?cid=16795000086488622307&g_mp=Cidnb29nbGUubWFwcy5wbGFjZXMudjEuUGxhY2VzLlNlYXJjaFRleHQQAhgEIAA,2026-08-20
Hot,Perla Beirut بيرلا بيروت,Salon,Sohar,NO_WEBSITE,no website on the Google listing,,9448 5154,https://maps.google.com/?cid=722133095524604963&g_mp=Cidnb29nbGUubWFwcy5wbGFjZXMudjEuUGxhY2VzLlNlYXJjaFRleHQQAhgEIAA,2026-08-20
Hot,PIA,Travel & tourism,Sohar,NO_WEBSITE,no website on the Google listing,,9418 1156,https://maps.google.com/?cid=15830611935547366010&g_mp=Cidnb29nbGUubWFwcy5wbGFjZXMudjEuUGxhY2VzLlNlYXJjaFRleHQQAhgEIAA,2026-08-20
Hot,Pink Cloud Ladies Beauty Salon,Salon,Salalah,NO_WEBSITE,no website on the Google listing,,9585 5378,https://maps.google.com/?cid=10829720809168126131&g_mp=Cidnb29nbGUubWFwcy5wbGFjZXMudjEuUGxhY2VzLlNlYXJjaFRleHQQAhgEIAA,2026-08-20
Hot,Pink crown beauty company,Salon,Muscat,NO_WEBSITE,no website on the Google listing,,7907 3195,https://maps.google.com/?cid=3968103741841498559&g_mp=Cidnb29nbGUubWFwcy5wbGFjZXMudjEuUGxhY2VzLlNlYXJjaFRleHQQAhgEIAA,2026-08-20
Hot,Pink Pearl Beauty Salon & Spa,Salon,Al Khuwair,NO_WEBSITE,no website on the Google listing,,9534 0622,https://maps.google.com/?cid=11374595868498181168&g_mp=Cidnb29nbGUubWFwcy5wbGFjZXMudjEuUGxhY2VzLlNlYXJjaFRleHQQAhgEIAA,2026-08-20
Hot,Platinum Gym - Bousher,Gym,Muscat,NO_WEBSITE,no website on the Google listing,,7177 7215,https://maps.google.com/?cid=11887379970501783694&g_mp=Cidnb29nbGUubWFwcy5wbGFjZXMudjEuUGxhY2VzLlNlYXJjaFRleHQQAhgEIAA,2026-08-20
Hot,Pradise beauty salon,Salon,Sur,NO_WEBSITE,no website on the Google listing,,9495 0330,https://maps.google.com/?cid=18125059950666568524&g_mp=Cidnb29nbGUubWFwcy5wbGFjZXMudjEuUGxhY2VzLlNlYXJjaFRleHQQAhgEIAA,2026-08-20
Hot,Princess of Beauty Multaqa,Salon,Sohar,NO_WEBSITE,no website on the Google listing,,9409 6130,https://maps.google.com/?cid=12077615005549455719&g_mp=Cidnb29nbGUubWFwcy5wbGFjZXMudjEuUGxhY2VzLlNlYXJjaFRleHQQAhgEIAA,2026-08-20
Hot,PRINCESS OF SOHAR,Salon,Sohar,NO_WEBSITE,no website on the Google listing,,9760 5205,https://maps.google.com/?cid=11975253177154879871&g_mp=Cidnb29nbGUubWFwcy5wbGFjZXMudjEuUGxhY2VzLlNlYXJjaFRleHQQAhgEIAA,2026-08-20
Hot,Principles Private School,Private school,Salalah,NO_WEBSITE,no website on the Google listing,,9552 5030,https://maps.google.com/?cid=2589790601552395468&g_mp=Cidnb29nbGUubWFwcy5wbGFjZXMudjEuUGxhY2VzLlNlYXJjaFRleHQQAhgEIAA,2026-08-20
Hot,ProDent Dental Clinic,Dental clinic,Muscat,NO_WEBSITE,no website on the Google listing,,9712 4197,https://maps.google.com/?cid=586406209063116940&g_mp=Cidnb29nbGUubWFwcy5wbGFjZXMudjEuUGxhY2VzLlNlYXJjaFRleHQQAhgEIAA,2026-08-20
Hot,Profile dental and orthodontic cilinc,Dental clinic,Muscat,NO_WEBSITE,no website on the Google listing,,9942 6100,https://maps.google.com/?cid=5937586376803723204&g_mp=Cidnb29nbGUubWFwcy5wbGFjZXMudjEuUGxhY2VzLlNlYXJjaFRleHQQAhgEIAA,2026-08-20
Hot,PROXCEL FITNESS CENTER,Gym,Ruwi,NO_WEBSITE,no website on the Google listing,,9833 3309,https://maps.google.com/?cid=14548256316581583555&g_mp=Cidnb29nbGUubWFwcy5wbGFjZXMudjEuUGxhY2VzLlNlYXJjaFRleHQQAhgEIAA,2026-08-20
Hot,Pulse Healthcare Speciality Medical Clinic and Visa Medical Center,Medical clinic,Muscat,NO_WEBSITE,no website on the Google listing,,9179 3457,https://maps.google.com/?cid=10963928676021528768&g_mp=Cidnb29nbGUubWFwcy5wbGFjZXMudjEuUGxhY2VzLlNlYXJjaFRleHQQAhgEIAA,2026-08-20
Hot,Purecare Dental Center,Dental clinic,Seeb,NO_WEBSITE,no website on the Google listing,,9696 0396,https://maps.google.com/?cid=7683504114647269069&g_mp=Cidnb29nbGUubWFwcy5wbGFjZXMudjEuUGxhY2VzLlNlYXJjaFRleHQQAhgEIAA,2026-08-20
Hot,PURPLE GLOW BEAUTY CENTER,Salon,Sur,NO_WEBSITE,no website on the Google listing,,9272 5022,https://maps.google.com/?cid=5796495225390897759&g_mp=Cidnb29nbGUubWFwcy5wbGFjZXMudjEuUGxhY2VzLlNlYXJjaFRleHQQAhgEIAA,2026-08-20
Hot,Qabas Oman School,Private school,Sur,NO_WEBSITE,no website on the Google listing,,9320 7057,https://maps.google.com/?cid=14553095398462941149&g_mp=Cidnb29nbGUubWFwcy5wbGFjZXMudjEuUGxhY2VzLlNlYXJjaFRleHQQAhgEIAA,2026-08-20
Hot,Qaf Real Estate Group,Real estate,Al Khuwair,NO_WEBSITE,no website on the Google listing,,7227 2332,https://maps.google.com/?cid=9601957327467351346&g_mp=Cidnb29nbGUubWFwcy5wbGFjZXMudjEuUGxhY2VzLlNlYXJjaFRleHQQAhgEIAA,2026-08-20
Hot,Qarn Al Rawdah Clinic,Medical clinic,Nizwa,NO_WEBSITE,no website on the Google listing,,25 426055,https://maps.google.com/?cid=4782899077354755918&g_mp=Cidnb29nbGUubWFwcy5wbGFjZXMudjEuUGxhY2VzLlNlYXJjaFRleHQQAhgEIAA,2026-08-20
Hot,Qawafl Alnajd Trading Company,Trading company,Salalah,NO_WEBSITE,no website on the Google listing,,9338 2128,https://maps.google.com/?cid=7189042097020258712&g_mp=Cidnb29nbGUubWFwcy5wbGFjZXMudjEuUGxhY2VzLlNlYXJjaFRleHQQAhgEIAA,2026-08-20
Hot,Qibara Restaurant,Restaurant,Seeb,NO_WEBSITE,no website on the Google listing,,24 428000,https://maps.google.com/?cid=3306512000472819867&g_mp=Cidnb29nbGUubWFwcy5wbGFjZXMudjEuUGxhY2VzLlNlYXJjaFRleHQQAhgEIAA,2026-08-20
Hot,QUALITY DENTAL&ORHTODONTIC CENTER مركز الجودة للأسنان والتقويم,Dental clinic,Seeb,NO_WEBSITE,no website on the Google listing,,7906 7343,https://maps.google.com/?cid=15832975410405075679&g_mp=Cidnb29nbGUubWFwcy5wbGFjZXMudjEuUGxhY2VzLlNlYXJjaFRleHQQAhgEIAA,2026-08-20
Hot,Qubic Rent A car,Car rental,Ruwi,NO_WEBSITE,no website on the Google listing,,7970 7272,https://maps.google.com/?cid=18195829450094280100&g_mp=Cidnb29nbGUubWFwcy5wbGFjZXMudjEuUGxhY2VzLlNlYXJjaFRleHQQAhgEIAA,2026-08-20
Hot,Queen spa center(ladies),Salon,Nizwa,NO_WEBSITE,no website on the Google listing,,9725 8444,https://maps.google.com/?cid=1375669135075865593&g_mp=Cidnb29nbGUubWFwcy5wbGFjZXMudjEuUGxhY2VzLlNlYXJjaFRleHQQAhgEIAA,2026-08-20
Hot,Queens Palace Restaurant,Restaurant,Al Khuwair,NO_WEBSITE,no website on the Google listing,,24 487335,https://maps.google.com/?cid=10270519249717920398&g_mp=Cidnb29nbGUubWFwcy5wbGFjZXMudjEuUGxhY2VzLlNlYXJjaFRleHQQAhgEIAA,2026-08-20
Hot,RADA RENTAL CAR & TOURISM - رادا لتأجير السيارات والسياحه🚙🪂🚵🧗,Car rental,Muscat,NO_WEBSITE,no website on the Google listing,,9900 2616,https://maps.google.com/?cid=4656124686643652746&g_mp=Cidnb29nbGUubWFwcy5wbGFjZXMudjEuUGxhY2VzLlNlYXJjaFRleHQQAhgEIAA,2026-08-20
Hot,Rafa Beauty Lounge | رفاء بيوتي لاونج,Salon,Seeb,NO_WEBSITE,no website on the Google listing,,9464 6611,https://maps.google.com/?cid=7302796204072031074&g_mp=Cidnb29nbGUubWFwcy5wbGFjZXMudjEuUGxhY2VzLlNlYXJjaFRleHQQAhgEIAA,2026-08-20
Hot,Ramadha Fitness Center,Gym,Muscat,NO_WEBSITE,no website on the Google listing,,9365 2527,https://maps.google.com/?cid=8235118821894722478&g_mp=Cidnb29nbGUubWFwcy5wbGFjZXMudjEuUGxhY2VzLlNlYXJjaFRleHQQAhgEIAA,2026-08-20
Hot,Rant A Car,Car rental,Seeb,NO_WEBSITE,no website on the Google listing,,9181 3011,https://maps.google.com/?cid=17029873984851723479&g_mp=Cidnb29nbGUubWFwcy5wbGFjZXMudjEuUGxhY2VzLlNlYXJjaFRleHQQAhgEIAA,2026-08-20
Hot,Rathath Al Jabel,Restaurant,Sohar,NO_WEBSITE,no website on the Google listing,,9666 3533,https://maps.google.com/?cid=16249155133564764166&g_mp=Cidnb29nbGUubWFwcy5wbGFjZXMudjEuUGxhY2VzLlNlYXJjaFRleHQQAhgEIAA,2026-08-20
Hot,Rawa Barka Trading LLC (Black Tiger),Trading company,Barka,NO_WEBSITE,no website on the Google listing,,9592 0298,https://maps.google.com/?cid=9486766900463958320&g_mp=Cidnb29nbGUubWFwcy5wbGFjZXMudjEuUGxhY2VzLlNlYXJjaFRleHQQAhgEIAA,2026-08-20
Hot,Rawnq alalia beauty center,Salon,Sohar,NO_WEBSITE,no website on the Google listing,,9975 9766,https://maps.google.com/?cid=13926327193845500953&g_mp=Cidnb29nbGUubWFwcy5wbGFjZXMudjEuUGxhY2VzLlNlYXJjaFRleHQQAhgEIAA,2026-08-20
Hot,Ray of Hope Private School,Private school,Seeb,NO_WEBSITE,no website on the Google listing,,9553 8670,https://maps.google.com/?cid=640581391638260843&g_mp=Cidnb29nbGUubWFwcy5wbGFjZXMudjEuUGxhY2VzLlNlYXJjaFRleHQQAhgEIAA,2026-08-20
Hot,Rayn Travel and Tours,Travel & tourism,Muscat,NO_WEBSITE,no website on the Google listing,,7171 7388,https://maps.google.com/?cid=16315978882080947743&g_mp=Cidnb29nbGUubWFwcy5wbGFjZXMudjEuUGxhY2VzLlNlYXJjaFRleHQQAhgEIAA,2026-08-20
Hot,Real estate agent,Real estate,Muscat,NO_WEBSITE,no website on the Google listing,,9185 8181,https://maps.google.com/?cid=7113523794058924597&g_mp=Cidnb29nbGUubWFwcy5wbGFjZXMudjEuUGxhY2VzLlNlYXJjaFRleHQQAhgEIAA,2026-08-20
Hot,"Real Estate Brokerage, Rental Acar",Real estate,Salalah,NO_WEBSITE,no website on the Google listing,,9949 2533,https://maps.google.com/?cid=12004311496454432566&g_mp=Cidnb29nbGUubWFwcy5wbGFjZXMudjEuUGxhY2VzLlNlYXJjaFRleHQQAhgEIAA,2026-08-20
Hot,Real Estate oman,Real estate,Ruwi,NO_WEBSITE,no website on the Google listing,,7820 5948,https://maps.google.com/?cid=403701760362710137&g_mp=Cidnb29nbGUubWFwcy5wbGFjZXMudjEuUGxhY2VzLlNlYXJjaFRleHQQAhgEIAA,2026-08-20
Hot,Redan Dental clinic عيادة ريدان لطب الأسنان,Dental clinic,Salalah,NO_WEBSITE,no website on the Google listing,,9331 8108,https://maps.google.com/?cid=11298839673064193131&g_mp=Cidnb29nbGUubWFwcy5wbGFjZXMudjEuUGxhY2VzLlNlYXJjaFRleHQQAhgEIAA,2026-08-20
Hot,Reem Sohar Trading,Trading company,Sohar,NO_WEBSITE,no website on the Google listing,,9421 8222,https://maps.google.com/?cid=1761602885168755053&g_mp=Cidnb29nbGUubWFwcy5wbGFjZXMudjEuUGxhY2VzLlNlYXJjaFRleHQQAhgEIAA,2026-08-20
Hot,Reflection Salon and Spa صالون الانعكاس و سبا,Salon,Al Khuwair,NO_WEBSITE,no website on the Google listing,,24 475763,https://maps.google.com/?cid=483938501874577450&g_mp=Cidnb29nbGUubWFwcy5wbGFjZXMudjEuUGxhY2VzLlNlYXJjaFRleHQQAhgEIAA,2026-08-20
Hot,Rehab Amer Law Firm رحاب عامر للمحاماة,Law firm,Al Khuwair,NO_WEBSITE,no website on the Google listing,,9637 6666,https://maps.google.com/?cid=7410500294834822618&g_mp=Cidnb29nbGUubWFwcy5wbGFjZXMudjEuUGxhY2VzLlNlYXJjaFRleHQQAhgEIAA,2026-08-20
Hot,REMAL AL SHWATE TRADING,Trading company,Sur,NO_WEBSITE,no website on the Google listing,,9527 0001,https://maps.google.com/?cid=274992345288727625&g_mp=Cidnb29nbGUubWFwcy5wbGFjZXMudjEuUGxhY2VzLlNlYXJjaFRleHQQAhgEIAA,2026-08-20
Hot,RENAD BEAUTY CENTER,Salon,Barka,NO_WEBSITE,no website on the Google listing,,9913 1160,https://maps.google.com/?cid=4487720040926382746&g_mp=Cidnb29nbGUubWFwcy5wbGFjZXMudjEuUGxhY2VzLlNlYXJjaFRleHQQAhgEIAA,2026-08-20
Hot,Rent A Car - الشهباء لتأجير السيارات,Car rental,Sur,NO_WEBSITE,no website on the Google listing,,9662 7838,https://maps.google.com/?cid=6961444695233561551&g_mp=Cidnb29nbGUubWFwcy5wbGFjZXMudjEuUGxhY2VzLlNlYXJjaFRleHQQAhgEIAA,2026-08-20
Hot,Rent A Car - تأجير السيارات,Car rental,Ruwi,NO_WEBSITE,no website on the Google listing,,9095 7579,https://maps.google.com/?cid=6172409023970895785&g_mp=Cidnb29nbGUubWFwcy5wbGFjZXMudjEuUGxhY2VzLlNlYXJjaFRleHQQAhgEIAA,2026-08-20
Hot,Rent A Car Abu Jubair تأجيرالسيارات أبو جبير,Car rental,Sohar,NO_WEBSITE,no website on the Google listing,,9957 9975,https://maps.google.com/?cid=9884502231552784791&g_mp=Cidnb29nbGUubWFwcy5wbGFjZXMudjEuUGxhY2VzLlNlYXJjaFRleHQQAhgEIAA,2026-08-20
Hot,Rent A Car AL SHAHBA,Car rental,Nizwa,NO_WEBSITE,no website on the Google listing,,9480 0754,https://maps.google.com/?cid=17991136223373000594&g_mp=Cidnb29nbGUubWFwcy5wbGFjZXMudjEuUGxhY2VzLlNlYXJjaFRleHQQAhgEIAA,2026-08-20
Hot,Rent A Car Nizwa Al Shahba الشــــهبـــــاء لتأجير السيارات,Car rental,Nizwa,NO_WEBSITE,no website on the Google listing,,9466 4721,https://maps.google.com/?cid=17318914349615851829&g_mp=Cidnb29nbGUubWFwcy5wbGFjZXMudjEuUGxhY2VzLlNlYXJjaFRleHQQAhgEIAA,2026-08-20
Hot,RENT A CAR الأختيار المميز تاجير سيارات,Car rental,Sohar,NO_WEBSITE,no website on the Google listing,,9824 4733,https://maps.google.com/?cid=16004564365204815212&g_mp=Cidnb29nbGUubWFwcy5wbGFjZXMudjEuUGxhY2VzLlNlYXJjaFRleHQQAhgEIAA,2026-08-20
Hot,RESTAURANT,Restaurant,Al Khuwair,NO_WEBSITE,no website on the Google listing,,9280 0142,https://maps.google.com/?cid=8688952337653420827&g_mp=Cidnb29nbGUubWFwcy5wbGFjZXMudjEuUGxhY2VzLlNlYXJjaFRleHQQAhgEIAA,2026-08-20
Hot,Restaurant Author's Cuisine,Restaurant,Ruwi,NO_WEBSITE,no website on the Google listing,,9283 3381,https://maps.google.com/?cid=11874226819353120381&g_mp=Cidnb29nbGUubWFwcy5wbGFjZXMudjEuUGxhY2VzLlNlYXJjaFRleHQQAhgEIAA,2026-08-20
Hot,Rhythm Gym,Gym,Salalah,NO_WEBSITE,no website on the Google listing,,9222 6292,https://maps.google.com/?cid=5344381605390864692&g_mp=Cidnb29nbGUubWFwcy5wbGFjZXMudjEuUGxhY2VzLlNlYXJjaFRleHQQAhgEIAA,2026-08-20
Hot,Romansia Beauty Centre,Salon,Barka,NO_WEBSITE,no website on the Google listing,,26 984026,https://maps.google.com/?cid=540812240398111064&g_mp=Cidnb29nbGUubWFwcy5wbGFjZXMudjEuUGxhY2VzLlNlYXJjaFRleHQQAhgEIAA,2026-08-20
Hot,Ronza Spa,Salon,Sohar,NO_WEBSITE,no website on the Google listing,,9955 0131,https://maps.google.com/?cid=17852728009202617889&g_mp=Cidnb29nbGUubWFwcy5wbGFjZXMudjEuUGxhY2VzLlNlYXJjaFRleHQQAhgEIAA,2026-08-20
Hot,Rooh Al Amani Cosmetics & Beauty Supplies,Salon,Ruwi,NO_WEBSITE,no website on the Google listing,,7918 4268,https://maps.google.com/?cid=13822805596092443689&g_mp=Cidnb29nbGUubWFwcy5wbGFjZXMudjEuUGxhY2VzLlNlYXJjaFRleHQQAhgEIAA,2026-08-20
Hot,Rosalie Restaurant,Restaurant,Salalah,NO_WEBSITE,no website on the Google listing,,9807 6066,https://maps.google.com/?cid=10741182139537274486&g_mp=Cidnb29nbGUubWFwcy5wbGFjZXMudjEuUGxhY2VzLlNlYXJjaFRleHQQAhgEIAA,2026-08-20
Hot,Roses Breeze Travel And Tours نسيم الورد للسفريات والرحلات,Travel & tourism,Barka,NO_WEBSITE,no website on the Google listing,,7117 7216,https://maps.google.com/?cid=2026723994017292336&g_mp=Cidnb29nbGUubWFwcy5wbGFjZXMudjEuUGxhY2VzLlNlYXJjaFRleHQQAhgEIAA,2026-08-20
Hot,Rouba al dahlia,Salon,Nizwa,NO_WEBSITE,no website on the Google listing,,9838 4129,https://maps.google.com/?cid=7802345082723801565&g_mp=Cidnb29nbGUubWFwcy5wbGFjZXMudjEuUGxhY2VzLlNlYXJjaFRleHQQAhgEIAA,2026-08-20
Hot,"Rouche Beauty Salon, Bousher",Salon,Ruwi,NO_WEBSITE,no website on the Google listing,,9794 7877,https://maps.google.com/?cid=12582756976033987475&g_mp=Cidnb29nbGUubWFwcy5wbGFjZXMudjEuUGxhY2VzLlNlYXJjaFRleHQQAhgEIAA,2026-08-20
Hot,Royal Afghan Restaurant مطعم الرویال الافغاني,Restaurant,Al Khuwair,NO_WEBSITE,no website on the Google listing,,7831 3515,https://maps.google.com/?cid=12376482964625378700&g_mp=Cidnb29nbGUubWFwcy5wbGFjZXMudjEuUGxhY2VzLlNlYXJjaFRleHQQAhgEIAA,2026-08-20
Hot,Royal City Properties,Real estate,Muscat,NO_WEBSITE,no website on the Google listing,,9061 7722,https://maps.google.com/?cid=16642079518189255338&g_mp=Cidnb29nbGUubWFwcy5wbGFjZXMudjEuUGxhY2VzLlNlYXJjaFRleHQQAhgEIAA,2026-08-20
Hot,Royal Clinic,Medical clinic,Nizwa,NO_WEBSITE,no website on the Google listing,,22 390800,https://maps.google.com/?cid=12900120598929846651&g_mp=Cidnb29nbGUubWFwcy5wbGFjZXMudjEuUGxhY2VzLlNlYXJjaFRleHQQAhgEIAA,2026-08-20
Hot,Royal lavender beauty center,Salon,Sohar,NO_WEBSITE,no website on the Google listing,,9534 4433,https://maps.google.com/?cid=15329566710694191634&g_mp=Cidnb29nbGUubWFwcy5wbGFjZXMudjEuUGxhY2VzLlNlYXJjaFRleHQQAhgEIAA,2026-08-20
Hot,Royal Touch Trading & Contracting llc,Trading company,Nizwa,NO_WEBSITE,no website on the Google listing,,9241 2764,https://maps.google.com/?cid=12645326920655439300&g_mp=Cidnb29nbGUubWFwcy5wbGFjZXMudjEuUGxhY2VzLlNlYXJjaFRleHQQAhgEIAA,2026-08-20
Hot,RS Beauty Lounge & SPA,Salon,Ruwi,NO_WEBSITE,no website on the Google listing,,9571 1212,https://maps.google.com/?cid=15831275131131059512&g_mp=Cidnb29nbGUubWFwcy5wbGFjZXMudjEuUGxhY2VzLlNlYXJjaFRleHQQAhgEIAA,2026-08-20
Hot,Rufan center مرکز روفان لـلأناقة والــتجميــل,Salon,Barka,NO_WEBSITE,no website on the Google listing,,9469 3800,https://maps.google.com/?cid=2216773650217824019&g_mp=Cidnb29nbGUubWFwcy5wbGFjZXMudjEuUGxhY2VzLlNlYXJjaFRleHQQAhgEIAA,2026-08-20
Hot,runway travel and tours,Travel & tourism,Barka,NO_WEBSITE,no website on the Google listing,,7175 0666,https://maps.google.com/?cid=1295951646940287188&g_mp=Cidnb29nbGUubWFwcy5wbGFjZXMudjEuUGxhY2VzLlNlYXJjaFRleHQQAhgEIAA,2026-08-20
Hot,RUWI FITNESS GYM LADIES & GENTS,Gym,Ruwi,NO_WEBSITE,no website on the Google listing,,7910 1073,https://maps.google.com/?cid=8611169349838444120&g_mp=Cidnb29nbGUubWFwcy5wbGFjZXMudjEuUGxhY2VzLlNlYXJjaFRleHQQAhgEIAA,2026-08-20
Hot,RuwiTrading co.LLC,Trading company,Ruwi,NO_WEBSITE,no website on the Google listing,,24 816666,https://maps.google.com/?cid=18181213610180390017&g_mp=Cidnb29nbGUubWFwcy5wbGFjZXMudjEuUGxhY2VzLlNlYXJjaFRleHQQAhgEIAA,2026-08-20
Hot,Sabalat Alaqer سبلة العقر,Restaurant,Nizwa,NO_WEBSITE,no website on the Google listing,,9117 1152,https://maps.google.com/?cid=5620309373747659634&g_mp=Cidnb29nbGUubWFwcy5wbGFjZXMudjEuUGxhY2VzLlNlYXJjaFRleHQQAhgEIAA,2026-08-20
Hot,Sabrina beauty parlour,Salon,Sur,NO_WEBSITE,no website on the Google listing,,9220 1003,https://maps.google.com/?cid=2841676248555211105&g_mp=Cidnb29nbGUubWFwcy5wbGFjZXMudjEuUGxhY2VzLlNlYXJjaFRleHQQAhgEIAA,2026-08-20
Hot,Sahari Restaurant,Restaurant,Sur,NO_WEBSITE,no website on the Google listing,,9628 1508,https://maps.google.com/?cid=6056811101880545047&g_mp=Cidnb29nbGUubWFwcy5wbGFjZXMudjEuUGxhY2VzLlNlYXJjaFRleHQQAhgEIAA,2026-08-20
Hot,Saif Al-Naabi Law Firm,Law firm,Seeb,NO_WEBSITE,no website on the Google listing,,9710 0001,https://maps.google.com/?cid=5225885464867395011&g_mp=Cidnb29nbGUubWFwcy5wbGFjZXMudjEuUGxhY2VzLlNlYXJjaFRleHQQAhgEIAA,2026-08-20
Hot,Saif Salim Essa Al Harasi & Co. LLC,Contractor,Muscat,NO_WEBSITE,no website on the Google listing,,24 703266,https://maps.google.com/?cid=3836532517015681199&g_mp=Cidnb29nbGUubWFwcy5wbGFjZXMudjEuUGxhY2VzLlNlYXJjaFRleHQQAhgEIAA,2026-08-20
Hot,"Salaam muscat restaurant, سلام مسقط مطعم",Restaurant,Al Khuwair,NO_WEBSITE,no website on the Google listing,,7410 6686,https://maps.google.com/?cid=4945231793378901422&g_mp=Cidnb29nbGUubWFwcy5wbGFjZXMudjEuUGxhY2VzLlNlYXJjaFRleHQQAhgEIAA,2026-08-20
Hot,Salalah Al Jadidah Health Center,Medical clinic,Salalah,NO_WEBSITE,no website on the Google listing,,23 291747,https://maps.google.com/?cid=32803713546392058&g_mp=Cidnb29nbGUubWFwcy5wbGFjZXMudjEuUGxhY2VzLlNlYXJjaFRleHQQAhgEIAA,2026-08-20
Hot,Salalah luxury apartments شقق فاخرة في صلالة,Real estate,Salalah,NO_WEBSITE,no website on the Google listing,,9605 8484,https://maps.google.com/?cid=3472870477660427823&g_mp=Cidnb29nbGUubWFwcy5wbGFjZXMudjEuUGxhY2VzLlNlYXJjaFRleHQQAhgEIAA,2026-08-20
Hot,Salalah Private School,Private school,Salalah,NO_WEBSITE,no website on the Google listing,,9992 5812,https://maps.google.com/?cid=6228050142760248449&g_mp=Cidnb29nbGUubWFwcy5wbGFjZXMudjEuUGxhY2VzLlNlYXJjaFRleHQQAhgEIAA,2026-08-20
Hot,Salalah Safar tours,Travel & tourism,Salalah,NO_WEBSITE,no website on the Google listing,,9853 7007,https://maps.google.com/?cid=9821449641926400612&g_mp=Cidnb29nbGUubWFwcy5wbGFjZXMudjEuUGxhY2VzLlNlYXJjaFRleHQQAhgEIAA,2026-08-20
Hot,Salalah Towers Travel &Tourism,Real estate,Salalah,NO_WEBSITE,no website on the Google listing,,9570 1000,https://maps.google.com/?cid=366758453547160128&g_mp=Cidnb29nbGUubWFwcy5wbGFjZXMudjEuUGxhY2VzLlNlYXJjaFRleHQQAhgEIAA,2026-08-20
Hot,Salar Restaurant,Restaurant,Barka,NO_WEBSITE,no website on the Google listing,,7773 9111,https://maps.google.com/?cid=12778084555632174159&g_mp=Cidnb29nbGUubWFwcy5wbGFjZXMudjEuUGxhY2VzLlNlYXJjaFRleHQQAhgEIAA,2026-08-20
Hot,SALEM AL-SHIBLI FOR THE LAW FIRM & LEGAL CONSULTANT OFFICE,Law firm,Sohar,NO_WEBSITE,no website on the Google listing,,9588 5519,https://maps.google.com/?cid=11236618066275405616&g_mp=Cidnb29nbGUubWFwcy5wbGFjZXMudjEuUGxhY2VzLlNlYXJjaFRleHQQAhgEIAA,2026-08-20
Hot,SALKAARA | Kerala Restaurant In Oman,Restaurant,Barka,NO_WEBSITE,no website on the Google listing,,9576 4255,https://maps.google.com/?cid=8566392330208788716&g_mp=Cidnb29nbGUubWFwcy5wbGFjZXMudjEuUGxhY2VzLlNlYXJjaFRleHQQAhgEIAA,2026-08-20
Hot,Salon de Muscat,Salon,Al Khuwair,NO_WEBSITE,no website on the Google listing,,9496 6238,https://maps.google.com/?cid=16574544233252188375&g_mp=Cidnb29nbGUubWFwcy5wbGFjZXMudjEuUGxhY2VzLlNlYXJjaFRleHQQAhgEIAA,2026-08-20
Hot,Salon eyes Anoud,Salon,Barka,NO_WEBSITE,no website on the Google listing,,9226 1414,https://maps.google.com/?cid=13064307182201763136&g_mp=Cidnb29nbGUubWFwcy5wbGFjZXMudjEuUGxhY2VzLlNlYXJjaFRleHQQAhgEIAA,2026-08-20
Hot,Salon luluzafar صالون لؤلؤة ظفار للتجميل,Salon,Salalah,NO_WEBSITE,no website on the Google listing,,9515 3337,https://maps.google.com/?cid=5534899714858719282&g_mp=Cidnb29nbGUubWFwcy5wbGFjZXMudjEuUGxhY2VzLlNlYXJjaFRleHQQAhgEIAA,2026-08-20
Hot,Saloon Clover longer,Salon,Sur,NO_WEBSITE,no website on the Google listing,,9784 4400,https://maps.google.com/?cid=18050251861929417274&g_mp=Cidnb29nbGUubWFwcy5wbGFjZXMudjEuUGxhY2VzLlNlYXJjaFRleHQQAhgEIAA,2026-08-20
Hot,Salwa Beauty Center,Salon,Seeb,NO_WEBSITE,no website on the Google listing,,24 536029,https://maps.google.com/?cid=13245928893658589568&g_mp=Cidnb29nbGUubWFwcy5wbGFjZXMudjEuUGxhY2VzLlNlYXJjaFRleHQQAhgEIAA,2026-08-20
Hot,SAMA TRAVEL & TOURISM,Travel & tourism,Seeb,NO_WEBSITE,no website on the Google listing,,24 548642,https://maps.google.com/?cid=10068201671240094277&g_mp=Cidnb29nbGUubWFwcy5wbGFjZXMudjEuUGxhY2VzLlNlYXJjaFRleHQQAhgEIAA,2026-08-20
Hot,Samar's Beauty Salon,Salon,Al Khuwair,NO_WEBSITE,no website on the Google listing,,9093 3555,https://maps.google.com/?cid=11964075358342622524&g_mp=Cidnb29nbGUubWFwcy5wbGFjZXMudjEuUGxhY2VzLlNlYXJjaFRleHQQAhgEIAA,2026-08-20
Hot,Samir Chalhoub & Partners Transport & Trading Company,Trading company,Sur,NO_WEBSITE,no website on the Google listing,,9941 1998,https://maps.google.com/?cid=10762437566897546560&g_mp=Cidnb29nbGUubWFwcy5wbGFjZXMudjEuUGxhY2VzLlNlYXJjaFRleHQQAhgEIAA,2026-08-20
Hot,Sanaa Al-Elm Private School / مدرسة سناء العلم الخاصة,Private school,Seeb,NO_WEBSITE,no website on the Google listing,,24 283966,https://maps.google.com/?cid=10285707535321179166&g_mp=Cidnb29nbGUubWFwcy5wbGFjZXMudjEuUGxhY2VzLlNlYXJjaFRleHQQAhgEIAA,2026-08-20
Hot,Sanaz hairstylist,Salon,Al Khuwair,NO_WEBSITE,no website on the Google listing,,9760 5514,https://maps.google.com/?cid=6627955092124458970&g_mp=Cidnb29nbGUubWFwcy5wbGFjZXMudjEuUGxhY2VzLlNlYXJjaFRleHQQAhgEIAA,2026-08-20
Hot,Sara Beauty Center مركز سارة للجمال,Salon,Seeb,NO_WEBSITE,no website on the Google listing,,9963 0001,https://maps.google.com/?cid=8576229342233028460&g_mp=Cidnb29nbGUubWFwcy5wbGFjZXMudjEuUGxhY2VzLlNlYXJjaFRleHQQAhgEIAA,2026-08-20
Hot,Saud Al Zadjali Lawyers & Consultants in Law,Law firm,Al Khuwair,NO_WEBSITE,no website on the Google listing,,9433 3337,https://maps.google.com/?cid=6962932420671703144&g_mp=Cidnb29nbGUubWFwcy5wbGFjZXMudjEuUGxhY2VzLlNlYXJjaFRleHQQAhgEIAA,2026-08-20
Hot,Saud Bahwan Polyclinic - Al Khuwair,Medical clinic,Al Khuwair,NO_WEBSITE,no website on the Google listing,,24 476900,https://maps.google.com/?cid=17376599504647875047&g_mp=Cidnb29nbGUubWFwcy5wbGFjZXMudjEuUGxhY2VzLlNlYXJjaFRleHQQAhgEIAA,2026-08-20
Hot,Sawsan al-Sham Beauty Center,Salon,Sur,NO_WEBSITE,no website on the Google listing,,9900 7259,https://maps.google.com/?cid=17013124164938819047&g_mp=Cidnb29nbGUubWFwcy5wbGFjZXMudjEuUGxhY2VzLlNlYXJjaFRleHQQAhgEIAA,2026-08-20
Hot,School Spring Rhetoric Basic Education,Private school,Barka,NO_WEBSITE,no website on the Google listing,,26 883187,https://maps.google.com/?cid=9979621500560121930&g_mp=Cidnb29nbGUubWFwcy5wbGFjZXMudjEuUGxhY2VzLlNlYXJjaFRleHQQAhgEIAA,2026-08-20
Hot,Sea Food,Restaurant,Seeb,NO_WEBSITE,no website on the Google listing,,9883 8036,https://maps.google.com/?cid=3851442029141025532&g_mp=Cidnb29nbGUubWFwcy5wbGFjZXMudjEuUGxhY2VzLlNlYXJjaFRleHQQAhgEIAA,2026-08-20
Hot,Sea Shell Hyderabadi Restaurant مطعم المحار الحيدربادي,Restaurant,Ruwi,NO_WEBSITE,no website on the Google listing,,24 830990,https://maps.google.com/?cid=6746389181517453678&g_mp=Cidnb29nbGUubWFwcy5wbGFjZXMudjEuUGxhY2VzLlNlYXJjaFRleHQQAhgEIAA,2026-08-20
Hot,Sea Star Restaurant,Restaurant,Salalah,NO_WEBSITE,no website on the Google listing,,9111 2307,https://maps.google.com/?cid=15466777761740761898&g_mp=Cidnb29nbGUubWFwcy5wbGFjZXMudjEuUGxhY2VzLlNlYXJjaFRleHQQAhgEIAA,2026-08-20
Hot,Secretary Dental Clinic Khuwair,Dental clinic,Al Khuwair,NO_WEBSITE,no website on the Google listing,,9999999,https://maps.google.com/?cid=11812884652658736919&g_mp=Cidnb29nbGUubWFwcy5wbGFjZXMudjEuUGxhY2VzLlNlYXJjaFRleHQQAhgEIAA,2026-08-20
Hot,Secrets Spa,Salon,Muscat,NO_WEBSITE,no website on the Google listing,,7703 3433,https://maps.google.com/?cid=5017058038088114879&g_mp=Cidnb29nbGUubWFwcy5wbGFjZXMudjEuUGxhY2VzLlNlYXJjaFRleHQQAhgEIAA,2026-08-20
Hot,Seeb Health Center,Medical clinic,Seeb,NO_WEBSITE,no website on the Google listing,,24 424678,https://maps.google.com/?cid=7918110072783508168&g_mp=Cidnb29nbGUubWFwcy5wbGFjZXMudjEuUGxhY2VzLlNlYXJjaFRleHQQAhgEIAA,2026-08-20
Hot,Seeb Waves Restaurant,Restaurant,Seeb,NO_WEBSITE,no website on the Google listing,,7954 8458,https://maps.google.com/?cid=11889972543467522462&g_mp=Cidnb29nbGUubWFwcy5wbGFjZXMudjEuUGxhY2VzLlNlYXJjaFRleHQQAhgEIAA,2026-08-20
Hot,Seeb Waves Restaurant & Grills - Al Hail,Restaurant,Seeb,NO_WEBSITE,no website on the Google listing,,7865 7649,https://maps.google.com/?cid=13453110846232115925&g_mp=Cidnb29nbGUubWFwcy5wbGFjZXMudjEuUGxhY2VzLlNlYXJjaFRleHQQAhgEIAA,2026-08-20
Hot,Seeb Waves Restaurant & Grills - Al Khuwair,Restaurant,Seeb,NO_WEBSITE,no website on the Google listing,,7844 8881,https://maps.google.com/?cid=11595807861501075166&g_mp=Cidnb29nbGUubWFwcy5wbGFjZXMudjEuUGxhY2VzLlNlYXJjaFRleHQQAhgEIAA,2026-08-20
Hot,Seema's Beauty Parlour,Salon,Al Khuwair,NO_WEBSITE,no website on the Google listing,,9902 4788,https://maps.google.com/?cid=11446388201348477127&g_mp=Cidnb29nbGUubWFwcy5wbGFjZXMudjEuUGxhY2VzLlNlYXJjaFRleHQQAhgEIAA,2026-08-20
Hot,Sehan Car Rental سيحان لتأجير السيارات,Car rental,Al Khuwair,NO_WEBSITE,no website on the Google listing,,9190 9018,https://maps.google.com/?cid=17267049241224452008&g_mp=Cidnb29nbGUubWFwcy5wbGFjZXMudjEuUGxhY2VzLlNlYXJjaFRleHQQAhgEIAA,2026-08-20
Hot,Selfie Thattukada 3,Restaurant,Sur,NO_WEBSITE,no website on the Google listing,,7745 4572,https://maps.google.com/?cid=12219991010524854596&g_mp=Cidnb29nbGUubWFwcy5wbGFjZXMudjEuUGxhY2VzLlNlYXJjaFRleHQQAhgEIAA,2026-08-20
Hot,Selfie Thattukada Restaurant,Restaurant,Sur,NO_WEBSITE,no website on the Google listing,,7723 2384,https://maps.google.com/?cid=12360355057783929466&g_mp=Cidnb29nbGUubWFwcy5wbGFjZXMudjEuUGxhY2VzLlNlYXJjaFRleHQQAhgEIAA,2026-08-20
Hot,Serenity beauty spa Muscat,Salon,Seeb,NO_WEBSITE,no website on the Google listing,,7722 3454,https://maps.google.com/?cid=8655404823723498073&g_mp=Cidnb29nbGUubWFwcy5wbGFjZXMudjEuUGxhY2VzLlNlYXJjaFRleHQQAhgEIAA,2026-08-20
Hot,Services & Trade Co. LLC,Contractor,Muscat,NO_WEBSITE,no website on the Google listing,,22 083000,https://maps.google.com/?cid=8238973344948481222&g_mp=Cidnb29nbGUubWFwcy5wbGFjZXMudjEuUGxhY2VzLlNlYXJjaFRleHQQAhgEIAA,2026-08-20
Hot,Seven Enterprises United | Medical Co-ordination,Medical clinic,Ruwi,NO_WEBSITE,no website on the Google listing,,9487 2001,https://maps.google.com/?cid=8433959623268693962&g_mp=Cidnb29nbGUubWFwcy5wbGFjZXMudjEuUGxhY2VzLlNlYXJjaFRleHQQAhgEIAA,2026-08-20
Hot,Sham Gardens Restaurant,Restaurant,Sur,NO_WEBSITE,no website on the Google listing,,9916 0530,https://maps.google.com/?cid=17809530309802870009&g_mp=Cidnb29nbGUubWFwcy5wbGFjZXMudjEuUGxhY2VzLlNlYXJjaFRleHQQAhgEIAA,2026-08-20
Hot,Shanfari Group of Companies Head Office مجموعة شركات الشنفري - المكتب الرئيسي,Trading company,Al Khuwair,NO_WEBSITE,no website on the Google listing,,24 602710,https://maps.google.com/?cid=11499528697281745128&g_mp=Cidnb29nbGUubWFwcy5wbGFjZXMudjEuUGxhY2VzLlNlYXJjaFRleHQQAhgEIAA,2026-08-20
Hot,SHARIFA BINT MOOSA AL ZADJALI CLINIC,Medical clinic,Sohar,NO_WEBSITE,no website on the Google listing,,26 841436,https://maps.google.com/?cid=9026690872797366378&g_mp=Cidnb29nbGUubWFwcy5wbGFjZXMudjEuUGxhY2VzLlNlYXJjaFRleHQQAhgEIAA,2026-08-20
Hot,Shawathin coffeshop and cafe مقهى وقهوة شواذن,Restaurant,Nizwa,NO_WEBSITE,no website on the Google listing,,9492 9246,https://maps.google.com/?cid=8461825424420405797&g_mp=Cidnb29nbGUubWFwcy5wbGFjZXMudjEuUGxhY2VzLlNlYXJjaFRleHQQAhgEIAA,2026-08-20
Hot,SHAWATI TRAVEL & TOURISM,Travel & tourism,Sohar,NO_WEBSITE,no website on the Google listing,,7950 1162,https://maps.google.com/?cid=4844014638337205830&g_mp=Cidnb29nbGUubWFwcy5wbGFjZXMudjEuUGxhY2VzLlNlYXJjaFRleHQQAhgEIAA,2026-08-20
Hot,Shawaya Al Khaleej Restaurant,Restaurant,Barka,NO_WEBSITE,no website on the Google listing,,9315 2828,https://maps.google.com/?cid=4766660040955598012&g_mp=Cidnb29nbGUubWFwcy5wbGFjZXMudjEuUGxhY2VzLlNlYXJjaFRleHQQAhgEIAA,2026-08-20
Hot,Shiny butterfly beauty salon,Salon,Seeb,NO_WEBSITE,no website on the Google listing,,7112 6008,https://maps.google.com/?cid=13466542201443641310&g_mp=Cidnb29nbGUubWFwcy5wbGFjZXMudjEuUGxhY2VzLlNlYXJjaFRleHQQAhgEIAA,2026-08-20
Hot,Shirin's Dental Clinic,Dental clinic,Al Khuwair,NO_WEBSITE,no website on the Google listing,,9210 6684,https://maps.google.com/?cid=1196304635367256232&g_mp=Cidnb29nbGUubWFwcy5wbGFjZXMudjEuUGxhY2VzLlNlYXJjaFRleHQQAhgEIAA,2026-08-20
Hot,SHIZIN SPA,Salon,Sohar,NO_WEBSITE,no website on the Google listing,,9388 8831,https://maps.google.com/?cid=7732322857675256294&g_mp=Cidnb29nbGUubWFwcy5wbGFjZXMudjEuUGxhY2VzLlNlYXJjaFRleHQQAhgEIAA,2026-08-20
Hot,SHYNI'S BEAUTY SALON,Salon,Barka,NO_WEBSITE,no website on the Google listing,,9592 1334,https://maps.google.com/?cid=4481688617967690121&g_mp=Cidnb29nbGUubWFwcy5wbGFjZXMudjEuUGxhY2VzLlNlYXJjaFRleHQQAhgEIAA,2026-08-20
Hot,Siham & Sana Beauty Center & Spa - Sohar,Salon,Sohar,NO_WEBSITE,no website on the Google listing,,9884 4350,https://maps.google.com/?cid=10286401258274180021&g_mp=Cidnb29nbGUubWFwcy5wbGFjZXMudjEuUGxhY2VzLlNlYXJjaFRleHQQAhgEIAA,2026-08-20
Hot,SILLA Fitness,Gym,Barka,NO_WEBSITE,no website on the Google listing,,7519 1695,https://maps.google.com/?cid=3100603601479388176&g_mp=Cidnb29nbGUubWFwcy5wbGFjZXMudjEuUGxhY2VzLlNlYXJjaFRleHQQAhgEIAA,2026-08-20
Hot,sina dental centre spc سینا عيادة الأسنان,Dental clinic,Barka,NO_WEBSITE,no website on the Google listing,,9210 1357,https://maps.google.com/?cid=6957841059363388875&g_mp=Cidnb29nbGUubWFwcy5wbGFjZXMudjEuUGxhY2VzLlNlYXJjaFRleHQQAhgEIAA,2026-08-20
Hot,SK Company,Law firm,Muscat,NO_WEBSITE,no website on the Google listing,,9969 6164,https://maps.google.com/?cid=14013001998292197020&g_mp=Cidnb29nbGUubWFwcy5wbGFjZXMudjEuUGxhY2VzLlNlYXJjaFRleHQQAhgEIAA,2026-08-20
Hot,Sky Trading & Contracting Co. LLC,Contractor,Ruwi,NO_WEBSITE,no website on the Google listing,,9464 6873,https://maps.google.com/?cid=3309570275739835610&g_mp=Cidnb29nbGUubWFwcy5wbGFjZXMudjEuUGxhY2VzLlNlYXJjaFRleHQQAhgEIAA,2026-08-20
Hot,skybae travel and tourism,Travel & tourism,Ruwi,NO_WEBSITE,no website on the Google listing,,9536 8881,https://maps.google.com/?cid=1335878244667108869&g_mp=Cidnb29nbGUubWFwcy5wbGFjZXMudjEuUGxhY2VzLlNlYXJjaFRleHQQAhgEIAA,2026-08-20
Hot,Smart Travel & Tourism,Travel & tourism,Seeb,NO_WEBSITE,no website on the Google listing,,24 550880,https://maps.google.com/?cid=15441558945963691882&g_mp=Cidnb29nbGUubWFwcy5wbGFjZXMudjEuUGxhY2VzLlNlYXJjaFRleHQQAhgEIAA,2026-08-20
Hot,Smile Care Dental Center - Bowsher,Dental clinic,Muscat,NO_WEBSITE,no website on the Google listing,,9755 8832,https://maps.google.com/?cid=15286895598434402367&g_mp=Cidnb29nbGUubWFwcy5wbGFjZXMudjEuUGxhY2VzLlNlYXJjaFRleHQQAhgEIAA,2026-08-20
Hot,Smile Care Dintal Center (Nizwa Branch,Dental clinic,Nizwa,NO_WEBSITE,no website on the Google listing,,9111 8876,https://maps.google.com/?cid=7558290559883700805&g_mp=Cidnb29nbGUubWFwcy5wbGFjZXMudjEuUGxhY2VzLlNlYXJjaFRleHQQAhgEIAA,2026-08-20
Hot,Smile House Dental Center,Dental clinic,Al Khuwair,NO_WEBSITE,no website on the Google listing,,9484 6148,https://maps.google.com/?cid=9156441173460590653&g_mp=Cidnb29nbGUubWFwcy5wbGFjZXMudjEuUGxhY2VzLlNlYXJjaFRleHQQAhgEIAA,2026-08-20
Hot,Smile's charm dental clinic عيادة سحر الابتسامة لطب الأسنان,Dental clinic,Muscat,NO_WEBSITE,no website on the Google listing,,9452 7172,https://maps.google.com/?cid=11074019344747019970&g_mp=Cidnb29nbGUubWFwcy5wbGFjZXMudjEuUGxhY2VzLlNlYXJjaFRleHQQAhgEIAA,2026-08-20
Hot,SNAPCY BROAST,Restaurant,Barka,NO_WEBSITE,no website on the Google listing,,7503 9859,https://maps.google.com/?cid=972434978254885152&g_mp=Cidnb29nbGUubWFwcy5wbGFjZXMudjEuUGxhY2VzLlNlYXJjaFRleHQQAhgEIAA,2026-08-20
Hot,Snowwhite Beauty center & spa | مركز بياض الثلج للتجميل,Salon,Al Khuwair,NO_WEBSITE,no website on the Google listing,,9944 6683,https://maps.google.com/?cid=15678190566845946461&g_mp=Cidnb29nbGUubWFwcy5wbGFjZXMudjEuUGxhY2VzLlNlYXJjaFRleHQQAhgEIAA,2026-08-20
Hot,Sohar Asphalt LLC,Contractor,Sohar,NO_WEBSITE,no website on the Google listing,,24 298381,https://maps.google.com/?cid=2232082510251959426&g_mp=Cidnb29nbGUubWFwcy5wbGFjZXMudjEuUGxhY2VzLlNlYXJjaFRleHQQAhgEIAA,2026-08-20
Hot,Sohar Beach private school,Private school,Sohar,NO_WEBSITE,no website on the Google listing,,9333 5807,https://maps.google.com/?cid=5778397610519660391&g_mp=Cidnb29nbGUubWFwcy5wbGFjZXMudjEuUGxhY2VzLlNlYXJjaFRleHQQAhgEIAA,2026-08-20
Hot,Sohar Eye Clinic,Medical clinic,Sohar,NO_WEBSITE,no website on the Google listing,,9382 3322,https://maps.google.com/?cid=14240380774954448569&g_mp=Cidnb29nbGUubWFwcy5wbGFjZXMudjEuUGxhY2VzLlNlYXJjaFRleHQQAhgEIAA,2026-08-20
Hot,Sohar Industrial Supplies & Trading LLC,Trading company,Al Khuwair,NO_WEBSITE,no website on the Google listing,,24 487141,https://maps.google.com/?cid=10458966403429241183&g_mp=Cidnb29nbGUubWFwcy5wbGFjZXMudjEuUGxhY2VzLlNlYXJjaFRleHQQAhgEIAA,2026-08-20
Hot,Sohar International Distinguish Trading and Services Company,Trading company,Sohar,NO_WEBSITE,no website on the Google listing,,7977 0814,https://maps.google.com/?cid=18126497164505937461&g_mp=Cidnb29nbGUubWFwcy5wbGFjZXMudjEuUGxhY2VzLlNlYXJjaFRleHQQAhgEIAA,2026-08-20
Hot,Sohar International Medical Center ( falaj branch ),Medical clinic,Sohar,NO_WEBSITE,no website on the Google listing,,26 850684,https://maps.google.com/?cid=9976032716675666712&g_mp=Cidnb29nbGUubWFwcy5wbGFjZXMudjEuUGxhY2VzLlNlYXJjaFRleHQQAhgEIAA,2026-08-20
Hot,Sohar Modern Medical Centre,Medical clinic,Sohar,NO_WEBSITE,no website on the Google listing,,9091 2005,https://maps.google.com/?cid=10601291518230016780&g_mp=Cidnb29nbGUubWFwcy5wbGFjZXMudjEuUGxhY2VzLlNlYXJjaFRleHQQAhgEIAA,2026-08-20
Hot,Sohar Restaurant,Restaurant,Sohar,NO_WEBSITE,no website on the Google listing,,24 112902,https://maps.google.com/?cid=2071587993922336179&g_mp=Cidnb29nbGUubWFwcy5wbGFjZXMudjEuUGxhY2VzLlNlYXJjaFRleHQQAhgEIAA,2026-08-20
Hot,Sohar soul spa,Salon,Sohar,NO_WEBSITE,no website on the Google listing,,7752 2505,https://maps.google.com/?cid=13888560893575540710&g_mp=Cidnb29nbGUubWFwcy5wbGFjZXMudjEuUGxhY2VzLlNlYXJjaFRleHQQAhgEIAA,2026-08-20
Hot,SOMAYA BEAUTY SALON 💅 💇‍♀️ صالون سمية بيوتي,Salon,Nizwa,NO_WEBSITE,no website on the Google listing,,9566 4810,https://maps.google.com/?cid=9032895817052296233&g_mp=Cidnb29nbGUubWFwcy5wbGFjZXMudjEuUGxhY2VzLlNlYXJjaFRleHQQAhgEIAA,2026-08-20
Hot,Sorouh Engineering & Contracting صروح للهندسة والمقاولات,Contractor,Salalah,NO_WEBSITE,no website on the Google listing,,9475 8045,https://maps.google.com/?cid=16025147294421682035&g_mp=Cidnb29nbGUubWFwcy5wbGFjZXMudjEuUGxhY2VzLlNlYXJjaFRleHQQAhgEIAA,2026-08-20
Hot,Spa,Salon,Barka,NO_WEBSITE,no website on the Google listing,,7760 2499,https://maps.google.com/?cid=7310526275455869156&g_mp=Cidnb29nbGUubWFwcy5wbGFjZXMudjEuUGxhY2VzLlNlYXJjaFRleHQQAhgEIAA,2026-08-20
Hot,SPICY HOTPOT 麻辣烫（Nizwa）,Restaurant,Nizwa,NO_WEBSITE,no website on the Google listing,,9554 9567,https://maps.google.com/?cid=2941631771121985285&g_mp=Cidnb29nbGUubWFwcy5wbGFjZXMudjEuUGxhY2VzLlNlYXJjaFRleHQQAhgEIAA,2026-08-20
Hot,Springdale Private School,Private school,Salalah,NO_WEBSITE,no website on the Google listing,,9669 2367,https://maps.google.com/?cid=17217712352586542014&g_mp=Cidnb29nbGUubWFwcy5wbGFjZXMudjEuUGxhY2VzLlNlYXJjaFRleHQQAhgEIAA,2026-08-20
Hot,Sprint rent a car,Car rental,Sohar,NO_WEBSITE,no website on the Google listing,,7676 0100,https://maps.google.com/?cid=1113421194760743529&g_mp=Cidnb29nbGUubWFwcy5wbGFjZXMudjEuUGxhY2VzLlNlYXJjaFRleHQQAhgEIAA,2026-08-20
Hot,SRHR,Contractor,Al Khuwair,NO_WEBSITE,no website on the Google listing,,24 476177,https://maps.google.com/?cid=15960810490112227747&g_mp=Cidnb29nbGUubWFwcy5wbGFjZXMudjEuUGxhY2VzLlNlYXJjaFRleHQQAhgEIAA,2026-08-20
Hot,ST LAWYERS &LEGAL,Law firm,Muscat,NO_WEBSITE,no website on the Google listing,,7720 0058,https://maps.google.com/?cid=8456862894047670190&g_mp=Cidnb29nbGUubWFwcy5wbGFjZXMudjEuUGxhY2VzLlNlYXJjaFRleHQQAhgEIAA,2026-08-20
Hot,ST.lawfirm - مكتب سالم الشعيلي والدكتور طلال المحاربي,Law firm,Seeb,NO_WEBSITE,no website on the Google listing,,9933 9120,https://maps.google.com/?cid=1821416817578580879&g_mp=Cidnb29nbGUubWFwcy5wbGFjZXMudjEuUGxhY2VzLlNlYXJjaFRleHQQAhgEIAA,2026-08-20
Hot,Star beauty salon,Salon,Ruwi,NO_WEBSITE,no website on the Google listing,,7872 3326,https://maps.google.com/?cid=7989280558047361349&g_mp=Cidnb29nbGUubWFwcy5wbGFjZXMudjEuUGxhY2VzLlNlYXJjaFRleHQQAhgEIAA,2026-08-20
Hot,Star Clinic عيادة النجم,Medical clinic,Ruwi,NO_WEBSITE,no website on the Google listing,,24 705150,https://maps.google.com/?cid=6196892474633826077&g_mp=Cidnb29nbGUubWFwcy5wbGFjZXMudjEuUGxhY2VzLlNlYXJjaFRleHQQAhgEIAA,2026-08-20
Hot,Star House Rent a car,Car rental,Ruwi,NO_WEBSITE,no website on the Google listing,,9514 9804,https://maps.google.com/?cid=465360177190747038&g_mp=Cidnb29nbGUubWFwcy5wbGFjZXMudjEuUGxhY2VzLlNlYXJjaFRleHQQAhgEIAA,2026-08-20
Hot,Star Medical Center,Medical clinic,Barka,NO_WEBSITE,no website on the Google listing,,9626 3737,https://maps.google.com/?cid=1833568112536744175&g_mp=Cidnb29nbGUubWFwcy5wbGFjZXMudjEuUGxhY2VzLlNlYXJjaFRleHQQAhgEIAA,2026-08-20
Hot,Star Raydan Restaurant,Restaurant,Sur,NO_WEBSITE,no website on the Google listing,,7114 5117,https://maps.google.com/?cid=15450682409930524131&g_mp=Cidnb29nbGUubWFwcy5wbGFjZXMudjEuUGxhY2VzLlNlYXJjaFRleHQQAhgEIAA,2026-08-20
Hot,STAR RESTAURANT WADI SHAB,Restaurant,Sur,NO_WEBSITE,no website on the Google listing,,9125 6085,https://maps.google.com/?cid=13447190608723471888&g_mp=Cidnb29nbGUubWFwcy5wbGFjZXMudjEuUGxhY2VzLlNlYXJjaFRleHQQAhgEIAA,2026-08-20
Hot,STEEL GYM,Gym,Sohar,NO_WEBSITE,no website on the Google listing,,7903 3303,https://maps.google.com/?cid=3086597458213884905&g_mp=Cidnb29nbGUubWFwcy5wbGFjZXMudjEuUGxhY2VzLlNlYXJjaFRleHQQAhgEIAA,2026-08-20
Hot,Stellar Private School مدرسة المشاهير الخاصة,Private school,Muscat,NO_WEBSITE,no website on the Google listing,,9333 1056,https://maps.google.com/?cid=13286386964031161823&g_mp=Cidnb29nbGUubWFwcy5wbGFjZXMudjEuUGxhY2VzLlNlYXJjaFRleHQQAhgEIAA,2026-08-20
Hot,Strong Fitness Ladies Gym,Gym,Seeb,NO_WEBSITE,no website on the Google listing,,9336 1418,https://maps.google.com/?cid=6162245188966896637&g_mp=Cidnb29nbGUubWFwcy5wbGFjZXMudjEuUGxhY2VzLlNlYXJjaFRleHQQAhgEIAA,2026-08-20
Hot,Style fitness for ladies ستايل للياقه البدنيه للنساء,Gym,Nizwa,NO_WEBSITE,no website on the Google listing,,25 218448,https://maps.google.com/?cid=8690694508082447287&g_mp=Cidnb29nbGUubWFwcy5wbGFjZXMudjEuUGxhY2VzLlNlYXJjaFRleHQQAhgEIAA,2026-08-20
Hot,Style saloon center,Salon,Nizwa,NO_WEBSITE,no website on the Google listing,,25 411119,https://maps.google.com/?cid=2441122849157492836&g_mp=Cidnb29nbGUubWFwcy5wbGFjZXMudjEuUGxhY2VzLlNlYXJjaFRleHQQAhgEIAA,2026-08-20
Hot,Suhar gate dental clinic,Dental clinic,Sohar,NO_WEBSITE,no website on the Google listing,,7732 6618,https://maps.google.com/?cid=1125559863740648051&g_mp=Cidnb29nbGUubWFwcy5wbGFjZXMudjEuUGxhY2VzLlNlYXJjaFRleHQQAhgEIAA,2026-08-20
Hot,Sulaiman Alrawahi law firm,Law firm,Seeb,NO_WEBSITE,no website on the Google listing,,9922 2615,https://maps.google.com/?cid=2063037966761875001&g_mp=Cidnb29nbGUubWFwcy5wbGFjZXMudjEuUGxhY2VzLlNlYXJjaFRleHQQAhgEIAA,2026-08-20
Hot,Suleyum Al Kiyumi Trading Warehouse سليم الكيومي للتحارة - المستودعات,Trading company,Nizwa,NO_WEBSITE,no website on the Google listing,,24 593641,https://maps.google.com/?cid=8346160103071565284&g_mp=Cidnb29nbGUubWFwcy5wbGFjZXMudjEuUGxhY2VzLlNlYXJjaFRleHQQAhgEIAA,2026-08-20
Hot,SUNRISE LIGHTS TRADING (Barka),Trading company,Barka,NO_WEBSITE,no website on the Google listing,,9495 2434 ext. 93397957,https://maps.google.com/?cid=1791434369942991940&g_mp=Cidnb29nbGUubWFwcy5wbGFjZXMudjEuUGxhY2VzLlNlYXJjaFRleHQQAhgEIAA,2026-08-20
Hot,Sunrise Medical Center,Medical clinic,Sur,NO_WEBSITE,no website on the Google listing,,9571 0795,https://maps.google.com/?cid=3571408537470000634&g_mp=Cidnb29nbGUubWFwcy5wbGFjZXMudjEuUGxhY2VzLlNlYXJjaFRleHQQAhgEIAA,2026-08-20
Hot,Sunrise Trading Solutions LLC,Trading company,Barka,NO_WEBSITE,no website on the Google listing,,9148 0495,https://maps.google.com/?cid=2611542336960746675&g_mp=Cidnb29nbGUubWFwcy5wbGFjZXMudjEuUGxhY2VzLlNlYXJjaFRleHQQAhgEIAA,2026-08-20
Hot,SUPREME TRADING AND SUPPLIES SPC OMAN,Trading company,Ruwi,NO_WEBSITE,no website on the Google listing,,9923 4346,https://maps.google.com/?cid=262296316286876548&g_mp=Cidnb29nbGUubWFwcy5wbGFjZXMudjEuUGxhY2VzLlNlYXJjaFRleHQQAhgEIAA,2026-08-20
Hot,Sur City Travel & Tourism,Travel & tourism,Sur,NO_WEBSITE,no website on the Google listing,,9105 5460,https://maps.google.com/?cid=10073662607479050405&g_mp=Cidnb29nbGUubWFwcy5wbGFjZXMudjEuUGxhY2VzLlNlYXJjaFRleHQQAhgEIAA,2026-08-20
Hot,Sur Istanbul Restaurant,Restaurant,Sur,NO_WEBSITE,no website on the Google listing,,9778 8361,https://maps.google.com/?cid=5790682932827089079&g_mp=Cidnb29nbGUubWFwcy5wbGFjZXMudjEuUGxhY2VzLlNlYXJjaFRleHQQAhgEIAA,2026-08-20
Hot,Sur Rant A Car نسمات صور لتأجير السيارات,Car rental,Sur,NO_WEBSITE,no website on the Google listing,,9898 2446,https://maps.google.com/?cid=13968077285644654249&g_mp=Cidnb29nbGUubWFwcy5wbGFjZXMudjEuUGxhY2VzLlNlYXJjaFRleHQQAhgEIAA,2026-08-20
Hot,SUR RENT A CAR. ولايه صور تأجير السيارات,Car rental,Sur,NO_WEBSITE,no website on the Google listing,,9559 4077,https://maps.google.com/?cid=6934121428562390766&g_mp=Cidnb29nbGUubWFwcy5wbGFjZXMudjEuUGxhY2VzLlNlYXJjaFRleHQQAhgEIAA,2026-08-20
Hot,Sur Since Collage,Restaurant,Sur,NO_WEBSITE,no website on the Google listing,,9883 9416,https://maps.google.com/?cid=11363474014509148015&g_mp=Cidnb29nbGUubWFwcy5wbGFjZXMudjEuUGxhY2VzLlNlYXJjaFRleHQQAhgEIAA,2026-08-20
Hot,Sur Spa - Massage and Spa Center in Sur Oman,Medical clinic,Sur,NO_WEBSITE,no website on the Google listing,,7995 7712,https://maps.google.com/?cid=1592327605047777118&g_mp=Cidnb29nbGUubWFwcy5wbGFjZXMudjEuUGxhY2VzLlNlYXJjaFRleHQQAhgEIAA,2026-08-20
Hot,Sur Star Resturant,Restaurant,Sur,NO_WEBSITE,no website on the Google listing,,9258 9563,https://maps.google.com/?cid=18342659704271532173&g_mp=Cidnb29nbGUubWFwcy5wbGFjZXMudjEuUGxhY2VzLlNlYXJjaFRleHQQAhgEIAA,2026-08-20
Hot,Swar Aldine dental clinic,Dental clinic,Salalah,NO_WEBSITE,no website on the Google listing,,9099 2324,https://maps.google.com/?cid=8123785223003948178&g_mp=Cidnb29nbGUubWFwcy5wbGFjZXMudjEuUGxhY2VzLlNlYXJjaFRleHQQAhgEIAA,2026-08-20
Hot,"Swasthya Chetna Lama Polyclinic, Al Khuwair, Muscat",Medical clinic,Al Khuwair,NO_WEBSITE,no website on the Google listing,,9285 6603,https://maps.google.com/?cid=6414286348234722963&g_mp=Cidnb29nbGUubWFwcy5wbGFjZXMudjEuUGxhY2VzLlNlYXJjaFRleHQQAhgEIAA,2026-08-20
Hot,SWISS RENT A CAR,Car rental,Salalah,NO_WEBSITE,no website on the Google listing,,7859 1590,https://maps.google.com/?cid=13804383987270585178&g_mp=Cidnb29nbGUubWFwcy5wbGFjZXMudjEuUGxhY2VzLlNlYXJjaFRleHQQAhgEIAA,2026-08-20
Hot,Syrian center for medical specialities,Medical clinic,Nizwa,NO_WEBSITE,no website on the Google listing,,22 836616,https://maps.google.com/?cid=8347008101358899342&g_mp=Cidnb29nbGUubWFwcy5wbGFjZXMudjEuUGxhY2VzLlNlYXJjaFRleHQQAhgEIAA,2026-08-20
Hot,Tabarak Private School,Private school,Seeb,NO_WEBSITE,no website on the Google listing,,24 535222,https://maps.google.com/?cid=2201975674767328267&g_mp=Cidnb29nbGUubWFwcy5wbGFjZXMudjEuUGxhY2VzLlNlYXJjaFRleHQQAhgEIAA,2026-08-20
Hot,Taiba Restaurant Seeb مطعم طيبة,Restaurant,Seeb,NO_WEBSITE,no website on the Google listing,,7856 7845,https://maps.google.com/?cid=506408117238083541&g_mp=Cidnb29nbGUubWFwcy5wbGFjZXMudjEuUGxhY2VzLlNlYXJjaFRleHQQAhgEIAA,2026-08-20
Hot,Taibah Dental Clinic,Dental clinic,Salalah,NO_WEBSITE,no website on the Google listing,,22 062109,https://maps.google.com/?cid=5091864004669922245&g_mp=Cidnb29nbGUubWFwcy5wbGFjZXMudjEuUGxhY2VzLlNlYXJjaFRleHQQAhgEIAA,2026-08-20
Hot,Taif Barka Trad. & Cont. LLC (Barka Br),Contractor,Barka,NO_WEBSITE,no website on the Google listing,,22 022091,https://maps.google.com/?cid=5060806370226324093&g_mp=Cidnb29nbGUubWFwcy5wbGFjZXMudjEuUGxhY2VzLlNlYXJjaFRleHQQAhgEIAA,2026-08-20
Hot,Taj Al Aroos Beauty Center,Salon,Al Khuwair,NO_WEBSITE,no website on the Google listing,,24 488008,https://maps.google.com/?cid=15659010865001038640&g_mp=Cidnb29nbGUubWFwcy5wbGFjZXMudjEuUGxhY2VzLlNlYXJjaFRleHQQAhgEIAA,2026-08-20
Hot,Taj Restaurant | مطعم تاج,Restaurant,Muscat,NO_WEBSITE,no website on the Google listing,,7800 6100,https://maps.google.com/?cid=14435343615294543716&g_mp=Cidnb29nbGUubWFwcy5wbGFjZXMudjEuUGxhY2VzLlNlYXJjaFRleHQQAhgEIAA,2026-08-20
Hot,Talaa Al Seeb Trading,Trading company,Seeb,NO_WEBSITE,no website on the Google listing,,9483 0920,https://maps.google.com/?cid=9379612222786631297&g_mp=Cidnb29nbGUubWFwcy5wbGFjZXMudjEuUGxhY2VzLlNlYXJjaFRleHQQAhgEIAA,2026-08-20
Hot,TAMEER Engineering Consultancy Oman,Contractor,Salalah,NO_WEBSITE,no website on the Google listing,,9949 4748,https://maps.google.com/?cid=8132020186395628522&g_mp=Cidnb29nbGUubWFwcy5wbGFjZXMudjEuUGxhY2VzLlNlYXJjaFRleHQQAhgEIAA,2026-08-20
Hot,Tandoor Wala - Golden Falcon LLC - Cafe & Grills,Restaurant,Ruwi,NO_WEBSITE,no website on the Google listing,,9512 6830,https://maps.google.com/?cid=15320193215367793533&g_mp=Cidnb29nbGUubWFwcy5wbGFjZXMudjEuUGxhY2VzLlNlYXJjaFRleHQQAhgEIAA,2026-08-20
Hot,Taste Of Maharajas Ruwi,Restaurant,Ruwi,NO_WEBSITE,no website on the Google listing,,7222 1242,https://maps.google.com/?cid=9114455554294131022&g_mp=Cidnb29nbGUubWFwcy5wbGFjZXMudjEuUGxhY2VzLlNlYXJjaFRleHQQAhgEIAA,2026-08-20
Hot,TAUFIQ TRAVEL & CARGO,Travel & tourism,Barka,NO_WEBSITE,no website on the Google listing,,9697 9839,https://maps.google.com/?cid=4090764688493718861&g_mp=Cidnb29nbGUubWFwcy5wbGFjZXMudjEuUGxhY2VzLlNlYXJjaFRleHQQAhgEIAA,2026-08-20
Hot,Tely junction restaurant,Restaurant,Sohar,NO_WEBSITE,no website on the Google listing,,7878 2847,https://maps.google.com/?cid=2966525584745951952&g_mp=Cidnb29nbGUubWFwcy5wbGFjZXMudjEuUGxhY2VzLlNlYXJjaFRleHQQAhgEIAA,2026-08-20
Hot,The beauty factory,Salon,Seeb,NO_WEBSITE,no website on the Google listing,,9654 3345,https://maps.google.com/?cid=5952157305674310396&g_mp=Cidnb29nbGUubWFwcy5wbGFjZXMudjEuUGxhY2VzLlNlYXJjaFRleHQQAhgEIAA,2026-08-20
Hot,The Biggest Fitness Gym Ghala,Gym,Muscat,NO_WEBSITE,no website on the Google listing,,7910 1073,https://maps.google.com/?cid=15982054099708371522&g_mp=Cidnb29nbGUubWFwcy5wbGFjZXMudjEuUGxhY2VzLlNlYXJjaFRleHQQAhgEIAA,2026-08-20
Hot,The Biggest Fitness Gym Mabela ladies and gents,Gym,Seeb,NO_WEBSITE,no website on the Google listing,,7910 1073,https://maps.google.com/?cid=15253989765019760761&g_mp=Cidnb29nbGUubWFwcy5wbGFjZXMudjEuUGxhY2VzLlNlYXJjaFRleHQQAhgEIAA,2026-08-20
Hot,The Biggest Fitness Gym Muttrah,Gym,Ruwi,NO_WEBSITE,no website on the Google listing,,7910 1073,https://maps.google.com/?cid=2393963185156530826&g_mp=Cidnb29nbGUubWFwcy5wbGFjZXMudjEuUGxhY2VzLlNlYXJjaFRleHQQAhgEIAA,2026-08-20
Hot,The Biggest Fitness Gym Seeb,Gym,Ruwi,NO_WEBSITE,no website on the Google listing,,7925 6585,https://maps.google.com/?cid=6416973242475792619&g_mp=Cidnb29nbGUubWFwcy5wbGFjZXMudjEuUGxhY2VzLlNlYXJjaFRleHQQAhgEIAA,2026-08-20
Hot,The Blue Medical Centre,Medical clinic,Seeb,NO_WEBSITE,no website on the Google listing,,24 553330,https://maps.google.com/?cid=1009558720401951820&g_mp=Cidnb29nbGUubWFwcy5wbGFjZXMudjEuUGxhY2VzLlNlYXJjaFRleHQQAhgEIAA,2026-08-20
Hot,The Crepe Cafe Sur,Restaurant,Sur,NO_WEBSITE,no website on the Google listing,,9919 4520,https://maps.google.com/?cid=11603778913141424698&g_mp=Cidnb29nbGUubWFwcy5wbGFjZXMudjEuUGxhY2VzLlNlYXJjaFRleHQQAhgEIAA,2026-08-20
Hot,THE FOOD STUDIO RESTAURANT- SOHAR,Restaurant,Sohar,NO_WEBSITE,no website on the Google listing,,7916 5017,https://maps.google.com/?cid=18156299959632641339&g_mp=Cidnb29nbGUubWFwcy5wbGFjZXMudjEuUGxhY2VzLlNlYXJjaFRleHQQAhgEIAA,2026-08-20
Hot,The Her Studio,Salon,Ruwi,NO_WEBSITE,no website on the Google listing,,9144 6919,https://maps.google.com/?cid=7155215682808832033&g_mp=Cidnb29nbGUubWFwcy5wbGFjZXMudjEuUGxhY2VzLlNlYXJjaFRleHQQAhgEIAA,2026-08-20
Hot,The Island Restaurant,Restaurant,Salalah,NO_WEBSITE,no website on the Google listing,,9551 4041,https://maps.google.com/?cid=14474742925811076604&g_mp=Cidnb29nbGUubWFwcy5wbGFjZXMudjEuUGxhY2VzLlNlYXJjaFRleHQQAhgEIAA,2026-08-20
Hot,The Kook Restaurant & Cafe,Restaurant,Ruwi,NO_WEBSITE,no website on the Google listing,,7191 6006,https://maps.google.com/?cid=8780962381838571753&g_mp=Cidnb29nbGUubWFwcy5wbGFjZXMudjEuUGxhY2VzLlNlYXJjaFRleHQQAhgEIAA,2026-08-20
Hot,The Lander Oman. Luxury Living Properties.,Real estate,Muscat,NO_WEBSITE,no website on the Google listing,,7266 6046,https://maps.google.com/?cid=7596795196796129920&g_mp=Cidnb29nbGUubWFwcy5wbGFjZXMudjEuUGxhY2VzLlNlYXJjaFRleHQQAhgEIAA,2026-08-20
Hot,The Mandarin - Chinese Restaurant,Restaurant,Sohar,NO_WEBSITE,no website on the Google listing,,9389 5655,https://maps.google.com/?cid=16712290930888589355&g_mp=Cidnb29nbGUubWFwcy5wbGFjZXMudjEuUGxhY2VzLlNlYXJjaFRleHQQAhgEIAA,2026-08-20
Hot,The nail spot,Salon,Barka,NO_WEBSITE,no website on the Google listing,,9955 6091,https://maps.google.com/?cid=12552859551245713108&g_mp=Cidnb29nbGUubWFwcy5wbGFjZXMudjEuUGxhY2VzLlNlYXJjaFRleHQQAhgEIAA,2026-08-20
Hot,The nails spa,Salon,Sur,NO_WEBSITE,no website on the Google listing,,9207 0002,https://maps.google.com/?cid=8558924973567019703&g_mp=Cidnb29nbGUubWFwcy5wbGFjZXMudjEuUGxhY2VzLlNlYXJjaFRleHQQAhgEIAA,2026-08-20
Hot,The Nawabs مطعم,Restaurant,Al Khuwair,NO_WEBSITE,no website on the Google listing,,24 480786,https://maps.google.com/?cid=2757996912816382425&g_mp=Cidnb29nbGUubWFwcy5wbGFjZXMudjEuUGxhY2VzLlNlYXJjaFRleHQQAhgEIAA,2026-08-20
Hot,THE STAR TRADING LLC,Trading company,Muscat,NO_WEBSITE,no website on the Google listing,,9744 7605,https://maps.google.com/?cid=4901227372515529250&g_mp=Cidnb29nbGUubWFwcy5wbGFjZXMudjEuUGxhY2VzLlNlYXJjaFRleHQQAhgEIAA,2026-08-20
Hot,The trading company of the modern market is L.L.C,Trading company,Sohar,NO_WEBSITE,no website on the Google listing,,7975 9397,https://maps.google.com/?cid=8848384245201232034&g_mp=Cidnb29nbGUubWFwcy5wbGFjZXMudjEuUGxhY2VzLlNlYXJjaFRleHQQAhgEIAA,2026-08-20
Hot,Theatrum Restaurant,Restaurant,Muscat,NO_WEBSITE,no website on the Google listing,,24 511874,https://maps.google.com/?cid=6025151307363574176&g_mp=Cidnb29nbGUubWFwcy5wbGFjZXMudjEuUGxhY2VzLlNlYXJjaFRleHQQAhgEIAA,2026-08-20
Hot,Three Poles Trad L L C,Contractor,Al Khuwair,NO_WEBSITE,no website on the Google listing,,24 693257,https://maps.google.com/?cid=1050149514239563097&g_mp=Cidnb29nbGUubWFwcy5wbGFjZXMudjEuUGxhY2VzLlNlYXJjaFRleHQQAhgEIAA,2026-08-20
Hot,TIPS'NTOES - BEAUTY LOUNGE,Salon,Sohar,NO_WEBSITE,no website on the Google listing,,22 529999,https://maps.google.com/?cid=7564373428589064252&g_mp=Cidnb29nbGUubWFwcy5wbGFjZXMudjEuUGxhY2VzLlNlYXJjaFRleHQQAhgEIAA,2026-08-20
Hot,TITO MOROCCAN SPA,Salon,Sohar,NO_WEBSITE,no website on the Google listing,,9259 8529,https://maps.google.com/?cid=3440129908149924173&g_mp=Cidnb29nbGUubWFwcy5wbGFjZXMudjEuUGxhY2VzLlNlYXJjaFRleHQQAhgEIAA,2026-08-20
Hot,Tmrn Jiujitsu and Fitness,Gym,Sur,NO_WEBSITE,no website on the Google listing,,9602 0244,https://maps.google.com/?cid=6763743040794964155&g_mp=Cidnb29nbGUubWFwcy5wbGFjZXMudjEuUGxhY2VzLlNlYXJjaFRleHQQAhgEIAA,2026-08-20
Hot,"Torque Fitness Studio, Salalah",Gym,Salalah,NO_WEBSITE,no website on the Google listing,,9179 3072,https://maps.google.com/?cid=2906186504821751796&g_mp=Cidnb29nbGUubWFwcy5wbGFjZXMudjEuUGxhY2VzLlNlYXJjaFRleHQQAhgEIAA,2026-08-20
Hot,Travel & Tourisum (Skybound Travels),Travel & tourism,Sohar,NO_WEBSITE,no website on the Google listing,,7177 7240,https://maps.google.com/?cid=6193737594514380638&g_mp=Cidnb29nbGUubWFwcy5wbGFjZXMudjEuUGxhY2VzLlNlYXJjaFRleHQQAhgEIAA,2026-08-20
Hot,Travel City LLC,Travel & tourism,Nizwa,NO_WEBSITE,no website on the Google listing,,25 412005,https://maps.google.com/?cid=6617063136383189076&g_mp=Cidnb29nbGUubWFwcy5wbGFjZXMudjEuUGxhY2VzLlNlYXJjaFRleHQQAhgEIAA,2026-08-20
Hot,Travel Hub Travel & Tours,Travel & tourism,Al Khuwair,NO_WEBSITE,no website on the Google listing,,9433 4195,https://maps.google.com/?cid=5530534826061684981&g_mp=Cidnb29nbGUubWFwcy5wbGFjZXMudjEuUGxhY2VzLlNlYXJjaFRleHQQAhgEIAA,2026-08-20
Hot,Tulin beauty lounge صالة تولين للتجميل,Salon,Barka,NO_WEBSITE,no website on the Google listing,,9473 3379,https://maps.google.com/?cid=6925622551645113164&g_mp=Cidnb29nbGUubWFwcy5wbGFjZXMudjEuUGxhY2VzLlNlYXJjaFRleHQQAhgEIAA,2026-08-20
Hot,Turkish Corner Restaurant,Restaurant,Barka,NO_WEBSITE,no website on the Google listing,,9090 4681,https://maps.google.com/?cid=3682646871169026117&g_mp=Cidnb29nbGUubWFwcy5wbGFjZXMudjEuUGxhY2VzLlNlYXJjaFRleHQQAhgEIAA,2026-08-20
Hot,TURKISH CREATIVITY BARBER,Salon,Nizwa,NO_WEBSITE,no website on the Google listing,,9693 6200,https://maps.google.com/?cid=461750137225634080&g_mp=Cidnb29nbGUubWFwcy5wbGFjZXMudjEuUGxhY2VzLlNlYXJjaFRleHQQAhgEIAA,2026-08-20
Hot,Turkish Days Restaurant,Restaurant,Muscat,NO_WEBSITE,no website on the Google listing,,9111 1301,https://maps.google.com/?cid=8551805485912668010&g_mp=Cidnb29nbGUubWFwcy5wbGFjZXMudjEuUGxhY2VzLlNlYXJjaFRleHQQAhgEIAA,2026-08-20
Hot,Turkish House Restaurant,Restaurant,Muscat,NO_WEBSITE,no website on the Google listing,,24 488071,https://maps.google.com/?cid=11838667388713199790&g_mp=Cidnb29nbGUubWFwcy5wbGFjZXMudjEuUGxhY2VzLlNlYXJjaFRleHQQAhgEIAA,2026-08-20
Hot,Turkish Palace Restaurant مطعم القصر التركي,Restaurant,Seeb,NO_WEBSITE,no website on the Google listing,,24 544840,https://maps.google.com/?cid=6063545112559209239&g_mp=Cidnb29nbGUubWFwcy5wbGFjZXMudjEuUGxhY2VzLlNlYXJjaFRleHQQAhgEIAA,2026-08-20
Hot,Twenty Five Ladies Fitness Center,Gym,Seeb,NO_WEBSITE,no website on the Google listing,,9509 9952,https://maps.google.com/?cid=9925623163064848282&g_mp=Cidnb29nbGUubWFwcy5wbGFjZXMudjEuUGxhY2VzLlNlYXJjaFRleHQQAhgEIAA,2026-08-20
Hot,Two Eighteen Travel And Tours Ltd,Travel & tourism,Muscat,NO_WEBSITE,no website on the Google listing,,7738 3970,https://maps.google.com/?cid=8215176826253341520&g_mp=Cidnb29nbGUubWFwcy5wbGFjZXMudjEuUGxhY2VzLlNlYXJjaFRleHQQAhgEIAA,2026-08-20
Hot,U FIT GYM LADIES & GENTS RUWI,Gym,Ruwi,NO_WEBSITE,no website on the Google listing,,7821 6700,https://maps.google.com/?cid=14076865498140456971&g_mp=Cidnb29nbGUubWFwcy5wbGFjZXMudjEuUGxhY2VzLlNlYXJjaFRleHQQAhgEIAA,2026-08-20
Hot,Udupi Grand Pure Vegetarian Restaurant,Restaurant,Al Khuwair,NO_WEBSITE,no website on the Google listing,,7632 1883,https://maps.google.com/?cid=9412345079394721381&g_mp=Cidnb29nbGUubWFwcy5wbGFjZXMudjEuUGxhY2VzLlNlYXJjaFRleHQQAhgEIAA,2026-08-20
Hot,Um Salama Dental Clinic,Medical clinic,Ruwi,NO_WEBSITE,no website on the Google listing,,7976 1704,https://maps.google.com/?cid=17944048212206207645&g_mp=Cidnb29nbGUubWFwcy5wbGFjZXMudjEuUGxhY2VzLlNlYXJjaFRleHQQAhgEIAA,2026-08-20
Hot,Umm Zahra Restaurant Al khuwair,Restaurant,Al Khuwair,NO_WEBSITE,no website on the Google listing,,7500 1251,https://maps.google.com/?cid=12889761212330928710&g_mp=Cidnb29nbGUubWFwcy5wbGFjZXMudjEuUGxhY2VzLlNlYXJjaFRleHQQAhgEIAA,2026-08-20
Hot,UNION LINE Car Rental,Car rental,Salalah,NO_WEBSITE,no website on the Google listing,,9897 9761,https://maps.google.com/?cid=1875158241312594876&g_mp=Cidnb29nbGUubWFwcy5wbGFjZXMudjEuUGxhY2VzLlNlYXJjaFRleHQQAhgEIAA,2026-08-20
Hot,Union Trading Business LLC,Trading company,Seeb,NO_WEBSITE,no website on the Google listing,,9695 1997,https://maps.google.com/?cid=17938671537668887940&g_mp=Cidnb29nbGUubWFwcy5wbGFjZXMudjEuUGxhY2VzLlNlYXJjaFRleHQQAhgEIAA,2026-08-20
Hot,Unique Head Office,Contractor,Ruwi,NO_WEBSITE,no website on the Google listing,,24 782898,https://maps.google.com/?cid=11453995332119063794&g_mp=Cidnb29nbGUubWFwcy5wbGFjZXMudjEuUGxhY2VzLlNlYXJjaFRleHQQAhgEIAA,2026-08-20
Hot,United Investment Trading Company SPC,Trading company,Sohar,NO_WEBSITE,no website on the Google listing,,9617 3793,https://maps.google.com/?cid=5485984348498404991&g_mp=Cidnb29nbGUubWFwcy5wbGFjZXMudjEuUGxhY2VzLlNlYXJjaFRleHQQAhgEIAA,2026-08-20
Hot,United watch Trading Company,Trading company,Salalah,NO_WEBSITE,no website on the Google listing,,7888 0606,https://maps.google.com/?cid=13650433700351222020&g_mp=Cidnb29nbGUubWFwcy5wbGFjZXMudjEuUGxhY2VzLlNlYXJjaFRleHQQAhgEIAA,2026-08-20
Hot,Universal Fitness يونيفريسال للياقة,Gym,Seeb,NO_WEBSITE,no website on the Google listing,,9241 3693,https://maps.google.com/?cid=14403824947167357004&g_mp=Cidnb29nbGUubWFwcy5wbGFjZXMudjEuUGxhY2VzLlNlYXJjaFRleHQQAhgEIAA,2026-08-20
Hot,Urban Tadka Restaurant - Ghala,Restaurant,Muscat,NO_WEBSITE,no website on the Google listing,,7724 1314,https://maps.google.com/?cid=16007761144487861428&g_mp=Cidnb29nbGUubWFwcy5wbGFjZXMudjEuUGxhY2VzLlNlYXJjaFRleHQQAhgEIAA,2026-08-20
Hot,Vaidyans Fish and Grill Restaurant,Restaurant,Sur,NO_WEBSITE,no website on the Google listing,,9518 0146,https://maps.google.com/?cid=7165664598838507757&g_mp=Cidnb29nbGUubWFwcy5wbGFjZXMudjEuUGxhY2VzLlNlYXJjaFRleHQQAhgEIAA,2026-08-20
Hot,Vera Dental Center,Dental clinic,Seeb,NO_WEBSITE,no website on the Google listing,,9662 3802,https://maps.google.com/?cid=16295789911787471426&g_mp=Cidnb29nbGUubWFwcy5wbGFjZXMudjEuUGxhY2VzLlNlYXJjaFRleHQQAhgEIAA,2026-08-20
Hot,Veranda Restaurant,Restaurant,Nizwa,NO_WEBSITE,no website on the Google listing,,25 229000,https://maps.google.com/?cid=15385390156257908338&g_mp=Cidnb29nbGUubWFwcy5wbGFjZXMudjEuUGxhY2VzLlNlYXJjaFRleHQQAhgEIAA,2026-08-20
Hot,VIANA beauty lounge - فيانا بيوتي,Salon,Sohar,NO_WEBSITE,no website on the Google listing,,7114 8661,https://maps.google.com/?cid=1975861512078627537&g_mp=Cidnb29nbGUubWFwcy5wbGFjZXMudjEuUGxhY2VzLlNlYXJjaFRleHQQAhgEIAA,2026-08-20
Hot,Vikings SPA,Salon,Sohar,NO_WEBSITE,no website on the Google listing,,9476 0134,https://maps.google.com/?cid=5048436743405390614&g_mp=Cidnb29nbGUubWFwcy5wbGFjZXMudjEuUGxhY2VzLlNlYXJjaFRleHQQAhgEIAA,2026-08-20
Hot,Villa/Farmhouse for rent Salalah,Real estate,Salalah,NO_WEBSITE,no website on the Google listing,,9096 6785,https://maps.google.com/?cid=10004710791546229231&g_mp=Cidnb29nbGUubWFwcy5wbGFjZXMudjEuUGxhY2VzLlNlYXJjaFRleHQQAhgEIAA,2026-08-20
Hot,Villas for sale فله للبيع ف الشخاخيط,Real estate,Barka,NO_WEBSITE,no website on the Google listing,,9699 6697,https://maps.google.com/?cid=15537523487217637215&g_mp=Cidnb29nbGUubWFwcy5wbGFjZXMudjEuUGxhY2VzLlNlYXJjaFRleHQQAhgEIAA,2026-08-20
Hot,Vintage Restaurant,Restaurant,Seeb,NO_WEBSITE,no website on the Google listing,,7774 0050,https://maps.google.com/?cid=17789735501561530584&g_mp=Cidnb29nbGUubWFwcy5wbGFjZXMudjEuUGxhY2VzLlNlYXJjaFRleHQQAhgEIAA,2026-08-20
Hot,Violet Spring Beauty Center for Women,Salon,Sohar,NO_WEBSITE,no website on the Google listing,,26 945597,https://maps.google.com/?cid=5817949342312681753&g_mp=Cidnb29nbGUubWFwcy5wbGFjZXMudjEuUGxhY2VzLlNlYXJjaFRleHQQAhgEIAA,2026-08-20
Hot,"Visa medical, Badr alsama Nizwa",Medical clinic,Nizwa,NO_WEBSITE,no website on the Google listing,,25 447775,https://maps.google.com/?cid=11342557786983970820&g_mp=Cidnb29nbGUubWFwcy5wbGFjZXMudjEuUGxhY2VzLlNlYXJjaFRleHQQAhgEIAA,2026-08-20
Hot,Viva MedCare Polyclinic - مجمع ڤيڤاميدكير الطبي,Medical clinic,Seeb,NO_WEBSITE,no website on the Google listing,,22 060002,https://maps.google.com/?cid=17987448978327394404&g_mp=Cidnb29nbGUubWFwcy5wbGFjZXMudjEuUGxhY2VzLlNlYXJjaFRleHQQAhgEIAA,2026-08-20
Hot,Volt Gym,Gym,Ruwi,NO_WEBSITE,no website on the Google listing,,9911 6158,https://maps.google.com/?cid=7018384429076511174&g_mp=Cidnb29nbGUubWFwcy5wbGFjZXMudjEuUGxhY2VzLlNlYXJjaFRleHQQAhgEIAA,2026-08-20
Hot,Wadhha beauty spa /Al Khoud وضحى بيوتي سبا فرع الخوض,Salon,Seeb,NO_WEBSITE,no website on the Google listing,,9483 1635,https://maps.google.com/?cid=12213653353602846502&g_mp=Cidnb29nbGUubWFwcy5wbGFjZXMudjEuUGxhY2VzLlNlYXJjaFRleHQQAhgEIAA,2026-08-20
Hot,Wahat Sohar,Real estate,Sohar,NO_WEBSITE,no website on the Google listing,,9935 3409,https://maps.google.com/?cid=8490201760118778782&g_mp=Cidnb29nbGUubWFwcy5wbGFjZXMudjEuUGxhY2VzLlNlYXJjaFRleHQQAhgEIAA,2026-08-20
Hot,"Wahid Travel, Tourism and Cargo LLC",Travel & tourism,Salalah,NO_WEBSITE,no website on the Google listing,,9835 6789,https://maps.google.com/?cid=5652555251402890272&g_mp=Cidnb29nbGUubWFwcy5wbGFjZXMudjEuUGxhY2VzLlNlYXJjaFRleHQQAhgEIAA,2026-08-20
Hot,Waneela Poly Clinic,Medical clinic,Al Khuwair,NO_WEBSITE,no website on the Google listing,,9931 4365,https://maps.google.com/?cid=10247380473812781739&g_mp=Cidnb29nbGUubWFwcy5wbGFjZXMudjEuUGxhY2VzLlNlYXJjaFRleHQQAhgEIAA,2026-08-20
Hot,Waves Engineering Consultancy ( Barka),Contractor,Barka,NO_WEBSITE,no website on the Google listing,,7119 8485,https://maps.google.com/?cid=13137724281984049317&g_mp=Cidnb29nbGUubWFwcy5wbGFjZXMudjEuUGxhY2VzLlNlYXJjaFRleHQQAhgEIAA,2026-08-20
Hot,Wawan Gym Oman,Gym,Seeb,NO_WEBSITE,no website on the Google listing,,9891 2661,https://maps.google.com/?cid=14775758800618262528&g_mp=Cidnb29nbGUubWFwcy5wbGFjZXMudjEuUGxhY2VzLlNlYXJjaFRleHQQAhgEIAA,2026-08-20
Hot,Wawan Ladies Gym,Gym,Seeb,NO_WEBSITE,no website on the Google listing,,7940 0666,https://maps.google.com/?cid=16044744903980148895&g_mp=Cidnb29nbGUubWFwcy5wbGFjZXMudjEuUGxhY2VzLlNlYXJjaFRleHQQAhgEIAA,2026-08-20
Hot,Western Salalah Clinic Center,Medical clinic,Salalah,NO_WEBSITE,no website on the Google listing,,23 289139,https://maps.google.com/?cid=5497176286866775385&g_mp=Cidnb29nbGUubWFwcy5wbGFjZXMudjEuUGxhY2VzLlNlYXJjaFRleHQQAhgEIAA,2026-08-20
Hot,White Angel Beauty Center,Salon,Salalah,NO_WEBSITE,no website on the Google listing,,23 293311,https://maps.google.com/?cid=15887594577692737618&g_mp=Cidnb29nbGUubWFwcy5wbGFjZXMudjEuUGxhY2VzLlNlYXJjaFRleHQQAhgEIAA,2026-08-20
Hot,White Cave National Trading Barka,Trading company,Barka,NO_WEBSITE,no website on the Google listing,,9927 1618,https://maps.google.com/?cid=8024009566823704758&g_mp=Cidnb29nbGUubWFwcy5wbGFjZXMudjEuUGxhY2VzLlNlYXJjaFRleHQQAhgEIAA,2026-08-20
Hot,White Shark Gym (24/7),Gym,Seeb,NO_WEBSITE,no website on the Google listing,,9944 1599,https://maps.google.com/?cid=13308053463978421583&g_mp=Cidnb29nbGUubWFwcy5wbGFjZXMudjEuUGxhY2VzLlNlYXJjaFRleHQQAhgEIAA,2026-08-20
Hot,Wholesale of Foodstuff and Household items ( Royal zone trading),Trading company,Sohar,NO_WEBSITE,no website on the Google listing,,7897 1118,https://maps.google.com/?cid=9649054273338460511&g_mp=Cidnb29nbGUubWFwcy5wbGFjZXMudjEuUGxhY2VzLlNlYXJjaFRleHQQAhgEIAA,2026-08-20
Hot,Willowtree International Nursery,Private school,Salalah,NO_WEBSITE,no website on the Google listing,,9705 8411,https://maps.google.com/?cid=7436438879779384957&g_mp=Cidnb29nbGUubWFwcy5wbGFjZXMudjEuUGxhY2VzLlNlYXJjaFRleHQQAhgEIAA,2026-08-20
Hot,wolf gym 5047,Gym,Sohar,NO_WEBSITE,no website on the Google listing,,9331 8558,https://maps.google.com/?cid=7570557208893456015&g_mp=Cidnb29nbGUubWFwcy5wbGFjZXMudjEuUGxhY2VzLlNlYXJjaFRleHQQAhgEIAA,2026-08-20
Hot,Women's world saloon & Spa Ruwi,Salon,Ruwi,NO_WEBSITE,no website on the Google listing,,7840 0152,https://maps.google.com/?cid=2068725805011850384&g_mp=Cidnb29nbGUubWFwcy5wbGFjZXMudjEuUGxhY2VzLlNlYXJjaFRleHQQAhgEIAA,2026-08-20
Hot,World Express Travels Barka,Travel & tourism,Barka,NO_WEBSITE,no website on the Google listing,,9170 6262,https://maps.google.com/?cid=12079733151452476787&g_mp=Cidnb29nbGUubWFwcy5wbGFjZXMudjEuUGxhY2VzLlNlYXJjaFRleHQQAhgEIAA,2026-08-20
Hot,World Fitness Gym,Gym,Seeb,NO_WEBSITE,no website on the Google listing,,7821 2828,https://maps.google.com/?cid=9532551317894707895&g_mp=Cidnb29nbGUubWFwcy5wbGFjZXMudjEuUGxhY2VzLlNlYXJjaFRleHQQAhgEIAA,2026-08-20
Hot,World Fitness Gym مركز العالم للياقة البدنية,Gym,Seeb,NO_WEBSITE,no website on the Google listing,,7123 9535,https://maps.google.com/?cid=9389501680289320999&g_mp=Cidnb29nbGUubWFwcy5wbGFjZXMudjEuUGxhY2VzLlNlYXJjaFRleHQQAhgEIAA,2026-08-20
Hot,World Gate Global Travel & Car Rental,Car rental,Salalah,NO_WEBSITE,no website on the Google listing,,7242 9911,https://maps.google.com/?cid=2022298306009110507&g_mp=Cidnb29nbGUubWFwcy5wbGFjZXMudjEuUGxhY2VzLlNlYXJjaFRleHQQAhgEIAA,2026-08-20
Hot,world gate rent a car,Car rental,Salalah,NO_WEBSITE,no website on the Google listing,,9224 6074,https://maps.google.com/?cid=11128435271380819262&g_mp=Cidnb29nbGUubWFwcy5wbGFjZXMudjEuUGxhY2VzLlNlYXJjaFRleHQQAhgEIAA,2026-08-20
Hot,WORLDAIR TRAVEL AND TOURISM,Travel & tourism,Ruwi,NO_WEBSITE,no website on the Google listing,,7108 2333,https://maps.google.com/?cid=7092785526249741830&g_mp=Cidnb29nbGUubWFwcy5wbGFjZXMudjEuUGxhY2VzLlNlYXJjaFRleHQQAhgEIAA,2026-08-20
Hot,WS Restaurant & Cafe,Restaurant,Salalah,NO_WEBSITE,no website on the Google listing,,9986 4458,https://maps.google.com/?cid=2092437531512688502&g_mp=Cidnb29nbGUubWFwcy5wbGFjZXMudjEuUGxhY2VzLlNlYXJjaFRleHQQAhgEIAA,2026-08-20
Hot,Y&R sohar,Contractor,Sohar,NO_WEBSITE,no website on the Google listing,,9556 1999,https://maps.google.com/?cid=12583226896937807066&g_mp=Cidnb29nbGUubWFwcy5wbGFjZXMudjEuUGxhY2VzLlNlYXJjaFRleHQQAhgEIAA,2026-08-20
Hot,Yamam Medical Center مركز اليمام الطبي,Medical clinic,Barka,NO_WEBSITE,no website on the Google listing,,7670 1649,https://maps.google.com/?cid=4655948955540781291&g_mp=Cidnb29nbGUubWFwcy5wbGFjZXMudjEuUGxhY2VzLlNlYXJjaFRleHQQAhgEIAA,2026-08-20
Hot,YAS Travel & Tours,Travel & tourism,Salalah,NO_WEBSITE,no website on the Google listing,,9904 4256,https://maps.google.com/?cid=3261309888494239151&g_mp=Cidnb29nbGUubWFwcy5wbGFjZXMudjEuUGxhY2VzLlNlYXJjaFRleHQQAhgEIAA,2026-08-20
Hot,Yasmin Al Sham Restaurant,Restaurant,Muscat,NO_WEBSITE,no website on the Google listing,,9454 4451,https://maps.google.com/?cid=2315150584461496794&g_mp=Cidnb29nbGUubWFwcy5wbGFjZXMudjEuUGxhY2VzLlNlYXJjaFRleHQQAhgEIAA,2026-08-20
Hot,Younus Fatah & Sons Trading Co.,Trading company,Salalah,NO_WEBSITE,no website on the Google listing,,23 210571,https://maps.google.com/?cid=15651668714452302672&g_mp=Cidnb29nbGUubWFwcy5wbGFjZXMudjEuUGxhY2VzLlNlYXJjaFRleHQQAhgEIAA,2026-08-20
Hot,Your Home Restaurant,Restaurant,Sohar,NO_WEBSITE,no website on the Google listing,,9636 6360,https://maps.google.com/?cid=8959722186797378990&g_mp=Cidnb29nbGUubWFwcy5wbGFjZXMudjEuUGxhY2VzLlNlYXJjaFRleHQQAhgEIAA,2026-08-20
Hot,Your Home Turkish Grill Restaurant,Restaurant,Sohar,NO_WEBSITE,no website on the Google listing,,9422 9494,https://maps.google.com/?cid=11312401067265919717&g_mp=Cidnb29nbGUubWFwcy5wbGFjZXMudjEuUGxhY2VzLlNlYXJjaFRleHQQAhgEIAA,2026-08-20
Hot,YUMI BEAUTY HUB,Salon,Al Khuwair,NO_WEBSITE,no website on the Google listing,,9145 1701,https://maps.google.com/?cid=7515991886510620769&g_mp=Cidnb29nbGUubWFwcy5wbGFjZXMudjEuUGxhY2VzLlNlYXJjaFRleHQQAhgEIAA,2026-08-20
Hot,Zaeem Foods- Sohar,Restaurant,Sohar,NO_WEBSITE,no website on the Google listing,,9244 7830,https://maps.google.com/?cid=16096373673148851867&g_mp=Cidnb29nbGUubWFwcy5wbGFjZXMudjEuUGxhY2VzLlNlYXJjaFRleHQQAhgEIAA,2026-08-20
Hot,zaharatfarah beauty salon,Salon,Ruwi,NO_WEBSITE,no website on the Google listing,,7984 1699,https://maps.google.com/?cid=4668084451176892341&g_mp=Cidnb29nbGUubWFwcy5wbGFjZXMudjEuUGxhY2VzLlNlYXJjaFRleHQQAhgEIAA,2026-08-20
Hot,Zahrat Muscat Dental Clinic,Medical clinic,Muscat,NO_WEBSITE,no website on the Google listing,,9788 8716,https://maps.google.com/?cid=1550347295661711286&g_mp=Cidnb29nbGUubWFwcy5wbGFjZXMudjEuUGxhY2VzLlNlYXJjaFRleHQQAhgEIAA,2026-08-20
Hot,Zaikedaar,Restaurant,Ruwi,NO_WEBSITE,no website on the Google listing,,7810 8897,https://maps.google.com/?cid=12399043357972769803&g_mp=Cidnb29nbGUubWFwcy5wbGFjZXMudjEuUGxhY2VzLlNlYXJjaFRleHQQAhgEIAA,2026-08-20
Hot,Zain Medical Centre مركز زين الطبي,Medical clinic,Sohar,NO_WEBSITE,no website on the Google listing,,26 649911,https://maps.google.com/?cid=17373573636885193678&g_mp=Cidnb29nbGUubWFwcy5wbGFjZXMudjEuUGxhY2VzLlNlYXJjaFRleHQQAhgEIAA,2026-08-20
Hot,Zakareya Al Yayaei Law Firm,Law firm,Muscat,NO_WEBSITE,no website on the Google listing,,9473 6608,https://maps.google.com/?cid=8703662103911962374&g_mp=Cidnb29nbGUubWFwcy5wbGFjZXMudjEuUGxhY2VzLlNlYXJjaFRleHQQAhgEIAA,2026-08-20
Hot,Zaki Restaurant,Restaurant,Sur,NO_WEBSITE,no website on the Google listing,,25 545221,https://maps.google.com/?cid=4818256189677525756&g_mp=Cidnb29nbGUubWFwcy5wbGFjZXMudjEuUGxhY2VzLlNlYXJjaFRleHQQAhgEIAA,2026-08-20
Hot,ZAMRAD BAHLA COFFEE SHOP,Restaurant,Ruwi,NO_WEBSITE,no website on the Google listing,,7637 2277,https://maps.google.com/?cid=11980888242602795731&g_mp=Cidnb29nbGUubWFwcy5wbGFjZXMudjEuUGxhY2VzLlNlYXJjaFRleHQQAhgEIAA,2026-08-20
Hot,ZAVI RENT A CAR زاوي لتأجير السيارات,Car rental,Seeb,NO_WEBSITE,no website on the Google listing,,9268 4651,https://maps.google.com/?cid=10210112160411540417&g_mp=Cidnb29nbGUubWFwcy5wbGFjZXMudjEuUGxhY2VzLlNlYXJjaFRleHQQAhgEIAA,2026-08-20
Hot,Zia Photos Alafeeh Trading & Contracting,Trading company,Sur,NO_WEBSITE,no website on the Google listing,,9900 7443,https://maps.google.com/?cid=4598937533042536617&g_mp=Cidnb29nbGUubWFwcy5wbGFjZXMudjEuUGxhY2VzLlNlYXJjaFRleHQQAhgEIAA,2026-08-20
Hot,Zient Alkwakib Salon صالون زينه الكواكب,Salon,Salalah,NO_WEBSITE,no website on the Google listing,,9958 6349,https://maps.google.com/?cid=11793497372207530280&g_mp=Cidnb29nbGUubWFwcy5wbGFjZXMudjEuUGxhY2VzLlNlYXJjaFRleHQQAhgEIAA,2026-08-20
Hot,Zohor Ladies Fitness Hall صالة زهور للسيدات,Gym,Nizwa,NO_WEBSITE,no website on the Google listing,,7178 8837,https://maps.google.com/?cid=4901766554185062452&g_mp=Cidnb29nbGUubWFwcy5wbGFjZXMudjEuUGxhY2VzLlNlYXJjaFRleHQQAhgEIAA,2026-08-20
Hot,Zozan ladies beauty salon,Salon,Muscat,NO_WEBSITE,no website on the Google listing,,7781 0909,https://maps.google.com/?cid=13301000428057218422&g_mp=Cidnb29nbGUubWFwcy5wbGFjZXMudjEuUGxhY2VzLlNlYXJjaFRleHQQAhgEIAA,2026-08-20
Hot,ZUOOR NIZWA TRAVEL AND TOURISM,Travel & tourism,Nizwa,NO_WEBSITE,no website on the Google listing,,7191 8242,https://maps.google.com/?cid=11802243561803812949&g_mp=Cidnb29nbGUubWFwcy5wbGFjZXMudjEuUGxhY2VzLlNlYXJjaFRleHQQAhgEIAA,2026-08-20
Hot,Zuvia Usmani beauty lounge صالون زوفيا عثماني للتجميل,Salon,Muscat,NO_WEBSITE,no website on the Google listing,,9939 3309,https://maps.google.com/?cid=14951401373872147118&g_mp=Cidnb29nbGUubWFwcy5wbGFjZXMudjEuUGxhY2VzLlNlYXJjaFRleHQQAhgEIAA,2026-08-20
Hot,أحمد المعمري للمحاماة والاستشارات القانونية law firm,Law firm,Sohar,NO_WEBSITE,no website on the Google listing,,9660 4096,https://maps.google.com/?cid=1949234598108828993&g_mp=Cidnb29nbGUubWFwcy5wbGFjZXMudjEuUGxhY2VzLlNlYXJjaFRleHQQAhgEIAA,2026-08-20
Hot,أساور العقارية Asawer Real Estate,Real estate,Muscat,NO_WEBSITE,no website on the Google listing,,24 619666,https://maps.google.com/?cid=13413072257350991771&g_mp=Cidnb29nbGUubWFwcy5wbGFjZXMudjEuUGxhY2VzLlNlYXJjaFRleHQQAhgEIAA,2026-08-20
Hot,أسفار الحديثه للسفر وسياحه,Travel & tourism,Barka,NO_WEBSITE,no website on the Google listing,,9737 8789,https://maps.google.com/?cid=5327175722168228509&g_mp=Cidnb29nbGUubWFwcy5wbGFjZXMudjEuUGxhY2VzLlNlYXJjaFRleHQQAhgEIAA,2026-08-20
Hot,أفضل الأطباء السوريين ،عيادة أفيسن للأسنان ،متوفركل أنواع علاجات الأسنان,Dental clinic,Sohar,NO_WEBSITE,no website on the Google listing,,7738 8496,https://maps.google.com/?cid=13551353118586573534&g_mp=Cidnb29nbGUubWFwcy5wbGFjZXMudjEuUGxhY2VzLlNlYXJjaFRleHQQAhgEIAA,2026-08-20
Hot,إدراك للخدمات العقارية,Real estate,Barka,NO_WEBSITE,no website on the Google listing,,9911 0229,https://maps.google.com/?cid=9484079130850745434&g_mp=Cidnb29nbGUubWFwcy5wbGFjZXMudjEuUGxhY2VzLlNlYXJjaFRleHQQAhgEIAA,2026-08-20
Hot,إطلالة الجمال/Pretty Looks,Salon,Salalah,NO_WEBSITE,no website on the Google listing,,9209 6251,https://maps.google.com/?cid=8952745129989575549&g_mp=Cidnb29nbGUubWFwcy5wbGFjZXMudjEuUGxhY2VzLlNlYXJjaFRleHQQAhgEIAA,2026-08-20
Hot,إيمار لتأجير السيارات | AIMAR Car Rental,Car rental,Sohar,NO_WEBSITE,no website on the Google listing,,7706 8090,https://maps.google.com/?cid=864470285336954052&g_mp=Cidnb29nbGUubWFwcy5wbGFjZXMudjEuUGxhY2VzLlNlYXJjaFRleHQQAhgEIAA,2026-08-20
Hot,اكس جيم Xgym,Gym,Sohar,NO_WEBSITE,no website on the Google listing,,7171 4777,https://maps.google.com/?cid=1905333538856339982&g_mp=Cidnb29nbGUubWFwcy5wbGFjZXMudjEuUGxhY2VzLlNlYXJjaFRleHQQAhgEIAA,2026-08-20
Hot,الأفضل للرعاية الصحية( BEST MEDICARE LLC ),Medical clinic,Sur,NO_WEBSITE,no website on the Google listing,,9329 2354,https://maps.google.com/?cid=17699923852673749638&g_mp=Cidnb29nbGUubWFwcy5wbGFjZXMudjEuUGxhY2VzLlNlYXJjaFRleHQQAhgEIAA,2026-08-20
Hot,الاتحاد العربي لتاجير السيارات,Car rental,Barka,NO_WEBSITE,no website on the Google listing,,9321 2140,https://maps.google.com/?cid=14285603237245350126&g_mp=Cidnb29nbGUubWFwcy5wbGFjZXMudjEuUGxhY2VzLlNlYXJjaFRleHQQAhgEIAA,2026-08-20
Hot,البراعة العالمية للخدمات العقارية,Real estate,Seeb,NO_WEBSITE,no website on the Google listing,,9957 1863,https://maps.google.com/?cid=8110233896428306197&g_mp=Cidnb29nbGUubWFwcy5wbGFjZXMudjEuUGxhY2VzLlNlYXJjaFRleHQQAhgEIAA,2026-08-20
Hot,التشكيلات الرائدة لتأجير السيارات فرع غلا - AL TASHLEELAT AL RAIEDA FOR RENT CAR,Car rental,Muscat,NO_WEBSITE,no website on the Google listing,,9966 4088,https://maps.google.com/?cid=1447662271812182716&g_mp=Cidnb29nbGUubWFwcy5wbGFjZXMudjEuUGxhY2VzLlNlYXJjaFRleHQQAhgEIAA,2026-08-20
Hot,التيسير لتأجير السيارات ALTAYSSER RENT A CAR,Car rental,Sohar,NO_WEBSITE,no website on the Google listing,,7170 7583,https://maps.google.com/?cid=9209491867136884517&g_mp=Cidnb29nbGUubWFwcy5wbGFjZXMudjEuUGxhY2VzLlNlYXJjaFRleHQQAhgEIAA,2026-08-20
Hot,الجزيرة العصرية لتأجير السيارات Modern Island Car Rental,Car rental,Sohar,NO_WEBSITE,no website on the Google listing,,9922 8639,https://maps.google.com/?cid=4618663615525572088&g_mp=Cidnb29nbGUubWFwcy5wbGFjZXMudjEuUGxhY2VzLlNlYXJjaFRleHQQAhgEIAA,2026-08-20
Hot,الجمال الأول,Salon,Sur,NO_WEBSITE,no website on the Google listing,,9503 5552,https://maps.google.com/?cid=4789793205894013493&g_mp=Cidnb29nbGUubWFwcy5wbGFjZXMudjEuUGxhY2VzLlNlYXJjaFRleHQQAhgEIAA,2026-08-20
Hot,الحصن للعقارات,Real estate,Salalah,NO_WEBSITE,no website on the Google listing,,9344 4432,https://maps.google.com/?cid=4180678506372758855&g_mp=Cidnb29nbGUubWFwcy5wbGFjZXMudjEuUGxhY2VzLlNlYXJjaFRleHQQAhgEIAA,2026-08-20
Hot,"الديوانية للحلوى العمانية, صور",Restaurant,Sur,NO_WEBSITE,no website on the Google listing,,9549 1522,https://maps.google.com/?cid=9046277920388471202&g_mp=Cidnb29nbGUubWFwcy5wbGFjZXMudjEuUGxhY2VzLlNlYXJjaFRleHQQAhgEIAA,2026-08-20
Hot,الذوق الایرانی,Restaurant,Seeb,NO_WEBSITE,no website on the Google listing,,9091 4442,https://maps.google.com/?cid=7828571620367676695&g_mp=Cidnb29nbGUubWFwcy5wbGFjZXMudjEuUGxhY2VzLlNlYXJjaFRleHQQAhgEIAA,2026-08-20
Hot,الريان للسفر والسياحة,Travel & tourism,Seeb,NO_WEBSITE,no website on the Google listing,,9386 7695,https://maps.google.com/?cid=1479904141512986966&g_mp=Cidnb29nbGUubWFwcy5wbGFjZXMudjEuUGxhY2VzLlNlYXJjaFRleHQQAhgEIAA,2026-08-20
Hot,الريحانة الملكية ROYAL BASIL,Salon,Sur,NO_WEBSITE,no website on the Google listing,,9777 8630,https://maps.google.com/?cid=3760809046253035922&g_mp=Cidnb29nbGUubWFwcy5wbGFjZXMudjEuUGxhY2VzLlNlYXJjaFRleHQQAhgEIAA,2026-08-20
Hot,الشراع المثالي لتأجير السيارات RENT A Car,Car rental,Sohar,NO_WEBSITE,no website on the Google listing,,9666 3185,https://maps.google.com/?cid=9308863117157830619&g_mp=Cidnb29nbGUubWFwcy5wbGFjZXMudjEuUGxhY2VzLlNlYXJjaFRleHQQAhgEIAA,2026-08-20
Hot,الشهباء لتأجير السيارات AL Shahba Rental,Car rental,Sohar,NO_WEBSITE,no website on the Google listing,,7937 1779,https://maps.google.com/?cid=7121253090673491781&g_mp=Cidnb29nbGUubWFwcy5wbGFjZXMudjEuUGxhY2VzLlNlYXJjaFRleHQQAhgEIAA,2026-08-20
Hot,الطيف السعيد لتأجير السيارات ALTAIF ALSAID RENT A CAR,Car rental,Nizwa,NO_WEBSITE,no website on the Google listing,,9552 5795,https://maps.google.com/?cid=1336083943226026935&g_mp=Cidnb29nbGUubWFwcy5wbGFjZXMudjEuUGxhY2VzLlNlYXJjaFRleHQQAhgEIAA,2026-08-20
Hot,العملاق للنساء,Gym,Salalah,NO_WEBSITE,no website on the Google listing,,9967 4998,https://maps.google.com/?cid=2793221902208859962&g_mp=Cidnb29nbGUubWFwcy5wbGFjZXMudjEuUGxhY2VzLlNlYXJjaFRleHQQAhgEIAA,2026-08-20
Hot,الفتوح الشاملة للحجامة وبيع الأعشاب روي مسقط مقابل جامع السلطان قابوس,Medical clinic,Ruwi,NO_WEBSITE,no website on the Google listing,,9696 4413,https://maps.google.com/?cid=1140973461396732481&g_mp=Cidnb29nbGUubWFwcy5wbGFjZXMudjEuUGxhY2VzLlNlYXJjaFRleHQQAhgEIAA,2026-08-20
Hot,الفقيه لتاجير السيارات - صلالة,Car rental,Salalah,NO_WEBSITE,no website on the Google listing,,9191 3466,https://maps.google.com/?cid=16231201458851805599&g_mp=Cidnb29nbGUubWFwcy5wbGFjZXMudjEuUGxhY2VzLlNlYXJjaFRleHQQAhgEIAA,2026-08-20
Hot,القلم للعقارات Alqalam Real Estate,Real estate,Seeb,NO_WEBSITE,no website on the Google listing,,9902 6611,https://maps.google.com/?cid=11008017749695697727&g_mp=Cidnb29nbGUubWFwcy5wbGFjZXMudjEuUGxhY2VzLlNlYXJjaFRleHQQAhgEIAA,2026-08-20
Hot,المدرسة الفكرية Al Fikriya School,Private school,Al Khuwair,NO_WEBSITE,no website on the Google listing,,24 255087,https://maps.google.com/?cid=12542474367758563607&g_mp=Cidnb29nbGUubWFwcy5wbGFjZXMudjEuUGxhY2VzLlNlYXJjaFRleHQQAhgEIAA,2026-08-20
Hot,المدينة لتأجير السيارات,Car rental,Barka,NO_WEBSITE,no website on the Google listing,,9509 8533,https://maps.google.com/?cid=890609741036876723&g_mp=Cidnb29nbGUubWFwcy5wbGFjZXMudjEuUGxhY2VzLlNlYXJjaFRleHQQAhgEIAA,2026-08-20
Hot,المركز الوطني للأسنان,Dental clinic,Nizwa,NO_WEBSITE,no website on the Google listing,,9562 6867,https://maps.google.com/?cid=2558913949113897705&g_mp=Cidnb29nbGUubWFwcy5wbGFjZXMudjEuUGxhY2VzLlNlYXJjaFRleHQQAhgEIAA,2026-08-20
Hot,المركز الوطني للأسنان (فرع المده),Dental clinic,Nizwa,NO_WEBSITE,no website on the Google listing,,9424 0050,https://maps.google.com/?cid=15845159367732364676&g_mp=Cidnb29nbGUubWFwcy5wbGFjZXMudjEuUGxhY2VzLlNlYXJjaFRleHQQAhgEIAA,2026-08-20
Hot,المقبالي وشركاؤه للمحاماة والاستشارات القانونية,Law firm,Al Khuwair,NO_WEBSITE,no website on the Google listing,,9744 4489,https://maps.google.com/?cid=14047934384001890141&g_mp=Cidnb29nbGUubWFwcy5wbGFjZXMudjEuUGxhY2VzLlNlYXJjaFRleHQQAhgEIAA,2026-08-20
Hot,المنار للخدمات العقارية,Real estate,Barka,NO_WEBSITE,no website on the Google listing,,9505 1881,https://maps.google.com/?cid=7007099676244961038&g_mp=Cidnb29nbGUubWFwcy5wbGFjZXMudjEuUGxhY2VzLlNlYXJjaFRleHQQAhgEIAA,2026-08-20
Hot,المواسم الاربعة للسفر والسياحة,Travel & tourism,Sohar,NO_WEBSITE,no website on the Google listing,,7114 1100,https://maps.google.com/?cid=13603597724464886462&g_mp=Cidnb29nbGUubWFwcy5wbGFjZXMudjEuUGxhY2VzLlNlYXJjaFRleHQQAhgEIAA,2026-08-20
Hot,الوحدة للعقارات ALWEHDA REALESTATE,Real estate,Seeb,NO_WEBSITE,no website on the Google listing,,9666 3001,https://maps.google.com/?cid=3876557562535538517&g_mp=Cidnb29nbGUubWFwcy5wbGFjZXMudjEuUGxhY2VzLlNlYXJjaFRleHQQAhgEIAA,2026-08-20
Hot,ام اي سبا MA man’s spa,Salon,Nizwa,NO_WEBSITE,no website on the Google listing,,7228 0969,https://maps.google.com/?cid=3665818452564459047&g_mp=Cidnb29nbGUubWFwcy5wbGFjZXMudjEuUGxhY2VzLlNlYXJjaFRleHQQAhgEIAA,2026-08-20
Hot,بروفيسور الحلاقه,Salon,Salalah,NO_WEBSITE,no website on the Google listing,,9389 6737,https://maps.google.com/?cid=2476658605557162860&g_mp=Cidnb29nbGUubWFwcy5wbGFjZXMudjEuUGxhY2VzLlNlYXJjaFRleHQQAhgEIAA,2026-08-20
Hot,بساتین الواہرہ اللتجارت)(basaten wahra),Car rental,Barka,NO_WEBSITE,no website on the Google listing,,22 387434,https://maps.google.com/?cid=17312660367998605449&g_mp=Cidnb29nbGUubWFwcy5wbGFjZXMudjEuUGxhY2VzLlNlYXJjaFRleHQQAhgEIAA,2026-08-20
Hot,بطي الوشاحي للمحاماة والاستشارات القانونية Batty Al washahi advocates & legal consultants,Law firm,Al Khuwair,NO_WEBSITE,no website on the Google listing,,9747 0707,https://maps.google.com/?cid=18426111789427370065&g_mp=Cidnb29nbGUubWFwcy5wbGFjZXMudjEuUGxhY2VzLlNlYXJjaFRleHQQAhgEIAA,2026-08-20
Hot,بيت الأمي Umma Veedu Restaurant Seeb,Restaurant,Seeb,NO_WEBSITE,no website on the Google listing,,7916 0006,https://maps.google.com/?cid=1804364033808728340&g_mp=Cidnb29nbGUubWFwcy5wbGFjZXMudjEuUGxhY2VzLlNlYXJjaFRleHQQAhgEIAA,2026-08-20
Hot,تأجير سيارات car rental بوشر الغبره الشماليه مسقط,Car rental,Muscat,NO_WEBSITE,no website on the Google listing,,9190 1077,https://maps.google.com/?cid=10719121172753039896&g_mp=Cidnb29nbGUubWFwcy5wbGFjZXMudjEuUGxhY2VzLlNlYXJjaFRleHQQAhgEIAA,2026-08-20
Hot,تأجير سيارات للجبل الاخضر,Car rental,Nizwa,NO_WEBSITE,no website on the Google listing,,9774 7510,https://maps.google.com/?cid=12724336416951680505&g_mp=Cidnb29nbGUubWFwcy5wbGFjZXMudjEuUGxhY2VzLlNlYXJjaFRleHQQAhgEIAA,2026-08-20
Hot,تأجيرالسيارات العزم RENT A CAR,Car rental,Sur,NO_WEBSITE,no website on the Google listing,,7704 1110,https://maps.google.com/?cid=5059697775164511647&g_mp=Cidnb29nbGUubWFwcy5wbGFjZXMudjEuUGxhY2VzLlNlYXJjaFRleHQQAhgEIAA,2026-08-20
Hot,تاجير سيارات RENT A CAR,Car rental,Seeb,NO_WEBSITE,no website on the Google listing,,7191 7976,https://maps.google.com/?cid=16499834619345122519&g_mp=Cidnb29nbGUubWFwcy5wbGFjZXMudjEuUGxhY2VzLlNlYXJjaFRleHQQAhgEIAA,2026-08-20
Hot,تاجير سيارات الجبل الأخضر,Car rental,Nizwa,NO_WEBSITE,no website on the Google listing,,9791 1451,https://maps.google.com/?cid=2794979239709079267&g_mp=Cidnb29nbGUubWFwcy5wbGFjZXMudjEuUGxhY2VzLlNlYXJjaFRleHQQAhgEIAA,2026-08-20
Hot,تاجیر السیارات car rental rostami,Car rental,Seeb,NO_WEBSITE,no website on the Google listing,,9356 0824,https://maps.google.com/?cid=4936621070519821912&g_mp=Cidnb29nbGUubWFwcy5wbGFjZXMudjEuUGxhY2VzLlNlYXJjaFRleHQQAhgEIAA,2026-08-20
Hot,تثمير لتأجير السيارات - Tathmeer Rent Car,Car rental,Seeb,NO_WEBSITE,no website on the Google listing,,9663 9329,https://maps.google.com/?cid=1024835272328592542&g_mp=Cidnb29nbGUubWFwcy5wbGFjZXMudjEuUGxhY2VzLlNlYXJjaFRleHQQAhgEIAA,2026-08-20
Hot,تذكرة للسفر والسياحة Ticket Travel & Tourism,Travel & tourism,Seeb,NO_WEBSITE,no website on the Google listing,,9444 5812,https://maps.google.com/?cid=15341862668539659980&g_mp=Cidnb29nbGUubWFwcy5wbGFjZXMudjEuUGxhY2VzLlNlYXJjaFRleHQQAhgEIAA,2026-08-20
Hot,جعلان الشرقية لبيع الادوات الكهربائية EAST JALAN TRADING CO,Trading company,Ruwi,NO_WEBSITE,no website on the Google listing,,22 092105,https://maps.google.com/?cid=5584708835155222447&g_mp=Cidnb29nbGUubWFwcy5wbGFjZXMudjEuUGxhY2VzLlNlYXJjaFRleHQQAhgEIAA,2026-08-20
Hot,جمعة الحتروشي للمحاماة والاستشارات القانونية-الافضل في ولاية صور,Law firm,Sur,NO_WEBSITE,no website on the Google listing,,9936 3656,https://maps.google.com/?cid=7050450850825422143&g_mp=Cidnb29nbGUubWFwcy5wbGFjZXMudjEuUGxhY2VzLlNlYXJjaFRleHQQAhgEIAA,2026-08-20
Hot,حسن غفل الشحري للمحاماة والاستشارات القانونية,Law firm,Al Khuwair,NO_WEBSITE,no website on the Google listing,,9402 4040,https://maps.google.com/?cid=3285034369042962113&g_mp=Cidnb29nbGUubWFwcy5wbGFjZXMudjEuUGxhY2VzLlNlYXJjaFRleHQQAhgEIAA,2026-08-20
Hot,حمد الريامي للمحاماة والاستشارات القانونية Hamed alriyami lawyer advoic legel,Law firm,Seeb,NO_WEBSITE,no website on the Google listing,,9933 1700,https://maps.google.com/?cid=8488033689759109609&g_mp=Cidnb29nbGUubWFwcy5wbGFjZXMudjEuUGxhY2VzLlNlYXJjaFRleHQQAhgEIAA,2026-08-20
Hot,دار النعايم للشقق المفروشة,Real estate,Salalah,NO_WEBSITE,no website on the Google listing,,9489 2929,https://maps.google.com/?cid=4050558992373241266&g_mp=Cidnb29nbGUubWFwcy5wbGFjZXMudjEuUGxhY2VzLlNlYXJjaFRleHQQAhgEIAA,2026-08-20
Hot,ديرما سبا,Salon,Nizwa,NO_WEBSITE,no website on the Google listing,,9405 5832,https://maps.google.com/?cid=4967451164750171317&g_mp=Cidnb29nbGUubWFwcy5wbGFjZXMudjEuUGxhY2VzLlNlYXJjaFRleHQQAhgEIAA,2026-08-20
Hot,ذا دبليو للمحاماة THE W LAW FIRM,Law firm,Muscat,NO_WEBSITE,no website on the Google listing,,9711 6060,https://maps.google.com/?cid=953344926895848320&g_mp=Cidnb29nbGUubWFwcy5wbGFjZXMudjEuUGxhY2VzLlNlYXJjaFRleHQQAhgEIAA,2026-08-20
Hot,ركائز الابداع العالمية,Contractor,Barka,NO_WEBSITE,no website on the Google listing,,9355 1011,https://maps.google.com/?cid=3724950146911703914&g_mp=Cidnb29nbGUubWFwcy5wbGFjZXMudjEuUGxhY2VzLlNlYXJjaFRleHQQAhgEIAA,2026-08-20
Hot,روضة العصر المشرق الخاصة,Private school,Barka,NO_WEBSITE,no website on the Google listing,,9670 1401,https://maps.google.com/?cid=16699896983632292422&g_mp=Cidnb29nbGUubWFwcy5wbGFjZXMudjEuUGxhY2VzLlNlYXJjaFRleHQQAhgEIAA,2026-08-20
Hot,زمردة صحار لطب الأسنان,Dental clinic,Sohar,NO_WEBSITE,no website on the Google listing,,9436 6621,https://maps.google.com/?cid=13094702637556242931&g_mp=Cidnb29nbGUubWFwcy5wbGFjZXMudjEuUGxhY2VzLlNlYXJjaFRleHQQAhgEIAA,2026-08-20
Hot,زهران العامري للمحاماة - ZAHRAN AL-AAMRI ADVOCATES,Law firm,Seeb,NO_WEBSITE,no website on the Google listing,,9968 0850,https://maps.google.com/?cid=4417936897698779666&g_mp=Cidnb29nbGUubWFwcy5wbGFjZXMudjEuUGxhY2VzLlNlYXJjaFRleHQQAhgEIAA,2026-08-20
Hot,زهور الصحراء لتأجير السيارات,Car rental,Barka,NO_WEBSITE,no website on the Google listing,,9191 4392,https://maps.google.com/?cid=4326680897155365816&g_mp=Cidnb29nbGUubWFwcy5wbGFjZXMudjEuUGxhY2VzLlNlYXJjaFRleHQQAhgEIAA,2026-08-20
Hot,سبا- نادي صحي -fnrspa,Gym,Sohar,NO_WEBSITE,no website on the Google listing,,9524 5755,https://maps.google.com/?cid=3177088734163781053&g_mp=Cidnb29nbGUubWFwcy5wbGFjZXMudjEuUGxhY2VzLlNlYXJjaFRleHQQAhgEIAA,2026-08-20
Hot,سعيد السليماني وسالم الحجي للمحاماة والاستشارات القانونية,Law firm,Nizwa,NO_WEBSITE,no website on the Google listing,,9283 8393,https://maps.google.com/?cid=17928468152479868979&g_mp=Cidnb29nbGUubWFwcy5wbGFjZXMudjEuUGxhY2VzLlNlYXJjaFRleHQQAhgEIAA,2026-08-20
Hot,سعيد مصبح الجهوري للتجارة والمقاولاتsaid musabah aljahwari trading company,Trading company,Sohar,NO_WEBSITE,no website on the Google listing,,9959 6366,https://maps.google.com/?cid=16757141909711714095&g_mp=Cidnb29nbGUubWFwcy5wbGFjZXMudjEuUGxhY2VzLlNlYXJjaFRleHQQAhgEIAA,2026-08-20
Hot,سلطنة العقار,Real estate,Seeb,NO_WEBSITE,no website on the Google listing,,7264 5908,https://maps.google.com/?cid=11232173811206776783&g_mp=Cidnb29nbGUubWFwcy5wbGFjZXMudjEuUGxhY2VzLlNlYXJjaFRleHQQAhgEIAA,2026-08-20
Hot,سليمان المظفر للمحاماة والاستشارات القانونية Sulaiman Almudhaffar Law Firm,Law firm,Ruwi,NO_WEBSITE,no website on the Google listing,,7121 2127,https://maps.google.com/?cid=606478042988296933&g_mp=Cidnb29nbGUubWFwcy5wbGFjZXMudjEuUGxhY2VzLlNlYXJjaFRleHQQAhgEIAA,2026-08-20
Hot,سندباد rent a car,Car rental,Al Khuwair,NO_WEBSITE,no website on the Google listing,,9406 9777,https://maps.google.com/?cid=11925534672766525059&g_mp=Cidnb29nbGUubWFwcy5wbGFjZXMudjEuUGxhY2VzLlNlYXJjaFRleHQQAhgEIAA,2026-08-20
Hot,سَعيد,Medical clinic,Ruwi,NO_WEBSITE,no website on the Google listing,,(585) 236-4701,https://maps.google.com/?cid=13935575931505080572&g_mp=Cidnb29nbGUubWFwcy5wbGFjZXMudjEuUGxhY2VzLlNlYXJjaFRleHQQAhgEIAA,2026-08-20
Hot,شركة الارشاد السياحي,Real estate,Salalah,NO_WEBSITE,no website on the Google listing,,7980 8079,https://maps.google.com/?cid=12621251648498903391&g_mp=Cidnb29nbGUubWFwcy5wbGFjZXMudjEuUGxhY2VzLlNlYXJjaFRleHQQAhgEIAA,2026-08-20
Hot,شركة البيت بيتك الإحترافية,Real estate,Seeb,NO_WEBSITE,no website on the Google listing,,9449 2444,https://maps.google.com/?cid=7490605248246223329&g_mp=Cidnb29nbGUubWFwcy5wbGFjZXMudjEuUGxhY2VzLlNlYXJjaFRleHQQAhgEIAA,2026-08-20
Hot,شركة الخندق للتطوير العقارات,Real estate,Salalah,NO_WEBSITE,no website on the Google listing,,9114 4777,https://maps.google.com/?cid=18433074016063421166&g_mp=Cidnb29nbGUubWFwcy5wbGFjZXMudjEuUGxhY2VzLlNlYXJjaFRleHQQAhgEIAA,2026-08-20
Hot,شركة خالد الصبحي و شريكه للمحاماة,Law firm,Seeb,NO_WEBSITE,no website on the Google listing,,9792 7647,https://maps.google.com/?cid=9210647298165753562&g_mp=Cidnb29nbGUubWFwcy5wbGFjZXMudjEuUGxhY2VzLlNlYXJjaFRleHQQAhgEIAA,2026-08-20
Hot,شركة داود العلوي للمحاماة والاستشارات القانونية,Law firm,Nizwa,NO_WEBSITE,no website on the Google listing,,9380 9333,https://maps.google.com/?cid=5962435082429623247&g_mp=Cidnb29nbGUubWFwcy5wbGFjZXMudjEuUGxhY2VzLlNlYXJjaFRleHQQAhgEIAA,2026-08-20
Hot,شركة ديوان العقار,Real estate,Seeb,NO_WEBSITE,no website on the Google listing,,9877 7847,https://maps.google.com/?cid=10410145635409574881&g_mp=Cidnb29nbGUubWFwcy5wbGFjZXMudjEuUGxhY2VzLlNlYXJjaFRleHQQAhgEIAA,2026-08-20
Hot,شركة صحار المتحدة للمقاولات,Contractor,Sohar,NO_WEBSITE,no website on the Google listing,,26 944991,https://maps.google.com/?cid=485103012544175802&g_mp=Cidnb29nbGUubWFwcy5wbGFjZXMudjEuUGxhY2VzLlNlYXJjaFRleHQQAhgEIAA,2026-08-20
Hot,شركة صلالة العالمية السكينة للعقارات,Real estate,Salalah,NO_WEBSITE,no website on the Google listing,,9392 9051,https://maps.google.com/?cid=13914421756942473154&g_mp=Cidnb29nbGUubWFwcy5wbGFjZXMudjEuUGxhY2VzLlNlYXJjaFRleHQQAhgEIAA,2026-08-20
Hot,شركة عبداللة النوفلي و محمد الطيب وشركاؤة للمحاماة (شركة مدنية للمحاماة),Law firm,Seeb,NO_WEBSITE,no website on the Google listing,,9099 4276,https://maps.google.com/?cid=8389517366090843058&g_mp=Cidnb29nbGUubWFwcy5wbGFjZXMudjEuUGxhY2VzLlNlYXJjaFRleHQQAhgEIAA,2026-08-20
Hot,شركة محمد بدوي لتأجير السيارات,Car rental,Barka,NO_WEBSITE,no website on the Google listing,,9209 6903,https://maps.google.com/?cid=8594877322586125395&g_mp=Cidnb29nbGUubWFwcy5wbGFjZXMudjEuUGxhY2VzLlNlYXJjaFRleHQQAhgEIAA,2026-08-20
Hot,شركة مرج,Real estate,Seeb,NO_WEBSITE,no website on the Google listing,,9475 9000,https://maps.google.com/?cid=4107470250632740316&g_mp=Cidnb29nbGUubWFwcy5wbGFjZXMudjEuUGxhY2VzLlNlYXJjaFRleHQQAhgEIAA,2026-08-20
Hot,شركة نسيم ابراء للتجارة,Trading company,Al Khuwair,NO_WEBSITE,no website on the Google listing,,22 060750,https://maps.google.com/?cid=6892138331331221111&g_mp=Cidnb29nbGUubWFwcy5wbGFjZXMudjEuUGxhY2VzLlNlYXJjaFRleHQQAhgEIAA,2026-08-20
Hot,شركة هاشم اسماعيل وشركاؤه لتأجير السيارات,Car rental,Barka,NO_WEBSITE,no website on the Google listing,,9779 0760,https://maps.google.com/?cid=9169904688398641358&g_mp=Cidnb29nbGUubWFwcy5wbGFjZXMudjEuUGxhY2VzLlNlYXJjaFRleHQQAhgEIAA,2026-08-20
Hot,شركه محمود خلف لتأجير السيارات Mk rent a car,Car rental,Seeb,NO_WEBSITE,no website on the Google listing,,7727 8263,https://maps.google.com/?cid=2119221388605328039&g_mp=Cidnb29nbGUubWFwcy5wbGFjZXMudjEuUGxhY2VzLlNlYXJjaFRleHQQAhgEIAA,2026-08-20
Hot,صالة الأخوة لكمال الأجسام Brother gym,Gym,Barka,NO_WEBSITE,no website on the Google listing,,9176 7108,https://maps.google.com/?cid=9292907990370863334&g_mp=Cidnb29nbGUubWFwcy5wbGFjZXMudjEuUGxhY2VzLlNlYXJjaFRleHQQAhgEIAA,2026-08-20
Hot,صالة القبضة الحديدية iron fist fitness,Gym,Nizwa,NO_WEBSITE,no website on the Google listing,,9574 2219,https://maps.google.com/?cid=11646227007487905682&g_mp=Cidnb29nbGUubWFwcy5wbGFjZXMudjEuUGxhY2VzLlNlYXJjaFRleHQQAhgEIAA,2026-08-20
Hot,صالة اللياقة الذكية - iFitness Gym,Gym,Nizwa,NO_WEBSITE,no website on the Google listing,,9099 9816,https://maps.google.com/?cid=18371574634068861666&g_mp=Cidnb29nbGUubWFwcy5wbGFjZXMudjEuUGxhY2VzLlNlYXJjaFRleHQQAhgEIAA,2026-08-20
Hot,صالة قمة التحدي TOP CHALLANGE GYM,Gym,Barka,NO_WEBSITE,no website on the Google listing,,9949 5615,https://maps.google.com/?cid=3322880476702971840&g_mp=Cidnb29nbGUubWFwcy5wbGFjZXMudjEuUGxhY2VzLlNlYXJjaFRleHQQAhgEIAA,2026-08-20
Hot,صالون الملكات الذهبيه لتصفيف الشعر والتجميل,Salon,Salalah,NO_WEBSITE,no website on the Google listing,,9900 0345,https://maps.google.com/?cid=11985310176650082576&g_mp=Cidnb29nbGUubWFwcy5wbGFjZXMudjEuUGxhY2VzLlNlYXJjaFRleHQQAhgEIAA,2026-08-20
Hot,صالون بيكي,Salon,Sohar,NO_WEBSITE,no website on the Google listing,,9508 0435,https://maps.google.com/?cid=4718166495806621011&g_mp=Cidnb29nbGUubWFwcy5wbGFjZXMudjEuUGxhY2VzLlNlYXJjaFRleHQQAhgEIAA,2026-08-20
Hot,صالون تجميل,Salon,Barka,NO_WEBSITE,no website on the Google listing,,9983 3732,https://maps.google.com/?cid=5565373190730509371&g_mp=Cidnb29nbGUubWFwcy5wbGFjZXMudjEuUGxhY2VzLlNlYXJjaFRleHQQAhgEIAA,2026-08-20
Hot,صالون تجميل MISS.H,Salon,Barka,NO_WEBSITE,no website on the Google listing,,7712 5710,https://maps.google.com/?cid=5745766630874468922&g_mp=Cidnb29nbGUubWFwcy5wbGFjZXMudjEuUGxhY2VzLlNlYXJjaFRleHQQAhgEIAA,2026-08-20
Hot,صالون تجميل تصفيف الشعر والتجميل,Salon,Nizwa,NO_WEBSITE,no website on the Google listing,,9476 6221,https://maps.google.com/?cid=7755145963294225737&g_mp=Cidnb29nbGUubWFwcy5wbGFjZXMudjEuUGxhY2VzLlNlYXJjaFRleHQQAhgEIAA,2026-08-20
Hot,صالون جوري سناو فرع الكهرباء صور,Salon,Sur,NO_WEBSITE,no website on the Google listing,,7608 7883,https://maps.google.com/?cid=6105348334516550236&g_mp=Cidnb29nbGUubWFwcy5wbGFjZXMudjEuUGxhY2VzLlNlYXJjaFRleHQQAhgEIAA,2026-08-20
Hot,صالون جوهرة الزهراء لعلاج الشعر والتجميل,Salon,Salalah,NO_WEBSITE,no website on the Google listing,,9859 8806,https://maps.google.com/?cid=10574860803787891852&g_mp=Cidnb29nbGUubWFwcy5wbGFjZXMudjEuUGxhY2VzLlNlYXJjaFRleHQQAhgEIAA,2026-08-20
Hot,صالون رموش المها الذهبية,Salon,Salalah,NO_WEBSITE,no website on the Google listing,,7662 0889,https://maps.google.com/?cid=11097277281550112261&g_mp=Cidnb29nbGUubWFwcy5wbGFjZXMudjEuUGxhY2VzLlNlYXJjaFRleHQQAhgEIAA,2026-08-20
Hot,صالون غزلان,Salon,Nizwa,NO_WEBSITE,no website on the Google listing,,9339 9324,https://maps.google.com/?cid=4808696638787414973&g_mp=Cidnb29nbGUubWFwcy5wbGFjZXMudjEuUGxhY2VzLlNlYXJjaFRleHQQAhgEIAA,2026-08-20
Hot,صالون قصر النجمة,Salon,Nizwa,NO_WEBSITE,no website on the Google listing,,9409 6408,https://maps.google.com/?cid=4966868814741121248&g_mp=Cidnb29nbGUubWFwcy5wbGFjZXMudjEuUGxhY2VzLlNlYXJjaFRleHQQAhgEIAA,2026-08-20
Hot,صالون كراون بلازا The villa wellness and spa,Salon,Salalah,NO_WEBSITE,no website on the Google listing,,7722 0908,https://maps.google.com/?cid=2205736074530342737&g_mp=Cidnb29nbGUubWFwcy5wbGFjZXMudjEuUGxhY2VzLlNlYXJjaFRleHQQAhgEIAA,2026-08-20
Hot,صالون مدللة للتجميل,Salon,Nizwa,NO_WEBSITE,no website on the Google listing,,9456 8844,https://maps.google.com/?cid=4958058768435352469&g_mp=Cidnb29nbGUubWFwcy5wbGFjZXMudjEuUGxhY2VzLlNlYXJjaFRleHQQAhgEIAA,2026-08-20
Hot,صالون وسبا 1999,Salon,Seeb,NO_WEBSITE,no website on the Google listing,,9588 9433,https://maps.google.com/?cid=7465984891089810767&g_mp=Cidnb29nbGUubWFwcy5wbGFjZXMudjEuUGxhY2VzLlNlYXJjaFRleHQQAhgEIAA,2026-08-20
Hot,عبدالخالق المعمري للمحاماة والاستشارات القانونية,Law firm,Sohar,NO_WEBSITE,no website on the Google listing,,9942 7514,https://maps.google.com/?cid=4638905117669571213&g_mp=Cidnb29nbGUubWFwcy5wbGFjZXMudjEuUGxhY2VzLlNlYXJjaFRleHQQAhgEIAA,2026-08-20
Hot,عدنان الجهوري للمحاماة والاستشارات القانونية Adnan Aljahwari Law Firm,Law firm,Seeb,NO_WEBSITE,no website on the Google listing,,9818 8843,https://maps.google.com/?cid=17486846206457749464&g_mp=Cidnb29nbGUubWFwcy5wbGFjZXMudjEuUGxhY2VzLlNlYXJjaFRleHQQAhgEIAA,2026-08-20
Hot,عطلة الفصول للسفر و السياحة HOLIDAY SEASONS TRAVEL & TOURISM,Travel & tourism,Muscat,NO_WEBSITE,no website on the Google listing,,9265 8881,https://maps.google.com/?cid=14399656418227007115&g_mp=Cidnb29nbGUubWFwcy5wbGFjZXMudjEuUGxhY2VzLlNlYXJjaFRleHQQAhgEIAA,2026-08-20
Hot,عقارات عمر التوبي,Real estate,Nizwa,NO_WEBSITE,no website on the Google listing,,7154 5640,https://maps.google.com/?cid=12357323672422466277&g_mp=Cidnb29nbGUubWFwcy5wbGFjZXMudjEuUGxhY2VzLlNlYXJjaFRleHQQAhgEIAA,2026-08-20
Hot,علي البلوشي للمحاماة والاستشارات القانونية Ali Al Balushi Advocates & Legal Consultants,Law firm,Sohar,NO_WEBSITE,no website on the Google listing,,9292 2420,https://maps.google.com/?cid=14871291341019045877&g_mp=Cidnb29nbGUubWFwcy5wbGFjZXMudjEuUGxhY2VzLlNlYXJjaFRleHQQAhgEIAA,2026-08-20
Hot,عمر بن يعقوب الرحبي للمحاماة والاستشارات القانونية,Law firm,Seeb,NO_WEBSITE,no website on the Google listing,,9717 7766,https://maps.google.com/?cid=1362308004769274569&g_mp=Cidnb29nbGUubWFwcy5wbGFjZXMudjEuUGxhY2VzLlNlYXJjaFRleHQQAhgEIAA,2026-08-20
Hot,عيادات دايموند الطبيه الحيل DIAMOND MEDICAL CLINICS,Medical clinic,Seeb,NO_WEBSITE,no website on the Google listing,,7744 4767,https://maps.google.com/?cid=2831745932673222907&g_mp=Cidnb29nbGUubWFwcy5wbGFjZXMudjEuUGxhY2VzLlNlYXJjaFRleHQQAhgEIAA,2026-08-20
Hot,عيادة أم سلمة للأسنان,Dental clinic,Ruwi,NO_WEBSITE,no website on the Google listing,,7976 1704,https://maps.google.com/?cid=17771304862322936344&g_mp=Cidnb29nbGUubWFwcy5wbGFjZXMudjEuUGxhY2VzLlNlYXJjaFRleHQQAhgEIAA,2026-08-20
Hot,عيادة إبتسامة السمو لطب الأسنان,Dental clinic,Salalah,NO_WEBSITE,no website on the Google listing,,7992 2400,https://maps.google.com/?cid=2877227837968414568&g_mp=Cidnb29nbGUubWFwcy5wbGFjZXMudjEuUGxhY2VzLlNlYXJjaFRleHQQAhgEIAA,2026-08-20
Hot,عيادة الابتسامات السعيدة للأسنان Happy Smiles Dental Clinic,Dental clinic,Salalah,NO_WEBSITE,no website on the Google listing,,23 229383,https://maps.google.com/?cid=17209088191277874294&g_mp=Cidnb29nbGUubWFwcy5wbGFjZXMudjEuUGxhY2VzLlNlYXJjaFRleHQQAhgEIAA,2026-08-20
Hot,عيادة التعارف,Medical clinic,Sohar,NO_WEBSITE,no website on the Google listing,,9920 7033,https://maps.google.com/?cid=10761081921074381035&g_mp=Cidnb29nbGUubWFwcy5wbGFjZXMudjEuUGxhY2VzLlNlYXJjaFRleHQQAhgEIAA,2026-08-20
Hot,عيادة الدكتورة هيفاء سعيد (DR HAIFA CLINIC),Medical clinic,Sur,NO_WEBSITE,no website on the Google listing,,9116 6327,https://maps.google.com/?cid=17517171783197545090&g_mp=Cidnb29nbGUubWFwcy5wbGFjZXMudjEuUGxhY2VzLlNlYXJjaFRleHQQAhgEIAA,2026-08-20
Hot,عيادة العافية لطب الأسنان,Medical clinic,Barka,NO_WEBSITE,no website on the Google listing,,26 882227,https://maps.google.com/?cid=270144001260938481&g_mp=Cidnb29nbGUubWFwcy5wbGFjZXMudjEuUGxhY2VzLlNlYXJjaFRleHQQAhgEIAA,2026-08-20
Hot,عيادة العنكاوي,Medical clinic,Ruwi,NO_WEBSITE,no website on the Google listing,,24 751520,https://maps.google.com/?cid=10578499120419559763&g_mp=Cidnb29nbGUubWFwcy5wbGFjZXMudjEuUGxhY2VzLlNlYXJjaFRleHQQAhgEIAA,2026-08-20
Hot,عيادة المجد لطب الأسنان AL MAJD DENTAL CLINIC(One of the Best in Ghubra/Bousher/Muscatمن أفضل العيادات في الغبره/بوشر/مسقط),Dental clinic,Muscat,NO_WEBSITE,no website on the Google listing,,9915 7979,https://maps.google.com/?cid=11484639611057614717&g_mp=Cidnb29nbGUubWFwcy5wbGFjZXMudjEuUGxhY2VzLlNlYXJjaFRleHQQAhgEIAA,2026-08-20
Hot,عيادة المنى لأمراض النساء و الولادة,Medical clinic,Nizwa,NO_WEBSITE,no website on the Google listing,,7727 4108,https://maps.google.com/?cid=571829730375054069&g_mp=Cidnb29nbGUubWFwcy5wbGFjZXMudjEuUGxhY2VzLlNlYXJjaFRleHQQAhgEIAA,2026-08-20
Hot,عيادة الوثيقة لطب الأسنان والصيدلة AL WATHEEKA DENTAL CLINIC AND PHARMACY,Dental clinic,Salalah,NO_WEBSITE,no website on the Google listing,,9884 4360,https://maps.google.com/?cid=540600787838744521&g_mp=Cidnb29nbGUubWFwcy5wbGFjZXMudjEuUGxhY2VzLlNlYXJjaFRleHQQAhgEIAA,2026-08-20
Hot,عيادة بستان دارس للأسنان,Dental clinic,Nizwa,NO_WEBSITE,no website on the Google listing,,25 410313,https://maps.google.com/?cid=7292619918743802543&g_mp=Cidnb29nbGUubWFwcy5wbGFjZXMudjEuUGxhY2VzLlNlYXJjaFRleHQQAhgEIAA,2026-08-20
Hot,عيادة بسمة فرح Farah smile clinic,Medical clinic,Nizwa,NO_WEBSITE,no website on the Google listing,,9011 5523,https://maps.google.com/?cid=10217307921355249649&g_mp=Cidnb29nbGUubWFwcy5wbGFjZXMudjEuUGxhY2VzLlNlYXJjaFRleHQQAhgEIAA,2026-08-20
Hot,عيادة توكل لطب الفم والأسنان بركاء Tawakal Dental Clinic Barka,Dental clinic,Barka,NO_WEBSITE,no website on the Google listing,,9197 5814,https://maps.google.com/?cid=5582662360520361321&g_mp=Cidnb29nbGUubWFwcy5wbGFjZXMudjEuUGxhY2VzLlNlYXJjaFRleHQQAhgEIAA,2026-08-20
Hot,عيادة ثقة لطب الأسنان- Thiqa dental clinic,Dental clinic,Sohar,NO_WEBSITE,no website on the Google listing,,9221 7582,https://maps.google.com/?cid=12390715599699132352&g_mp=Cidnb29nbGUubWFwcy5wbGFjZXMudjEuUGxhY2VzLlNlYXJjaFRleHQQAhgEIAA,2026-08-20
Hot,عيادة د. بنين العراقية لطب الاسنان DR.BANEEN IRAQI DENTAL CLINIC,Dental clinic,Barka,NO_WEBSITE,no website on the Google listing,,7745 6620,https://maps.google.com/?cid=1468445689594947134&g_mp=Cidnb29nbGUubWFwcy5wbGFjZXMudjEuUGxhY2VzLlNlYXJjaFRleHQQAhgEIAA,2026-08-20
Hot,عيادة دجلة,Medical clinic,Seeb,NO_WEBSITE,no website on the Google listing,,24 455640,https://maps.google.com/?cid=8812763590385045836&g_mp=Cidnb29nbGUubWFwcy5wbGFjZXMudjEuUGxhY2VzLlNlYXJjaFRleHQQAhgEIAA,2026-08-20
Hot,عيادة روح الشفاء ROOH AL SHIFA CLINIC,Medical clinic,Barka,NO_WEBSITE,no website on the Google listing,,7109 8387,https://maps.google.com/?cid=17249783047424498989&g_mp=Cidnb29nbGUubWFwcy5wbGFjZXMudjEuUGxhY2VzLlNlYXJjaFRleHQQAhgEIAA,2026-08-20
Hot,عيادة سحر الابتسامة لطب الأسنان,Dental clinic,Seeb,NO_WEBSITE,no website on the Google listing,,9192 8582,https://maps.google.com/?cid=1997526940062329602&g_mp=Cidnb29nbGUubWFwcy5wbGFjZXMudjEuUGxhY2VzLlNlYXJjaFRleHQQAhgEIAA,2026-08-20
Hot,عيادة سر الإبتسامة للأسنان Secret Smile Dental Clinic,Dental clinic,Ruwi,NO_WEBSITE,no website on the Google listing,,9193 0902,https://maps.google.com/?cid=15961331997141072972&g_mp=Cidnb29nbGUubWFwcy5wbGFjZXMudjEuUGxhY2VzLlNlYXJjaFRleHQQAhgEIAA,2026-08-20
Hot,عيادة ضوء القمر لطب الأسنان,Dental clinic,Muscat,NO_WEBSITE,no website on the Google listing,,9291 9143,https://maps.google.com/?cid=3979236589848917248&g_mp=Cidnb29nbGUubWFwcy5wbGFjZXMudjEuUGxhY2VzLlNlYXJjaFRleHQQAhgEIAA,2026-08-20
Hot,عيادة عيسى بن ناصر التخصصية للأسنان.,Dental clinic,Nizwa,NO_WEBSITE,no website on the Google listing,,25 410640,https://maps.google.com/?cid=10758391261336970605&g_mp=Cidnb29nbGUubWFwcy5wbGFjZXMudjEuUGxhY2VzLlNlYXJjaFRleHQQAhgEIAA,2026-08-20
Hot,عيادة فجر مدينة بركاء FAJR Madina CLINIC,Medical clinic,Barka,NO_WEBSITE,no website on the Google listing,,7997 9677,https://maps.google.com/?cid=5457203439943537552&g_mp=Cidnb29nbGUubWFwcy5wbGFjZXMudjEuUGxhY2VzLlNlYXJjaFRleHQQAhgEIAA,2026-08-20
Hot,عيادة لؤلؤة الخد لطب الاسنان صحار,Dental clinic,Sohar,NO_WEBSITE,no website on the Google listing,,9112 1394,https://maps.google.com/?cid=142922987256374200&g_mp=Cidnb29nbGUubWFwcy5wbGFjZXMudjEuUGxhY2VzLlNlYXJjaFRleHQQAhgEIAA,2026-08-20
Hot,عيادة هوليوود لعلاج وتجميل الأسنان Hollywood Dental Clinic,Dental clinic,Sohar,NO_WEBSITE,no website on the Google listing,,9558 8368,https://maps.google.com/?cid=15536974637955013506&g_mp=Cidnb29nbGUubWFwcy5wbGFjZXMudjEuUGxhY2VzLlNlYXJjaFRleHQQAhgEIAA,2026-08-20
Hot,عيادةجلوري,Dental clinic,Sur,NO_WEBSITE,no website on the Google listing,,7903 9108,https://maps.google.com/?cid=2581288681281142437&g_mp=Cidnb29nbGUubWFwcy5wbGFjZXMudjEuUGxhY2VzLlNlYXJjaFRleHQQAhgEIAA,2026-08-20
Hot,فخامة العاصمة لتأجير السيارات (Fakhama Al-Asema for Car Rent),Car rental,Seeb,NO_WEBSITE,no website on the Google listing,,9454 4256,https://maps.google.com/?cid=3927554887699498027&g_mp=Cidnb29nbGUubWFwcy5wbGFjZXMudjEuUGxhY2VzLlNlYXJjaFRleHQQAhgEIAA,2026-08-20
Hot,كاسبر للسفر والسياحة,Travel & tourism,Nizwa,NO_WEBSITE,no website on the Google listing,,9674 7661,https://maps.google.com/?cid=13246034976017798171&g_mp=Cidnb29nbGUubWFwcy5wbGFjZXMudjEuUGxhY2VzLlNlYXJjaFRleHQQAhgEIAA,2026-08-20
Hot,كنزى سبا KANZY SPA,Salon,Nizwa,NO_WEBSITE,no website on the Google listing,,9381 3399,https://maps.google.com/?cid=15593839014359221156&g_mp=Cidnb29nbGUubWFwcy5wbGFjZXMudjEuUGxhY2VzLlNlYXJjaFRleHQQAhgEIAA,2026-08-20
Hot,ليدر جيم Leader gym,Gym,Sohar,NO_WEBSITE,no website on the Google listing,,9509 5531,https://maps.google.com/?cid=12576058034341065670&g_mp=Cidnb29nbGUubWFwcy5wbGFjZXMudjEuUGxhY2VzLlNlYXJjaFRleHQQAhgEIAA,2026-08-20
Hot,مؤسسة نبع الخليج الوطنية للعقارات,Real estate,Sohar,NO_WEBSITE,no website on the Google listing,,9277 8444,https://maps.google.com/?cid=5873917726639530521&g_mp=Cidnb29nbGUubWFwcy5wbGFjZXMudjEuUGxhY2VzLlNlYXJjaFRleHQQAhgEIAA,2026-08-20
Hot,مجمع العنايه الذهبيه,Medical clinic,Nizwa,NO_WEBSITE,no website on the Google listing,,9284 8877,https://maps.google.com/?cid=4238035810476002736&g_mp=Cidnb29nbGUubWFwcy5wbGFjZXMudjEuUGxhY2VzLlNlYXJjaFRleHQQAhgEIAA,2026-08-20
Hot,"مجمع الفاروق الطبي، بركاء Al Farooq Specialized Polyclinic, Barka.",Medical clinic,Barka,NO_WEBSITE,no website on the Google listing,,26 884553,https://maps.google.com/?cid=15480475255756679711&g_mp=Cidnb29nbGUubWFwcy5wbGFjZXMudjEuUGxhY2VzLlNlYXJjaFRleHQQAhgEIAA,2026-08-20
Hot,مجمع بسمة الأمل الطبي,Medical clinic,Nizwa,NO_WEBSITE,no website on the Google listing,,25 214074,https://maps.google.com/?cid=9882848086503346254&g_mp=Cidnb29nbGUubWFwcy5wbGFjZXMudjEuUGxhY2VzLlNlYXJjaFRleHQQAhgEIAA,2026-08-20
Hot,مجمع سلا الطبي,Dental clinic,Al Khuwair,NO_WEBSITE,no website on the Google listing,,24 485153 ext. 91714495,https://maps.google.com/?cid=9021808186633912068&g_mp=Cidnb29nbGUubWFwcy5wbGFjZXMudjEuUGxhY2VzLlNlYXJjaFRleHQQAhgEIAA,2026-08-20
Hot,مجمع ليا الطبي Liya Medical Complex,Medical clinic,Salalah,NO_WEBSITE,no website on the Google listing,,23 201201,https://maps.google.com/?cid=13811542535753403&g_mp=Cidnb29nbGUubWFwcy5wbGFjZXMudjEuUGxhY2VzLlNlYXJjaFRleHQQAhgEIAA,2026-08-20
Hot,محاماة استشارات قانونية,Law firm,Seeb,NO_WEBSITE,no website on the Google listing,,9090 4680,https://maps.google.com/?cid=17176074929170253910&g_mp=Cidnb29nbGUubWFwcy5wbGFjZXMudjEuUGxhY2VzLlNlYXJjaFRleHQQAhgEIAA,2026-08-20
Hot,محمد الجابري لتأجير السيارات,Car rental,Nizwa,NO_WEBSITE,no website on the Google listing,,9385 8356,https://maps.google.com/?cid=16727377757650106708&g_mp=Cidnb29nbGUubWFwcy5wbGFjZXMudjEuUGxhY2VzLlNlYXJjaFRleHQQAhgEIAA,2026-08-20
Hot,مداواة للطب البديل حجامة وإبر صينية Mudawaah Alternative Medicine,Medical clinic,Nizwa,NO_WEBSITE,no website on the Google listing,,9938 0819,https://maps.google.com/?cid=6106061420758688355&g_mp=Cidnb29nbGUubWFwcy5wbGFjZXMudjEuUGxhY2VzLlNlYXJjaFRleHQQAhgEIAA,2026-08-20
Hot,مدرسة أجيال بركاء الخاصة,Private school,Barka,NO_WEBSITE,no website on the Google listing,,9987 9469,https://maps.google.com/?cid=9107919995371016196&g_mp=Cidnb29nbGUubWFwcy5wbGFjZXMudjEuUGxhY2VzLlNlYXJjaFRleHQQAhgEIAA,2026-08-20
Hot,مدرسة اقرأ الخاصة,Private school,Sur,NO_WEBSITE,no website on the Google listing,,25 544766,https://maps.google.com/?cid=17965268717983868531&g_mp=Cidnb29nbGUubWFwcy5wbGFjZXMudjEuUGxhY2VzLlNlYXJjaFRleHQQAhgEIAA,2026-08-20
Hot,مدرسة البراعم الخاصة,Private school,Sur,NO_WEBSITE,no website on the Google listing,,25 542023,https://maps.google.com/?cid=16559008762279238530&g_mp=Cidnb29nbGUubWFwcy5wbGFjZXMudjEuUGxhY2VzLlNlYXJjaFRleHQQAhgEIAA,2026-08-20
Hot,مدرسة البيادر الخاصة Albayader private school,Private school,Salalah,NO_WEBSITE,no website on the Google listing,,9282 3411,https://maps.google.com/?cid=12603630556953990842&g_mp=Cidnb29nbGUubWFwcy5wbGFjZXMudjEuUGxhY2VzLlNlYXJjaFRleHQQAhgEIAA,2026-08-20
Hot,مدرسة التفاح الأخضر الخاصة Apple Green Private School,Private school,Muscat,NO_WEBSITE,no website on the Google listing,,24 138800,https://maps.google.com/?cid=4895842892739918229&g_mp=Cidnb29nbGUubWFwcy5wbGFjZXMudjEuUGxhY2VzLlNlYXJjaFRleHQQAhgEIAA,2026-08-20
Hot,مدرسة الريان الخاصة,Private school,Seeb,NO_WEBSITE,no website on the Google listing,,9210 0926,https://maps.google.com/?cid=15372594927698684798&g_mp=Cidnb29nbGUubWFwcy5wbGFjZXMudjEuUGxhY2VzLlNlYXJjaFRleHQQAhgEIAA,2026-08-20
Hot,مدرسة المناهل الخاصة بنين Al Manhaal Private School Boys,Private school,Salalah,NO_WEBSITE,no website on the Google listing,,23 235814,https://maps.google.com/?cid=4415358605806201251&g_mp=Cidnb29nbGUubWFwcy5wbGFjZXMudjEuUGxhY2VzLlNlYXJjaFRleHQQAhgEIAA,2026-08-20
Hot,مدرسة اليقظان الخاصة Alyaqdan Private School,Private school,Barka,NO_WEBSITE,no website on the Google listing,,26 870500,https://maps.google.com/?cid=8278835339584003116&g_mp=Cidnb29nbGUubWFwcy5wbGFjZXMudjEuUGxhY2VzLlNlYXJjaFRleHQQAhgEIAA,2026-08-20
Hot,مدرسة دار الصفوة الخاصة,Private school,Sur,NO_WEBSITE,no website on the Google listing,,7757 7025,https://maps.google.com/?cid=11203519958258345070&g_mp=Cidnb29nbGUubWFwcy5wbGFjZXMudjEuUGxhY2VzLlNlYXJjaFRleHQQAhgEIAA,2026-08-20
Hot,مدرسة زهرة العيجة الخاصة zahrat alaija private school,Private school,Sur,NO_WEBSITE,no website on the Google listing,,9360 8989,https://maps.google.com/?cid=17666209533670527916&g_mp=Cidnb29nbGUubWFwcy5wbGFjZXMudjEuUGxhY2VzLlNlYXJjaFRleHQQAhgEIAA,2026-08-20
Hot,مدرسة غراس العلم الخاصة,Private school,Barka,NO_WEBSITE,no website on the Google listing,,7171 5271,https://maps.google.com/?cid=15337592826524954934&g_mp=Cidnb29nbGUubWFwcy5wbGFjZXMudjEuUGxhY2VzLlNlYXJjaFRleHQQAhgEIAA,2026-08-20
Hot,مدرسة منارة صلالة الخاصة,Private school,Salalah,NO_WEBSITE,no website on the Google listing,,9809 0607,https://maps.google.com/?cid=10462998453528464834&g_mp=Cidnb29nbGUubWFwcy5wbGFjZXMudjEuUGxhY2VzLlNlYXJjaFRleHQQAhgEIAA,2026-08-20
Hot,مدرسة نفحات الخاصة,Private school,Salalah,NO_WEBSITE,no website on the Google listing,,9014 6868,https://maps.google.com/?cid=7857582182982238238&g_mp=Cidnb29nbGUubWFwcy5wbGFjZXMudjEuUGxhY2VzLlNlYXJjaFRleHQQAhgEIAA,2026-08-20
Hot,مدرسة نور الإبداع,Private school,Barka,NO_WEBSITE,no website on the Google listing,,7273 9088,https://maps.google.com/?cid=8947490652709823984&g_mp=Cidnb29nbGUubWFwcy5wbGFjZXMudjEuUGxhY2VzLlNlYXJjaFRleHQQAhgEIAA,2026-08-20
Hot,مدرسة نور العِلم الخاصة | Noor Al-Elm Private School,Private school,Salalah,NO_WEBSITE,no website on the Google listing,,9250 9954,https://maps.google.com/?cid=18241824945369859959&g_mp=Cidnb29nbGUubWFwcy5wbGFjZXMudjEuUGxhY2VzLlNlYXJjaFRleHQQAhgEIAA,2026-08-20
Hot,مدرسة نور ظفار الخاصة,Private school,Salalah,NO_WEBSITE,no website on the Google listing,,9929 3883,https://maps.google.com/?cid=16184527738426215039&g_mp=Cidnb29nbGUubWFwcy5wbGFjZXMudjEuUGxhY2VzLlNlYXJjaFRleHQQAhgEIAA,2026-08-20
Hot,مدى العقارية,Real estate,Barka,NO_WEBSITE,no website on the Google listing,,7114 1114,https://maps.google.com/?cid=9283453433861361426&g_mp=Cidnb29nbGUubWFwcy5wbGFjZXMudjEuUGxhY2VzLlNlYXJjaFRleHQQAhgEIAA,2026-08-20
Hot,مركز أورا التخصصي للاسنان Aura Specialized Dental Center,Dental clinic,Salalah,NO_WEBSITE,no website on the Google listing,,23 235435,https://maps.google.com/?cid=9825754305710545943&g_mp=Cidnb29nbGUubWFwcy5wbGFjZXMudjEuUGxhY2VzLlNlYXJjaFRleHQQAhgEIAA,2026-08-20
Hot,مركز اريولا للتجمبل,Salon,Sohar,NO_WEBSITE,no website on the Google listing,,7909 9313,https://maps.google.com/?cid=12237030966100514684&g_mp=Cidnb29nbGUubWFwcy5wbGFjZXMudjEuUGxhY2VzLlNlYXJjaFRleHQQAhgEIAA,2026-08-20
Hot,مركز التأهيل التخصيصي Specialized Rehabilitation Center,Medical clinic,Sohar,NO_WEBSITE,no website on the Google listing,,7211 1798,https://maps.google.com/?cid=10290445707845526841&g_mp=Cidnb29nbGUubWFwcy5wbGFjZXMudjEuUGxhY2VzLlNlYXJjaFRleHQQAhgEIAA,2026-08-20
Hot,مركز الحياة للعلاج الطبيعي و التأهيل,Medical clinic,Barka,NO_WEBSITE,no website on the Google listing,,9818 4829,https://maps.google.com/?cid=2652706716685667350&g_mp=Cidnb29nbGUubWFwcy5wbGFjZXMudjEuUGxhY2VzLlNlYXJjaFRleHQQAhgEIAA,2026-08-20
Hot,مركز الرفاعة الطبي | Aster Al Raffah Medical Centre,Medical clinic,Sohar,NO_WEBSITE,no website on the Google listing,,26 704301,https://maps.google.com/?cid=15834309869713253005&g_mp=Cidnb29nbGUubWFwcy5wbGFjZXMudjEuUGxhY2VzLlNlYXJjaFRleHQQAhgEIAA,2026-08-20
Hot,مركز السعادة التخصصي لطب الأسنان,Medical clinic,Nizwa,NO_WEBSITE,no website on the Google listing,,9427 1777,https://maps.google.com/?cid=7063821086236138295&g_mp=Cidnb29nbGUubWFwcy5wbGFjZXMudjEuUGxhY2VzLlNlYXJjaFRleHQQAhgEIAA,2026-08-20
Hot,مركز الشفاء,Medical clinic,Sur,NO_WEBSITE,no website on the Google listing,,9934 3803,https://maps.google.com/?cid=4143253691627237615&g_mp=Cidnb29nbGUubWFwcy5wbGFjZXMudjEuUGxhY2VzLlNlYXJjaFRleHQQAhgEIAA,2026-08-20
Hot,مركز الصفوة الطبي الحديث,Dental clinic,Seeb,NO_WEBSITE,no website on the Google listing,,9100 0391,https://maps.google.com/?cid=15524411645537969605&g_mp=Cidnb29nbGUubWFwcy5wbGFjZXMudjEuUGxhY2VzLlNlYXJjaFRleHQQAhgEIAA,2026-08-20
Hot,مركز ام ان بيوتي سنتر mn beauty center,Salon,Sur,NO_WEBSITE,no website on the Google listing,,9110 3998,https://maps.google.com/?cid=11803556137704690258&g_mp=Cidnb29nbGUubWFwcy5wbGFjZXMudjEuUGxhY2VzLlNlYXJjaFRleHQQAhgEIAA,2026-08-20
Hot,مركز بركاء الصحي-Barka Health Centre,Medical clinic,Barka,NO_WEBSITE,no website on the Google listing,,26 886011,https://maps.google.com/?cid=8565821058796546274&g_mp=Cidnb29nbGUubWFwcy5wbGFjZXMudjEuUGxhY2VzLlNlYXJjaFRleHQQAhgEIAA,2026-08-20
Hot,مركز جلوزون لطب الأسنان ( Glowzone Dental Centre ),Dental clinic,Nizwa,NO_WEBSITE,no website on the Google listing,,9550 9063,https://maps.google.com/?cid=8338998478932973887&g_mp=Cidnb29nbGUubWFwcy5wbGFjZXMudjEuUGxhY2VzLlNlYXJjaFRleHQQAhgEIAA,2026-08-20
Hot,مركز حكيم الأسنان Hakeem Dental Center,Dental clinic,Seeb,NO_WEBSITE,no website on the Google listing,,9333 1331,https://maps.google.com/?cid=16156407434934043908&g_mp=Cidnb29nbGUubWFwcy5wbGFjZXMudjEuUGxhY2VzLlNlYXJjaFRleHQQAhgEIAA,2026-08-20
Hot,مركز دنتل تتش لطب الأسنان - Dental touch,Dental clinic,Sohar,NO_WEBSITE,no website on the Google listing,,9664 6014,https://maps.google.com/?cid=12315616367998367250&g_mp=Cidnb29nbGUubWFwcy5wbGFjZXMudjEuUGxhY2VzLlNlYXJjaFRleHQQAhgEIAA,2026-08-20
Hot,مركز روفان للاناقه والتجميل,Salon,Barka,NO_WEBSITE,no website on the Google listing,,9487 3765,https://maps.google.com/?cid=14320285561870897032&g_mp=Cidnb29nbGUubWFwcy5wbGFjZXMudjEuUGxhY2VzLlNlYXJjaFRleHQQAhgEIAA,2026-08-20
Hot,مركز شاين الطبي | SHINE MEDICAL CENTER,Medical clinic,Sohar,NO_WEBSITE,no website on the Google listing,,7712 3654,https://maps.google.com/?cid=6342066826743819596&g_mp=Cidnb29nbGUubWFwcy5wbGFjZXMudjEuUGxhY2VzLlNlYXJjaFRleHQQAhgEIAA,2026-08-20
Hot,مركز فرق الصحي Farq Health Center,Medical clinic,Nizwa,NO_WEBSITE,no website on the Google listing,,25 425055,https://maps.google.com/?cid=6790911655671885939&g_mp=Cidnb29nbGUubWFwcy5wbGFjZXMudjEuUGxhY2VzLlNlYXJjaFRleHQQAhgEIAA,2026-08-20
Hot,مركز مسقط لتصميم الأسنان Muscat Dental Design Center,Dental clinic,Seeb,NO_WEBSITE,no website on the Google listing,,9293 6587,https://maps.google.com/?cid=3815030558976235656&g_mp=Cidnb29nbGUubWFwcy5wbGFjZXMudjEuUGxhY2VzLlNlYXJjaFRleHQQAhgEIAA,2026-08-20
Hot,مركز مطمئنة الطبي أ.د.طارق الحبيب - فرع سلطنة عمان,Medical clinic,Al Khuwair,NO_WEBSITE,no website on the Google listing,,24 291069,https://maps.google.com/?cid=3967356049957411394&g_mp=Cidnb29nbGUubWFwcy5wbGFjZXMudjEuUGxhY2VzLlNlYXJjaFRleHQQAhgEIAA,2026-08-20
Hot,مركز نزوى لطب الأسنان Nizwa Dental Center,Medical clinic,Nizwa,NO_WEBSITE,no website on the Google listing,,25 426302,https://maps.google.com/?cid=8583918785664315340&g_mp=Cidnb29nbGUubWFwcy5wbGFjZXMudjEuUGxhY2VzLlNlYXJjaFRleHQQAhgEIAA,2026-08-20
Hot,مركز نزوى لطب الأسنان Nizwa Dental Center فرع 3,Medical clinic,Nizwa,NO_WEBSITE,no website on the Google listing,,25 454223,https://maps.google.com/?cid=13092734300875879345&g_mp=Cidnb29nbGUubWFwcy5wbGFjZXMudjEuUGxhY2VzLlNlYXJjaFRleHQQAhgEIAA,2026-08-20
Hot,مركز هوك التخصصي لطب وتقويم الأسنان HOOK SPECIALITY CENTER,Medical clinic,Barka,NO_WEBSITE,no website on the Google listing,,26 991191,https://maps.google.com/?cid=918568335112515679&g_mp=Cidnb29nbGUubWFwcy5wbGFjZXMudjEuUGxhY2VzLlNlYXJjaFRleHQQAhgEIAA,2026-08-20
Hot,مركز وردة الصباح للتجميل فرع نزوى,Salon,Nizwa,NO_WEBSITE,no website on the Google listing,,9494 4894,https://maps.google.com/?cid=7302822886098200892&g_mp=Cidnb29nbGUubWFwcy5wbGFjZXMudjEuUGxhY2VzLlNlYXJjaFRleHQQAhgEIAA,2026-08-20
Hot,مركز ڨيڨيان للتجميل Vivian beauty center,Salon,Nizwa,NO_WEBSITE,no website on the Google listing,,9651 7775,https://maps.google.com/?cid=17003403173464121613&g_mp=Cidnb29nbGUubWFwcy5wbGFjZXMudjEuUGxhY2VzLlNlYXJjaFRleHQQAhgEIAA,2026-08-20
Hot,مستشفى النيل,Medical clinic,Nizwa,NO_WEBSITE,no website on the Google listing,,21 144200,https://maps.google.com/?cid=2452699176058365867&g_mp=Cidnb29nbGUubWFwcy5wbGFjZXMudjEuUGxhY2VzLlNlYXJjaFRleHQQAhgEIAA,2026-08-20
Hot,مستشفى كيمز الخوير,Medical clinic,Al Khuwair,NO_WEBSITE,no website on the Google listing,,9955 8679,https://maps.google.com/?cid=10141899633914133147&g_mp=Cidnb29nbGUubWFwcy5wbGFjZXMudjEuUGxhY2VzLlNlYXJjaFRleHQQAhgEIAA,2026-08-20
Hot,مضابي بارك MADHABI PARK,Restaurant,Salalah,NO_WEBSITE,no website on the Google listing,,7999 3499,https://maps.google.com/?cid=17896177787501809719&g_mp=Cidnb29nbGUubWFwcy5wbGFjZXMudjEuUGxhY2VzLlNlYXJjaFRleHQQAhgEIAA,2026-08-20
Hot,مطعم الحلا التركي قرحة البلوش,Restaurant,Barka,NO_WEBSITE,no website on the Google listing,,9190 0065,https://maps.google.com/?cid=7562435025801497514&g_mp=Cidnb29nbGUubWFwcy5wbGFjZXMudjEuUGxhY2VzLlNlYXJjaFRleHQQAhgEIAA,2026-08-20
Hot,مطعم الدار العربي ARAB HOUSE RESTAURANT,Restaurant,Sur,NO_WEBSITE,no website on the Google listing,,9090 1072,https://maps.google.com/?cid=6587741250903774743&g_mp=Cidnb29nbGUubWFwcy5wbGFjZXMudjEuUGxhY2VzLlNlYXJjaFRleHQQAhgEIAA,2026-08-20
Hot,مطعم الشيف حسون,Restaurant,Sur,NO_WEBSITE,no website on the Google listing,,9903 1291,https://maps.google.com/?cid=6548924597008641470&g_mp=Cidnb29nbGUubWFwcy5wbGFjZXMudjEuUGxhY2VzLlNlYXJjaFRleHQQAhgEIAA,2026-08-20
Hot,"مطعم العالم العربي Arab World Restaurant nizwa,firq",Restaurant,Nizwa,NO_WEBSITE,no website on the Google listing,,9147 0040,https://maps.google.com/?cid=18171315030637528878&g_mp=Cidnb29nbGUubWFwcy5wbGFjZXMudjEuUGxhY2VzLlNlYXJjaFRleHQQAhgEIAA,2026-08-20
Hot,مطعم العالم العربي فرع صلاله Alam World Restaurant Salalah Branch,Restaurant,Salalah,NO_WEBSITE,no website on the Google listing,,9333 8327,https://maps.google.com/?cid=14260165402671179454&g_mp=Cidnb29nbGUubWFwcy5wbGFjZXMudjEuUGxhY2VzLlNlYXJjaFRleHQQAhgEIAA,2026-08-20
Hot,مطعم العقر الشعبي Al Aqur Traditional Restaurant,Restaurant,Nizwa,NO_WEBSITE,no website on the Google listing,,9122 2192,https://maps.google.com/?cid=8063267245956654760&g_mp=Cidnb29nbGUubWFwcy5wbGFjZXMudjEuUGxhY2VzLlNlYXJjaFRleHQQAhgEIAA,2026-08-20
Hot,مطعم المنار التركي Al Manar Turkish Resturant,Restaurant,Barka,NO_WEBSITE,no website on the Google listing,,9408 9494,https://maps.google.com/?cid=6001091314616627861&g_mp=Cidnb29nbGUubWFwcy5wbGFjZXMudjEuUGxhY2VzLlNlYXJjaFRleHQQAhgEIAA,2026-08-20
Hot,مطعم النباتي Vegetarian Restaurant,Restaurant,Sur,NO_WEBSITE,no website on the Google listing,,9665 5326,https://maps.google.com/?cid=17332551420438976172&g_mp=Cidnb29nbGUubWFwcy5wbGFjZXMudjEuUGxhY2VzLlNlYXJjaFRleHQQAhgEIAA,2026-08-20
Hot,مطعم سبلة العقر sablah Restaurant,Restaurant,Nizwa,NO_WEBSITE,no website on the Google listing,,9116 1124,https://maps.google.com/?cid=8886036150792614658&g_mp=Cidnb29nbGUubWFwcy5wbGFjZXMudjEuUGxhY2VzLlNlYXJjaFRleHQQAhgEIAA,2026-08-20
Hot,مطعم مقلوبة للمأكولات اليمنية,Restaurant,Sur,NO_WEBSITE,no website on the Google listing,,9332 2747,https://maps.google.com/?cid=6009604032851028263&g_mp=Cidnb29nbGUubWFwcy5wbGFjZXMudjEuUGxhY2VzLlNlYXJjaFRleHQQAhgEIAA,2026-08-20
Hot,مطعم ومقهى الحلا التركي,Restaurant,Barka,NO_WEBSITE,no website on the Google listing,,7113 3500,https://maps.google.com/?cid=5811579256547476267&g_mp=Cidnb29nbGUubWFwcy5wbGFjZXMudjEuUGxhY2VzLlNlYXJjaFRleHQQAhgEIAA,2026-08-20
Hot,مطعم ومقهى الفعوان AL FAWAN RESTAURANT COFFEE SHOP&KITCHEN FOR WEDDING PARTIES,Restaurant,Barka,NO_WEBSITE,no website on the Google listing,,26 882263,https://maps.google.com/?cid=5105120911923768307&g_mp=Cidnb29nbGUubWFwcy5wbGFjZXMudjEuUGxhY2VzLlNlYXJjaFRleHQQAhgEIAA,2026-08-20
Hot,مكتب أحمد المقبالي للمحاماة والاستشارات القانونية- AM Advocate & Legal Consultations,Law firm,Seeb,NO_WEBSITE,no website on the Google listing,,9691 9145,https://maps.google.com/?cid=9709414373306204805&g_mp=Cidnb29nbGUubWFwcy5wbGFjZXMudjEuUGxhY2VzLlNlYXJjaFRleHQQAhgEIAA,2026-08-20
Hot,مكتب أحمد الهنائي للمحاماة والاستشارات القانونية,Law firm,Nizwa,NO_WEBSITE,no website on the Google listing,,9701 7417,https://maps.google.com/?cid=7504652913122731949&g_mp=Cidnb29nbGUubWFwcy5wbGFjZXMudjEuUGxhY2VzLlNlYXJjaFRleHQQAhgEIAA,2026-08-20
Hot,مكتب أحمد بن فاضل الريامي للمحاماة و الاستشارات القانونية,Law firm,Nizwa,NO_WEBSITE,no website on the Google listing,,9333 1433,https://maps.google.com/?cid=6983910396614577955&g_mp=Cidnb29nbGUubWFwcy5wbGFjZXMudjEuUGxhY2VzLlNlYXJjaFRleHQQAhgEIAA,2026-08-20
Hot,مكتب أحمد بن يوسف الزدجالي محامون ومستشارون قانونيون فرع صحار,Law firm,Sohar,NO_WEBSITE,no website on the Google listing,,9161 2999,https://maps.google.com/?cid=8009363763952398621&g_mp=Cidnb29nbGUubWFwcy5wbGFjZXMudjEuUGxhY2VzLlNlYXJjaFRleHQQAhgEIAA,2026-08-20
Hot,مكتب أحمد موسى الزدجالي للمحاماة والاستشارات القانونية Ahmed Moosa Alzadjali law firm (AMZ),Law firm,Ruwi,NO_WEBSITE,no website on the Google listing,,9266 6636,https://maps.google.com/?cid=2211070490261957084&g_mp=Cidnb29nbGUubWFwcy5wbGFjZXMudjEuUGxhY2VzLlNlYXJjaFRleHQQAhgEIAA,2026-08-20
Hot,مكتب أصيل الشحري للمحاماة والاستشارات القانونية,Law firm,Salalah,NO_WEBSITE,no website on the Google listing,,9278 5333,https://maps.google.com/?cid=11550154000425684166&g_mp=Cidnb29nbGUubWFwcy5wbGFjZXMudjEuUGxhY2VzLlNlYXJjaFRleHQQAhgEIAA,2026-08-20
Hot,مكتب ابراهيم الشندودي للمحاماة و الاستشارات القانونية,Law firm,Seeb,NO_WEBSITE,no website on the Google listing,,9938 0500,https://maps.google.com/?cid=17471785200649657763&g_mp=Cidnb29nbGUubWFwcy5wbGFjZXMudjEuUGxhY2VzLlNlYXJjaFRleHQQAhgEIAA,2026-08-20
Hot,مكتب احمد عوفيت الشنفري للمحاماه والاستشارات القانونيه,Law firm,Salalah,NO_WEBSITE,no website on the Google listing,,9898 6727,https://maps.google.com/?cid=591380658918291073&g_mp=Cidnb29nbGUubWFwcy5wbGFjZXMudjEuUGxhY2VzLlNlYXJjaFRleHQQAhgEIAA,2026-08-20
Hot,مكتب الدكتور حسن البلوشي للمحاماة والإستشارات القانونية,Law firm,Barka,NO_WEBSITE,no website on the Google listing,,9817 3377,https://maps.google.com/?cid=285342447095922597&g_mp=Cidnb29nbGUubWFwcy5wbGFjZXMudjEuUGxhY2VzLlNlYXJjaFRleHQQAhgEIAA,2026-08-20
Hot,مكتب الدكتور داود الخروصي للمحاماة والاستشارات القانونية - فرع نزوى,Law firm,Nizwa,NO_WEBSITE,no website on the Google listing,,9522 1778,https://maps.google.com/?cid=18291586411754919512&g_mp=Cidnb29nbGUubWFwcy5wbGFjZXMudjEuUGxhY2VzLlNlYXJjaFRleHQQAhgEIAA,2026-08-20
Hot,مكتب الدكتور سالم الجحافي للمحاماة و الإستشارات القانونية | Office of Dr.Salim Al-Jahafi Advocate and Legal Consultants,Law firm,Ruwi,NO_WEBSITE,no website on the Google listing,,24 786274,https://maps.google.com/?cid=18385418534564310690&g_mp=Cidnb29nbGUubWFwcy5wbGFjZXMudjEuUGxhY2VzLlNlYXJjaFRleHQQAhgEIAA,2026-08-20
Hot,مكتب الدكتور سالم سعيد الكثيري للمحاماة والاستشارات القانونية,Law firm,Salalah,NO_WEBSITE,no website on the Google listing,,9539 0888,https://maps.google.com/?cid=14519244919071159422&g_mp=Cidnb29nbGUubWFwcy5wbGFjZXMudjEuUGxhY2VzLlNlYXJjaFRleHQQAhgEIAA,2026-08-20
Hot,مكتب الدكتور يونس الكمشكي للمحاماة والاستشارات القانونية,Law firm,Sohar,NO_WEBSITE,no website on the Google listing,,9514 4051,https://maps.google.com/?cid=1818782863798533050&g_mp=Cidnb29nbGUubWFwcy5wbGFjZXMudjEuUGxhY2VzLlNlYXJjaFRleHQQAhgEIAA,2026-08-20
Hot,مكتب السبج للخدمات العقارية Al-Sabj Real Estate Services Office,Real estate,Seeb,NO_WEBSITE,no website on the Google listing,,9200 4422,https://maps.google.com/?cid=16726418893342634198&g_mp=Cidnb29nbGUubWFwcy5wbGFjZXMudjEuUGxhY2VzLlNlYXJjaFRleHQQAhgEIAA,2026-08-20
Hot,مكتب بسمة نزوى للخدمات العقارية,Real estate,Nizwa,NO_WEBSITE,no website on the Google listing,,9269 0001,https://maps.google.com/?cid=13868434930250429895&g_mp=Cidnb29nbGUubWFwcy5wbGFjZXMudjEuUGxhY2VzLlNlYXJjaFRleHQQAhgEIAA,2026-08-20
Hot,مكتب تأجير سيارات سحب المزن,Car rental,Nizwa,NO_WEBSITE,no website on the Google listing,,9558 2662,https://maps.google.com/?cid=13845487078140468210&g_mp=Cidnb29nbGUubWFwcy5wbGFjZXMudjEuUGxhY2VzLlNlYXJjaFRleHQQAhgEIAA,2026-08-20
Hot,مكتب خالد البطحري للمحاماة,Law firm,Salalah,NO_WEBSITE,no website on the Google listing,,9257 6692,https://maps.google.com/?cid=5083447464347804815&g_mp=Cidnb29nbGUubWFwcy5wbGFjZXMudjEuUGxhY2VzLlNlYXJjaFRleHQQAhgEIAA,2026-08-20
Hot,مكتب خميس الغافري للمحاماة والإستشارات القانونية,Law firm,Seeb,NO_WEBSITE,no website on the Google listing,,9944 5551,https://maps.google.com/?cid=10643878734435651597&g_mp=Cidnb29nbGUubWFwcy5wbGFjZXMudjEuUGxhY2VzLlNlYXJjaFRleHQQAhgEIAA,2026-08-20
Hot,مكتب دار صحار للعقارات,Real estate,Sohar,NO_WEBSITE,no website on the Google listing,,7997 0507,https://maps.google.com/?cid=9851153621328529119&g_mp=Cidnb29nbGUubWFwcy5wbGFjZXMudjEuUGxhY2VzLlNlYXJjaFRleHQQAhgEIAA,2026-08-20
Hot,مكتب راشد البوسعيدي للمحاماة,Law firm,Barka,NO_WEBSITE,no website on the Google listing,,9509 2740,https://maps.google.com/?cid=8335525825376680085&g_mp=Cidnb29nbGUubWFwcy5wbGFjZXMudjEuUGxhY2VzLlNlYXJjaFRleHQQAhgEIAA,2026-08-20
Hot,مكتب سعيد المعشني للمحاماة والإستشارات القانونية,Law firm,Salalah,NO_WEBSITE,no website on the Google listing,,9909 0344,https://maps.google.com/?cid=17107141044223094618&g_mp=Cidnb29nbGUubWFwcy5wbGFjZXMudjEuUGxhY2VzLlNlYXJjaFRleHQQAhgEIAA,2026-08-20
Hot,مكتب سعيد بن غانم المقبالي للمحاماة والأستشارات القانونية,Law firm,Sohar,NO_WEBSITE,no website on the Google listing,,9943 9004,https://maps.google.com/?cid=4329339235729597649&g_mp=Cidnb29nbGUubWFwcy5wbGFjZXMudjEuUGxhY2VzLlNlYXJjaFRleHQQAhgEIAA,2026-08-20
Hot,مكتب سفريات بهوان,Travel & tourism,Sohar,NO_WEBSITE,no website on the Google listing,,26 846516,https://maps.google.com/?cid=9232665863867137432&g_mp=Cidnb29nbGUubWFwcy5wbGFjZXMudjEuUGxhY2VzLlNlYXJjaFRleHQQAhgEIAA,2026-08-20
Hot,مكتب سلطان البلوشي للمحاماة والإستشارات القانونية,Law firm,Barka,NO_WEBSITE,no website on the Google listing,,9550 2111,https://maps.google.com/?cid=1893239001546049664&g_mp=Cidnb29nbGUubWFwcy5wbGFjZXMudjEuUGxhY2VzLlNlYXJjaFRleHQQAhgEIAA,2026-08-20
Hot,مكتب عبدالعزيز أمبوسعيدي للمحاماة والاستشارات القانونية,Law firm,Nizwa,NO_WEBSITE,no website on the Google listing,,9242 5106,https://maps.google.com/?cid=130008549211900701&g_mp=Cidnb29nbGUubWFwcy5wbGFjZXMudjEuUGxhY2VzLlNlYXJjaFRleHQQAhgEIAA,2026-08-20
Hot,مكتب عبدالله الزعابي للمحاماة والاستشارات القانونية Lawyer Abdullah Alzaabi,Law firm,Seeb,NO_WEBSITE,no website on the Google listing,,9931 3138,https://maps.google.com/?cid=5413037289676768902&g_mp=Cidnb29nbGUubWFwcy5wbGFjZXMudjEuUGxhY2VzLlNlYXJjaFRleHQQAhgEIAA,2026-08-20
Hot,مكتب عبدالله النيري للمحاماة والإستشارات القانونية,Law firm,Barka,NO_WEBSITE,no website on the Google listing,,9606 2560,https://maps.google.com/?cid=3937618853608882042&g_mp=Cidnb29nbGUubWFwcy5wbGFjZXMudjEuUGxhY2VzLlNlYXJjaFRleHQQAhgEIAA,2026-08-20
Hot,مكتب عبدالله بن خلفان العبري للمحاماة و الاستشارات القانونية,Law firm,Seeb,NO_WEBSITE,no website on the Google listing,,9742 4281,https://maps.google.com/?cid=6905508899184603047&g_mp=Cidnb29nbGUubWFwcy5wbGFjZXMudjEuUGxhY2VzLlNlYXJjaFRleHQQAhgEIAA,2026-08-20
Hot,مكتب علياء الحجام للمحاماة والاستشارات القانونية,Law firm,Sur,NO_WEBSITE,no website on the Google listing,,9929 3949,https://maps.google.com/?cid=4115554047927058148&g_mp=Cidnb29nbGUubWFwcy5wbGFjZXMudjEuUGxhY2VzLlNlYXJjaFRleHQQAhgEIAA,2026-08-20
Hot,مكتب فجر صحار للسفريات,Travel & tourism,Sohar,NO_WEBSITE,no website on the Google listing,,9960 0025,https://maps.google.com/?cid=4025430026768860488&g_mp=Cidnb29nbGUubWFwcy5wbGFjZXMudjEuUGxhY2VzLlNlYXJjaFRleHQQAhgEIAA,2026-08-20
Hot,مكتب محاماة,Law firm,Sur,NO_WEBSITE,no website on the Google listing,,9281 1802,https://maps.google.com/?cid=10677947545212182750&g_mp=Cidnb29nbGUubWFwcy5wbGFjZXMudjEuUGxhY2VzLlNlYXJjaFRleHQQAhgEIAA,2026-08-20
Hot,مكتب محمد الروشدي للمحاماة والاستشارات القانونية(الأستاذ حمدي عبد الجواد سليمان المحامي),Law firm,Sohar,NO_WEBSITE,no website on the Google listing,,9613 2615,https://maps.google.com/?cid=17309377177052992955&g_mp=Cidnb29nbGUubWFwcy5wbGFjZXMudjEuUGxhY2VzLlNlYXJjaFRleHQQAhgEIAA,2026-08-20
Hot,مكتب محمد الرويشدي للمحاماة والإستشارات القانونيّة- الخوير الجنوبية,Law firm,Al Khuwair,NO_WEBSITE,no website on the Google listing,,9208 6862,https://maps.google.com/?cid=1806019056679953683&g_mp=Cidnb29nbGUubWFwcy5wbGFjZXMudjEuUGxhY2VzLlNlYXJjaFRleHQQAhgEIAA,2026-08-20
Hot,مكتب محمد العزواني للمحاماة و الاستشارات القانونية,Law firm,Nizwa,NO_WEBSITE,no website on the Google listing,,9945 8343,https://maps.google.com/?cid=4204088485273073416&g_mp=Cidnb29nbGUubWFwcy5wbGFjZXMudjEuUGxhY2VzLlNlYXJjaFRleHQQAhgEIAA,2026-08-20
Hot,مكتب محمد الهاجري للمحاماة و الاستشارات القانونية,Law firm,Sur,NO_WEBSITE,no website on the Google listing,,9641 1471,https://maps.google.com/?cid=2303883271315257751&g_mp=Cidnb29nbGUubWFwcy5wbGFjZXMudjEuUGxhY2VzLlNlYXJjaFRleHQQAhgEIAA,2026-08-20
Hot,مكتب مروان الكثيري للمحاماة و الاستشارات,Law firm,Salalah,NO_WEBSITE,no website on the Google listing,,9060 0885,https://maps.google.com/?cid=9873992007368101509&g_mp=Cidnb29nbGUubWFwcy5wbGFjZXMudjEuUGxhY2VzLlNlYXJjaFRleHQQAhgEIAA,2026-08-20
Hot,مكتب ناصر المخيني للمحاماة والاستشارات القانونية,Law firm,Sur,NO_WEBSITE,no website on the Google listing,,9171 2187,https://maps.google.com/?cid=10262487434818799396&g_mp=Cidnb29nbGUubWFwcy5wbGFjZXMudjEuUGxhY2VzLlNlYXJjaFRleHQQAhgEIAA,2026-08-20
Hot,مكتب هلال الربيعي للمحاماة والاستشارات القانونية (محامي عباس محمد عبده ),Law firm,Salalah,NO_WEBSITE,no website on the Google listing,,9404 3168,https://maps.google.com/?cid=297938947675193810&g_mp=Cidnb29nbGUubWFwcy5wbGFjZXMudjEuUGxhY2VzLlNlYXJjaFRleHQQAhgEIAA,2026-08-20
Hot,مكتب يوسف باعلوي للمحاماة والإستشارات القانونية,Law firm,Salalah,NO_WEBSITE,no website on the Google listing,,9827 0099,https://maps.google.com/?cid=12862416075957951783&g_mp=Cidnb29nbGUubWFwcy5wbGFjZXMudjEuUGxhY2VzLlNlYXJjaFRleHQQAhgEIAA,2026-08-20
Hot,مكتب يونس بن مرهون البوسعيدي للمحاماة,Law firm,Nizwa,NO_WEBSITE,no website on the Google listing,,9581 9000,https://maps.google.com/?cid=10960569576211891994&g_mp=Cidnb29nbGUubWFwcy5wbGFjZXMudjEuUGxhY2VzLlNlYXJjaFRleHQQAhgEIAA,2026-08-20
Hot,منال المقبالية للمحاماة والاستشارات القانونية - Manal Almeqbali Sohar Lawyer,Law firm,Sohar,NO_WEBSITE,no website on the Google listing,,9769 9006,https://maps.google.com/?cid=4282931359846588185&g_mp=Cidnb29nbGUubWFwcy5wbGFjZXMudjEuUGxhY2VzLlNlYXJjaFRleHQQAhgEIAA,2026-08-20
Hot,ميجاكلينيك | عيادة أسنان الخوض,Dental clinic,Seeb,NO_WEBSITE,no website on the Google listing,,24 540807,https://maps.google.com/?cid=1105071257176954641&g_mp=Cidnb29nbGUubWFwcy5wbGFjZXMudjEuUGxhY2VzLlNlYXJjaFRleHQQAhgEIAA,2026-08-20
Hot,مينون مندي MINUN MANDI RESTAURANT,Restaurant,Seeb,NO_WEBSITE,no website on the Google listing,,7141 2000,https://maps.google.com/?cid=7027897783688089189&g_mp=Cidnb29nbGUubWFwcy5wbGFjZXMudjEuUGxhY2VzLlNlYXJjaFRleHQQAhgEIAA,2026-08-20
Hot,ناس كار لتأجير السيارات,Car rental,Barka,NO_WEBSITE,no website on the Google listing,,9641 4558,https://maps.google.com/?cid=14780419705742129798&g_mp=Cidnb29nbGUubWFwcy5wbGFjZXMudjEuUGxhY2VzLlNlYXJjaFRleHQQAhgEIAA,2026-08-20
Hot,نور بيوتي سنتر,Salon,Nizwa,NO_WEBSITE,no website on the Google listing,,9913 0664,https://maps.google.com/?cid=15775312738719543077&g_mp=Cidnb29nbGUubWFwcy5wbGFjZXMudjEuUGxhY2VzLlNlYXJjaFRleHQQAhgEIAA,2026-08-20
Hot,ومضه للخدمات العقاريه,Real estate,Sur,NO_WEBSITE,no website on the Google listing,,9595 6227,https://maps.google.com/?cid=18239353063462484987&g_mp=Cidnb29nbGUubWFwcy5wbGFjZXMudjEuUGxhY2VzLlNlYXJjaFRleHQQAhgEIAA,2026-08-20
Hot,ٍRays Beauty Salon صالون ريز بيوتي,Salon,Salalah,NO_WEBSITE,no website on the Google listing,,7769 6655,https://maps.google.com/?cid=9926669009393369775&g_mp=Cidnb29nbGUubWFwcy5wbGFjZXMudjEuUGxhY2VzLlNlYXJjaFRleHQQAhgEIAA,2026-08-20
Hot,"‏Trust LINE TRADING CO. LLC,",Trading company,Salalah,NO_WEBSITE,no website on the Google listing,,9626 8008,https://maps.google.com/?cid=14195914782217171865&g_mp=Cidnb29nbGUubWFwcy5wbGFjZXMudjEuUGxhY2VzLlNlYXJjaFRleHQQAhgEIAA,2026-08-20
Hot,𝐽𝑎𝑦𝑠 𝐵𝑒𝑎𝑢𝑡𝑦 𝑆𝑎𝑙𝑜𝑜𝑛,Salon,Sohar,NO_WEBSITE,no website on the Google listing,,7419 5929,https://maps.google.com/?cid=4381695995456328693&g_mp=Cidnb29nbGUubWFwcy5wbGFjZXMudjEuUGxhY2VzLlNlYXJjaFRleHQQAhgEIAA,2026-08-20
Hot,Abu Dua Aviation Travels & Tours,Travel & tourism,Ruwi,DEAD,HTTP 403,https://duaaviation.com/,9247 6162,https://maps.google.com/?cid=3824440802325867752&g_mp=Cidnb29nbGUubWFwcy5wbGFjZXMudjEuUGxhY2VzLlNlYXJjaFRleHQQAhgEIAA,2026-08-20
Hot,Al Ayjah Health Center,Medical clinic,Sur,DEAD,HTTP 404,https://www.moh.gov.om/ar_OM/web/directorate-general-health-services-south-sharqiya/-/al-ayjah-health-center,25 540226,https://maps.google.com/?cid=516797669966477576&g_mp=Cidnb29nbGUubWFwcy5wbGFjZXMudjEuUGxhY2VzLlNlYXJjaFRleHQQAhgEIAA,2026-08-20
Hot,Al Khoud Health Center,Medical clinic,Seeb,DEAD,HTTP 404,https://www.moh.gov.om/ar_OM/web/directorate-general-health-services-muscat/-/al-khudh-health-cent-1,24 537443,https://maps.google.com/?cid=2694946651719668504&g_mp=Cidnb29nbGUubWFwcy5wbGFjZXMudjEuUGxhY2VzLlNlYXJjaFRleHQQAhgEIAA,2026-08-20
Hot,Al Khuwair Dermatology Centre,Medical clinic,Al Khuwair,DEAD,HTTP 404,https://www.moh.gov.om/en/web/directorate-general-health-services-muscat/-/al-khuwair-health-cent-1,24 480567,https://maps.google.com/?cid=4385956990664797917&g_mp=Cidnb29nbGUubWFwcy5wbGFjZXMudjEuUGxhY2VzLlNlYXJjaFRleHQQAhgEIAA,2026-08-20
Hot,Al Khuwair North Health Center,Medical clinic,Al Khuwair,DEAD,HTTP 404,https://www.moh.gov.om/en/web/guest/home,24 489733,https://maps.google.com/?cid=2517648512993761897&g_mp=Cidnb29nbGUubWFwcy5wbGFjZXMudjEuUGxhY2VzLlNlYXJjaFRleHQQAhgEIAA,2026-08-20
Hot,Al Maha Private School مدرسة المها الخاصة,Private school,Al Khuwair,DEAD,HTTP 404,https://www.almaha.edu.om/,24 950422,https://maps.google.com/?cid=11253588855892984222&g_mp=Cidnb29nbGUubWFwcy5wbGFjZXMudjEuUGxhY2VzLlNlYXJjaFRleHQQAhgEIAA,2026-08-20
Hot,Al Makkah Travel & Tours Operator in Salalah Oman,Travel & tourism,Salalah,DEAD,DNS does not resolve (www.almakkahtravel.business.com),https://www.almakkahtravel.business.com/,9069 0446,https://maps.google.com/?cid=12688816479213075790&g_mp=Cidnb29nbGUubWFwcy5wbGFjZXMudjEuUGxhY2VzLlNlYXJjaFRleHQQAhgEIAA,2026-08-20
Hot,Al Mausam Travel - سفريات الموسم,Travel & tourism,Seeb,DEAD,HTTP 500,https://www.almausam.com/,24 421474,https://maps.google.com/?cid=730175406017982577&g_mp=Cidnb29nbGUubWFwcy5wbGFjZXMudjEuUGxhY2VzLlNlYXJjaFRleHQQAhgEIAA,2026-08-20
Hot,Al Mawaleh Private School (MPS),Private school,Seeb,DEAD,HTTP 500,https://mps.edu.om/,24 548650,https://maps.google.com/?cid=3524213376788089388&g_mp=Cidnb29nbGUubWFwcy5wbGFjZXMudjEuUGxhY2VzLlNlYXJjaFRleHQQAhgEIAA,2026-08-20
Hot,Al Mina Restaurant and Bar,Restaurant,Salalah,DEAD,HTTP 403,https://www.anantara.com/en/al-baleed-salalah/restaurants/al-mina,23 228252,https://maps.google.com/?cid=11038638390853659392&g_mp=Cidnb29nbGUubWFwcy5wbGFjZXMudjEuUGxhY2VzLlNlYXJjaFRleHQQAhgEIAA,2026-08-20
Hot,Al Musbah Aluminium & Glass Trading Co LLC,Trading company,Sohar,DEAD,HTTP 500,https://magcollc.com/,9705 5599,https://maps.google.com/?cid=8278100631075049015&g_mp=Cidnb29nbGUubWFwcy5wbGFjZXMudjEuUGxhY2VzLlNlYXJjaFRleHQQAhgEIAA,2026-08-20
Hot,Al Musbah Aluminium & Glass Trading Co LLC,Trading company,Nizwa,DEAD,HTTP 500,https://magcollc.com/,9745 5599,https://maps.google.com/?cid=8539751656630062595&g_mp=Cidnb29nbGUubWFwcy5wbGFjZXMudjEuUGxhY2VzLlNlYXJjaFRleHQQAhgEIAA,2026-08-20
Hot,Al Nahdha Hospital,Medical clinic,Ruwi,DEAD,HTTP 404,https://www.moh.gov.om/ar/web/alnahdha-hospital,22 503333,https://maps.google.com/?cid=7358949973042808665&g_mp=Cidnb29nbGUubWFwcy5wbGFjZXMudjEuUGxhY2VzLlNlYXJjaFRleHQQAhgEIAA,2026-08-20
Hot,AL Naseem AL saafi rent a car,Car rental,Sohar,DEAD,DNS does not resolve (alnaseemalsaafi.com),http://alnaseemalsaafi.com/,9554 9954,https://maps.google.com/?cid=6619878218332043009&g_mp=Cidnb29nbGUubWFwcy5wbGFjZXMudjEuUGxhY2VzLlNlYXJjaFRleHQQAhgEIAA,2026-08-20
Hot,Al Rawdha,Contractor,Al Khuwair,DEAD,HTTP 403; also: listed as http:// and https fails (HTTP 403),http://www.alrawdha.net/,24 479934,https://maps.google.com/?cid=11720500853557580816&g_mp=Cidnb29nbGUubWFwcy5wbGFjZXMudjEuUGxhY2VzLlNlYXJjaFRleHQQAhgEIAA,2026-08-20
Hot,Al Shahba Car rent,Car rental,Barka,DEAD,DNS does not resolve (www.kabasaltareek.com),http://www.kabasaltareek.com/,9478 5822,https://maps.google.com/?cid=16589123271962046700&g_mp=Cidnb29nbGUubWFwcy5wbGFjZXMudjEuUGxhY2VzLlNlYXJjaFRleHQQAhgEIAA,2026-08-20
Hot,Al Sifa Trading - Scrap Yard السيفة للتجارة,Trading company,Muscat,DEAD,"no response (timeout) after 8s, twice",https://alsifaoman.com/,9989 8146,https://maps.google.com/?cid=6020812844348334426&g_mp=Cidnb29nbGUubWFwcy5wbGFjZXMudjEuUGxhY2VzLlNlYXJjaFRleHQQAhgEIAA,2026-08-20
Hot,Al Zafaran Restaurant,Restaurant,Sohar,DEAD,HTTP 403,https://www.radissonblu.com/en/hotel-sohar/restaurants?facilitatorId=CSOSEO&csref=org_gmb_sk_en_sn_ho_MCTZS-res,26 640000,https://maps.google.com/?cid=3509586615966340469&g_mp=Cidnb29nbGUubWFwcy5wbGFjZXMudjEuUGxhY2VzLlNlYXJjaFRleHQQAhgEIAA,2026-08-20
Hot,Al-Lamki Polyclinic | مجمع اللمكي الطبي,Medical clinic,Al Khuwair,DEAD,DNS does not resolve (allamkipolyclinic.com),http://allamkipolyclinic.com/schedule-your-appointment/,24 489543,https://maps.google.com/?cid=12138161980511884917&g_mp=Cidnb29nbGUubWFwcy5wbGFjZXMudjEuUGxhY2VzLlNlYXJjaFRleHQQAhgEIAA,2026-08-20
Hot,Aleanqa Beauty Parlour,Salon,Nizwa,DEAD,"no response (timeout) after 8s, twice; also: listed as http:// and https fails (no response (timeout))",http://4.180.176.221/,7895 0621,https://maps.google.com/?cid=2534540557482237959&g_mp=Cidnb29nbGUubWFwcy5wbGFjZXMudjEuUGxhY2VzLlNlYXJjaFRleHQQAhgEIAA,2026-08-20
Hot,ALFUN TRAVELS & TOURISM,Travel & tourism,Barka,DEAD,DNS does not resolve (alfuntourism.com),https://alfuntourism.com/,9392 2270,https://maps.google.com/?cid=6254619541250766963&g_mp=Cidnb29nbGUubWFwcy5wbGFjZXMudjEuUGxhY2VzLlNlYXJjaFRleHQQAhgEIAA,2026-08-20
Hot,Alrawee Trading LLC,Trading company,Salalah,DEAD,HTTP 403; also: listed as http:// and https fails (HTTP 403),http://www.alraweeco.com/,9817 8762,https://maps.google.com/?cid=416667537087751117&g_mp=Cidnb29nbGUubWFwcy5wbGFjZXMudjEuUGxhY2VzLlNlYXJjaFRleHQQAhgEIAA,2026-08-20
Hot,Alwalaa real estate,Real estate,Seeb,DEAD,"no response (timeout) after 8s, twice",https://www.alwalaaoman.com/,9320 6024,https://maps.google.com/?cid=3410231312729007429&g_mp=Cidnb29nbGUubWFwcy5wbGFjZXMudjEuUGxhY2VzLlNlYXJjaFRleHQQAhgEIAA,2026-08-20
Hot,Applebee's,Restaurant,Muscat,DEAD,HTTP 526,https://applebeesme.com/,24 413125,https://maps.google.com/?cid=16966697186454781218&g_mp=Cidnb29nbGUubWFwcy5wbGFjZXMudjEuUGxhY2VzLlNlYXJjaFRleHQQAhgEIAA,2026-08-20
Hot,Atlantic Projects and Engineering Services LLC,Contractor,Al Khuwair,DEAD,HTTP 500; also: listed as http:// and https fails (HTTP 500),http://www.atlanticengg.com/,24 815983,https://maps.google.com/?cid=15412041009580285464&g_mp=Cidnb29nbGUubWFwcy5wbGFjZXMudjEuUGxhY2VzLlNlYXJjaFRleHQQAhgEIAA,2026-08-20
Hot,AZAL Dental Clinic,Dental clinic,Seeb,DEAD,HTTP 404,https://socalii.com/Azal-Dental,9858 5684,https://maps.google.com/?cid=11501421458167588070&g_mp=Cidnb29nbGUubWFwcy5wbGFjZXMudjEuUGxhY2VzLlNlYXJjaFRleHQQAhgEIAA,2026-08-20
Hot,Bahja Dental Clinic,Dental clinic,Seeb,DEAD,DNS does not resolve (bahjaclinic.com),http://bahjaclinic.com/,7150 0013,https://maps.google.com/?cid=13859101487497890107&g_mp=Cidnb29nbGUubWFwcy5wbGFjZXMudjEuUGxhY2VzLlNlYXJjaFRleHQQAhgEIAA,2026-08-20
Hot,Bin Mahadan Al Amri Trading,Trading company,Salalah,DEAD,DNS does not resolve (www.binmahadan.com),http://www.binmahadan.com/,23 294386,https://maps.google.com/?cid=11342681181626014376&g_mp=Cidnb29nbGUubWFwcy5wbGFjZXMudjEuUGxhY2VzLlNlYXJjaFRleHQQAhgEIAA,2026-08-20
Hot,Dar Al Arabia دار العربية,Real estate,Muscat,DEAD,HTTP 500; also: listed as http:// and https fails (HTTP 500),http://www.dar-arabia.com/,24 488075,https://maps.google.com/?cid=9855835259543302756&g_mp=Cidnb29nbGUubWFwcy5wbGFjZXMudjEuUGxhY2VzLlNlYXJjaFRleHQQAhgEIAA,2026-08-20
Hot,Dentons,Law firm,Muscat,DEAD,HTTP 403,https://www.dentons.com/,24 573000,https://maps.google.com/?cid=4283617140435655885&g_mp=Cidnb29nbGUubWFwcy5wbGFjZXMudjEuUGxhY2VzLlNlYXJjaFRleHQQAhgEIAA,2026-08-20
Hot,Dhofar International Medical Center LLC - Saadah,Medical clinic,Salalah,DEAD,DNS does not resolve (www.omandimc.com),http://www.omandimc.com/,23 238590 ext. 95773456,https://maps.google.com/?cid=6165423009844552004&g_mp=Cidnb29nbGUubWFwcy5wbGFjZXMudjEuUGxhY2VzLlNlYXJjaFRleHQQAhgEIAA,2026-08-20
Hot,dipnbite Chocolate Cafe,Restaurant,Muscat,DEAD,DNS does not resolve (dipnbiteoman.com),https://dipnbiteoman.com/,7629 1945,https://maps.google.com/?cid=8602787612888167444&g_mp=Cidnb29nbGUubWFwcy5wbGFjZXMudjEuUGxhY2VzLlNlYXJjaFRleHQQAhgEIAA,2026-08-20
Hot,DLA Piper Oman LLP,Law firm,Sur,DEAD,HTTP 429,https://www.dlapiper.com/en/locations/middle-east/muscat,24 647700,https://maps.google.com/?cid=626125980565904032&g_mp=Cidnb29nbGUubWFwcy5wbGFjZXMudjEuUGxhY2VzLlNlYXJjaFRleHQQAhgEIAA,2026-08-20
Hot,Dollar Car Rental - Sohar,Car rental,Sohar,DEAD,HTTP 403,https://dollaroman.com/,26 845912,https://maps.google.com/?cid=2394195828565243052&g_mp=Cidnb29nbGUubWFwcy5wbGFjZXMudjEuUGxhY2VzLlNlYXJjaFRleHQQAhgEIAA,2026-08-20
Hot,Dolphin Terrazza,Restaurant,Salalah,DEAD,HTTP 403; also: listed as http:// and https fails (HTTP 403),http://crowneplaza.com/salalah,23 238039,https://maps.google.com/?cid=14013507425019502127&g_mp=Cidnb29nbGUubWFwcy5wbGFjZXMudjEuUGxhY2VzLlNlYXJjaFRleHQQAhgEIAA,2026-08-20
Hot,DriveNow Car Rental Salalah,Car rental,Salalah,DEAD,HTTP 403,https://www.drivenowoman.com/,9816 1419,https://maps.google.com/?cid=12122639477457751839&g_mp=Cidnb29nbGUubWFwcy5wbGFjZXMudjEuUGxhY2VzLlNlYXJjaFRleHQQAhgEIAA,2026-08-20
Hot,Eamaar Real Estate,Real estate,Muscat,DEAD,HTTP 500; also: listed as http:// and https fails (HTTP 500),http://www.eamaar.net/,9980 5088,https://maps.google.com/?cid=10986706980126318270&g_mp=Cidnb29nbGUubWFwcy5wbGFjZXMudjEuUGxhY2VzLlNlYXJjaFRleHQQAhgEIAA,2026-08-20
Hot,Easy Aspire Tours | الطموح السهل للجولات السياحية,Travel & tourism,Salalah,DEAD,DNS does not resolve (easyaspiretours.com),https://easyaspiretours.com/,9850 8800,https://maps.google.com/?cid=3001241251293435300&g_mp=Cidnb29nbGUubWFwcy5wbGFjZXMudjEuUGxhY2VzLlNlYXJjaFRleHQQAhgEIAA,2026-08-20
Hot,Ecoride car rental Salalah,Car rental,Salalah,DEAD,DNS does not resolve (ecoride.om),https://ecoride.om/,9984 9481,https://maps.google.com/?cid=862862838968406769&g_mp=Cidnb29nbGUubWFwcy5wbGFjZXMudjEuUGxhY2VzLlNlYXJjaFRleHQQAhgEIAA,2026-08-20
Hot,Elegance Medical Center- مركز اليجانس الطبي,Medical clinic,Sohar,DEAD,DNS does not resolve (elegance-center.com),https://elegance-center.com/,7214 9991,https://maps.google.com/?cid=10758994686039830217&g_mp=Cidnb29nbGUubWFwcy5wbGFjZXMudjEuUGxhY2VzLlNlYXJjaFRleHQQAhgEIAA,2026-08-20
Hot,Elite Global Caravans Rent A Car,Car rental,Ruwi,DEAD,"no response (timeout) after 8s, twice",https://eliteglobalcaravans.com/,7272 6872,https://maps.google.com/?cid=3558521517793511838&g_mp=Cidnb29nbGUubWFwcy5wbGFjZXMudjEuUGxhY2VzLlNlYXJjaFRleHQQAhgEIAA,2026-08-20
Hot,Emaar Barka Real Estate - إعمـــار بركـــاء العقارية,Real estate,Barka,DEAD,DNS does not resolve (www.emaarbarka.om),https://www.emaarbarka.om/,9637 7733,https://maps.google.com/?cid=14227995965799607560&g_mp=Cidnb29nbGUubWFwcy5wbGFjZXMudjEuUGxhY2VzLlNlYXJjaFRleHQQAhgEIAA,2026-08-20
Hot,EMC Salalah,Medical clinic,Salalah,DEAD,"no response (timeout) after 8s, twice",https://emcoman.com/en/hospital-details/emc-salalah-branch,23 212145,https://maps.google.com/?cid=14728135570910376798&g_mp=Cidnb29nbGUubWFwcy5wbGFjZXMudjEuUGxhY2VzLlNlYXJjaFRleHQQAhgEIAA,2026-08-20
Hot,EMC Sohar,Medical clinic,Sohar,DEAD,"no response (timeout) after 8s, twice",https://emcoman.com/en/hospital-details/emc-sohar-branch,26 842121,https://maps.google.com/?cid=18081663890373846663&g_mp=Cidnb29nbGUubWFwcy5wbGFjZXMudjEuUGxhY2VzLlNlYXJjaFRleHQQAhgEIAA,2026-08-20
Hot,Erra Spa & Henna Barka,Salon,Barka,DEAD,DNS does not resolve (www.erraoman.com),http://www.erraoman.com/,7502 1582,https://maps.google.com/?cid=17429780853746678742&g_mp=Cidnb29nbGUubWFwcy5wbGFjZXMudjEuUGxhY2VzLlNlYXJjaFRleHQQAhgEIAA,2026-08-20
Hot,EuroRide Car Rental Salalah,Car rental,Salalah,DEAD,DNS does not resolve (www.asiarentcars.com),https://www.asiarentcars.com/,9628 2002,https://maps.google.com/?cid=16646760441860712466&g_mp=Cidnb29nbGUubWFwcy5wbGFjZXMudjEuUGxhY2VzLlNlYXJjaFRleHQQAhgEIAA,2026-08-20
Hot,EXCELLENT DENTAL CLINIC & ORTHODONTIC CENTRE,Medical clinic,Ruwi,DEAD,DNS does not resolve (edcminhaj.com),https://edcminhaj.com/,9591 6792,https://maps.google.com/?cid=12740884575666406642&g_mp=Cidnb29nbGUubWFwcy5wbGFjZXMudjEuUGxhY2VzLlNlYXJjaFRleHQQAhgEIAA,2026-08-20
Hot,Fahud Safety And Technical Trading SPC,Trading company,Sur,DEAD,"no response (timeout) after 8s, twice; also: listed as http:// and https fails (no response (timeout))",http://www.fahudoman.com/,9442 2435,https://maps.google.com/?cid=8980748999662619031&g_mp=Cidnb29nbGUubWFwcy5wbGFjZXMudjEuUGxhY2VzLlNlYXJjaFRleHQQAhgEIAA,2026-08-20
Hot,Foodstori Restaurant,Restaurant,Seeb,DEAD,DNS does not resolve (www.foodstori.com),https://www.foodstori.com/,9117 1956,https://maps.google.com/?cid=5991407469724650638&g_mp=Cidnb29nbGUubWFwcy5wbGFjZXMudjEuUGxhY2VzLlNlYXJjaFRleHQQAhgEIAA,2026-08-20
Hot,Ghala Clinic & Pharmacy Al Ghubrah عيادة وصيدلة غلا,Medical clinic,Muscat,DEAD,DNS does not resolve (ghalamedicalclinic.com),https://ghalamedicalclinic.com/,24 614272,https://maps.google.com/?cid=9871569700838440742&g_mp=Cidnb29nbGUubWFwcy5wbGFjZXMudjEuUGxhY2VzLlNlYXJjaFRleHQQAhgEIAA,2026-08-20
Hot,Golden Dunes Tourism Oman,Travel & tourism,Salalah,DEAD,DNS does not resolve (www.goldendunestourism.om),https://www.goldendunestourism.om/,9754 9786,https://maps.google.com/?cid=16048253729049349482&g_mp=Cidnb29nbGUubWFwcy5wbGFjZXMudjEuUGxhY2VzLlNlYXJjaFRleHQQAhgEIAA,2026-08-20
Hot,"Hamad Al Sharji, Peter Mansour & Co.",Law firm,Ruwi,DEAD,HTTP 403,https://sharjimansour.com/,24 780333,https://maps.google.com/?cid=8677218117116917285&g_mp=Cidnb29nbGUubWFwcy5wbGFjZXMudjEuUGxhY2VzLlNlYXJjaFRleHQQAhgEIAA,2026-08-20
Hot,Hani Clinic,Medical clinic,Ruwi,DEAD,unreachable: [Errno 65] No route to host; also: listed as http:// and https fails (unreachable: [Errno 65] No route to host),http://0.21.83.142/,7976 4873,https://maps.google.com/?cid=763080443590612297&g_mp=Cidnb29nbGUubWFwcy5wbGFjZXMudjEuUGxhY2VzLlNlYXJjaFRleHQQAhgEIAA,2026-08-20
Hot,Health zone Fitness Center,Gym,Muscat,DEAD,HTTP 404,https://fitnesscenteroman.squarespace.com/,7868 4878,https://maps.google.com/?cid=14795432503219278584&g_mp=Cidnb29nbGUubWFwcy5wbGFjZXMudjEuUGxhY2VzLlNlYXJjaFRleHQQAhgEIAA,2026-08-20
Hot,HMT Travels & Tours,Travel & tourism,Barka,DEAD,DNS does not resolve (hmttravels.com),http://hmttravels.com/,9623 4823,https://maps.google.com/?cid=4532362536098160506&g_mp=Cidnb29nbGUubWFwcy5wbGFjZXMudjEuUGxhY2VzLlNlYXJjaFRleHQQAhgEIAA,2026-08-20
Hot,Horizon Fitness - Sohar (mixed),Gym,Sohar,DEAD,HTTP 404,https://www.horizonfitness.om/Home/Index,22 716628,https://maps.google.com/?cid=1276729243493364831&g_mp=Cidnb29nbGUubWFwcy5wbGFjZXMudjEuUGxhY2VzLlNlYXJjaFRleHQQAhgEIAA,2026-08-20
Hot,I.C.C. LLC Oman,Contractor,Sur,DEAD,DNS does not resolve (www.iccllcoman.com),http://www.iccllcoman.com/,9276 5266,https://maps.google.com/?cid=4086106418732399644&g_mp=Cidnb29nbGUubWFwcy5wbGFjZXMudjEuUGxhY2VzLlNlYXJjaFRleHQQAhgEIAA,2026-08-20
Hot,Imperial Dental Centre Amerat,Dental clinic,Ruwi,DEAD,"no response (timeout) after 8s, twice",https://imperialdentaloman.com/,22 495777,https://maps.google.com/?cid=8303993280604562125&g_mp=Cidnb29nbGUubWFwcy5wbGFjZXMudjEuUGxhY2VzLlNlYXJjaFRleHQQAhgEIAA,2026-08-20
Hot,Imtilak Global Oman - امتلاك جلوبال عمان,Real estate,Muscat,DEAD,HTTP 403; also: listed as http:// and https fails (HTTP 403),http://www.imtilakglobal.om/,7688 2225,https://maps.google.com/?cid=2007104120049190114&g_mp=Cidnb29nbGUubWFwcy5wbGFjZXMudjEuUGxhY2VzLlNlYXJjaFRleHQQAhgEIAA,2026-08-20
Hot,Insparya® | Hair Health Clinic Oman,Medical clinic,Muscat,DEAD,HTTP 403,https://insparya.com/,9117 9443,https://maps.google.com/?cid=7960292630238392119&g_mp=Cidnb29nbGUubWFwcy5wbGFjZXMudjEuUGxhY2VzLlNlYXJjaFRleHQQAhgEIAA,2026-08-20
Hot,International Real Estate Development Company,Real estate,Barka,DEAD,DNS does not resolve (irc-oman.com),https://irc-oman.com/,9144 0707,https://maps.google.com/?cid=18121164896729282398&g_mp=Cidnb29nbGUubWFwcy5wbGFjZXMudjEuUGxhY2VzLlNlYXJjaFRleHQQAhgEIAA,2026-08-20
Hot,JAHID TRADING COMPANY LLC,Trading company,Salalah,DEAD,DNS does not resolve (www.abreezmajan.com),http://www.abreezmajan.com/,7878 7272,https://maps.google.com/?cid=4866582396306614496&g_mp=Cidnb29nbGUubWFwcy5wbGFjZXMudjEuUGxhY2VzLlNlYXJjaFRleHQQAhgEIAA,2026-08-20
Hot,Jaifar Ibn Al Julanda Private School مدرسة حيفر بن الجلندى الخاصة,Private school,Seeb,DEAD,DNS does not resolve (www.jijps.com),http://www.jijps.com/,24 538652,https://maps.google.com/?cid=14673952286114752513&g_mp=Cidnb29nbGUubWFwcy5wbGFjZXMudjEuUGxhY2VzLlNlYXJjaFRleHQQAhgEIAA,2026-08-20
Hot,Jupiter Trading Co. LLC,Trading company,Ruwi,DEAD,"no response (timeout) after 8s, twice; also: listed as http:// and https fails (no response (timeout))",http://www.jupiterfurnishing.com/,9564 0069,https://maps.google.com/?cid=17452652851061070368&g_mp=Cidnb29nbGUubWFwcy5wbGFjZXMudjEuUGxhY2VzLlNlYXJjaFRleHQQAhgEIAA,2026-08-20
Hot,Knowledge Hopes Private School مدرسة آمال المعرفة الخاصة,Private school,Sohar,DEAD,DNS does not resolve (www.khps.edu.om),https://www.khps.edu.om/,7711 4337,https://maps.google.com/?cid=15047943141506833867&g_mp=Cidnb29nbGUubWFwcy5wbGFjZXMudjEuUGxhY2VzLlNlYXJjaFRleHQQAhgEIAA,2026-08-20
Hot,Launch Tours and Travels,Travel & tourism,Muscat,DEAD,DNS does not resolve (thelaunchtours.com),https://thelaunchtours.com/,9495 6545,https://maps.google.com/?cid=6544586697079529801&g_mp=Cidnb29nbGUubWFwcy5wbGFjZXMudjEuUGxhY2VzLlNlYXJjaFRleHQQAhgEIAA,2026-08-20
Hot,Launch Tours And Travels,Travel & tourism,Muscat,DEAD,DNS does not resolve (thelaunchtours.com),https://thelaunchtours.com/,7502 1235,https://maps.google.com/?cid=9823493418172383519&g_mp=Cidnb29nbGUubWFwcy5wbGFjZXMudjEuUGxhY2VzLlNlYXJjaFRleHQQAhgEIAA,2026-08-20
Hot,Leaders Private School مدرسة القادة الخاصة,Private school,Seeb,DEAD,DNS does not resolve (www.leadersschool.om),https://www.leadersschool.om/,9850 1501,https://maps.google.com/?cid=8341264187692263923&g_mp=Cidnb29nbGUubWFwcy5wbGFjZXMudjEuUGxhY2VzLlNlYXJjaFRleHQQAhgEIAA,2026-08-20
Hot,Luxury Rent A Car (Saloon & SUV Cars),Car rental,Muscat,DEAD,HTTP 500,https://luxuryrac.com/,9781 0011,https://maps.google.com/?cid=13980774284149072493&g_mp=Cidnb29nbGUubWFwcy5wbGFjZXMudjEuUGxhY2VzLlNlYXJjaFRleHQQAhgEIAA,2026-08-20
Hot,MACTECH Building Materials Trading LLC (ميك تيك لتجارة مواد البناء ش م م),Trading company,Sur,DEAD,"no response (timeout) after 8s, twice; also: listed as http:// and https fails (no response (timeout))",http://www.mactechoman.com/,9442 2435,https://maps.google.com/?cid=11572376686284183468&g_mp=Cidnb29nbGUubWFwcy5wbGFjZXMudjEuUGxhY2VzLlNlYXJjaFRleHQQAhgEIAA,2026-08-20
Hot,Mahesh Trading Company LLC ماهيش للتجارة,Trading company,Muscat,DEAD,HTTP 500; also: listed as http:// and https fails (HTTP 500),http://www.maheshtradingoman.com/,7844 5566,https://maps.google.com/?cid=2419679319163104329&g_mp=Cidnb29nbGUubWFwcy5wbGFjZXMudjEuUGxhY2VzLlNlYXJjaFRleHQQAhgEIAA,2026-08-20
Hot,Marhaba Dhofar Tourism,Travel & tourism,Salalah,DEAD,HTTP 503; also: listed as http:// and https fails (HTTP 503),http://www.marhabadhofar.om/,9949 8388,https://maps.google.com/?cid=3841657531914467645&g_mp=Cidnb29nbGUubWFwcy5wbGFjZXMudjEuUGxhY2VzLlNlYXJjaFRleHQQAhgEIAA,2026-08-20
Hot,Maved International,Contractor,Muscat,DEAD,HTTP 500,https://mavedinternational.com/,9951 2019,https://maps.google.com/?cid=1111718570011498142&g_mp=Cidnb29nbGUubWFwcy5wbGFjZXMudjEuUGxhY2VzLlNlYXJjaFRleHQQAhgEIAA,2026-08-20
Hot,Maysoon Beauty Salon,Salon,Al Khuwair,DEAD,HTTP 500,https://www.maysoonbeautysalon.com/,9134 1000,https://maps.google.com/?cid=17318946466616895564&g_mp=Cidnb29nbGUubWFwcy5wbGFjZXMudjEuUGxhY2VzLlNlYXJjaFRleHQQAhgEIAA,2026-08-20
Hot,Mekong Restaurant,Restaurant,Salalah,DEAD,HTTP 403,https://www.anantara.com/en/al-baleed-salalah/restaurants/mekong,23 228222,https://maps.google.com/?cid=8357619844466545238&g_mp=Cidnb29nbGUubWFwcy5wbGFjZXMudjEuUGxhY2VzLlNlYXJjaFRleHQQAhgEIAA,2026-08-20
Hot,MRA Bakery & Restaurant,Restaurant,Ruwi,DEAD,DNS does not resolve (www.mra.om),http://www.mra.om/,9890 7907,https://maps.google.com/?cid=2146581787436362682&g_mp=Cidnb29nbGUubWFwcy5wbGFjZXMudjEuUGxhY2VzLlNlYXJjaFRleHQQAhgEIAA,2026-08-20
Hot,Muscat Adventure Travel&Tourism,Travel & tourism,Seeb,DEAD,HTTP 404; also: listed as http:// and https fails (HTTP 404),http://www.muscatadventure.com/,9454 2469,https://maps.google.com/?cid=1029876514647712664&g_mp=Cidnb29nbGUubWFwcy5wbGFjZXMudjEuUGxhY2VzLlNlYXJjaFRleHQQAhgEIAA,2026-08-20
Hot,My Gym Muscat,Gym,Muscat,DEAD,HTTP 403; also: listed as http:// and https fails (HTTP 403),http://www.mygym.com/muscat,9320 3322,https://maps.google.com/?cid=943609487587405081&g_mp=Cidnb29nbGUubWFwcy5wbGFjZXMudjEuUGxhY2VzLlNlYXJjaFRleHQQAhgEIAA,2026-08-20
Hot,Nizwa Hospital,Medical clinic,Nizwa,DEAD,HTTP 404,https://www.moh.gov.om/ar/web/nizwa-hospital,25 211000,https://maps.google.com/?cid=2710183466260220643&g_mp=Cidnb29nbGUubWFwcy5wbGFjZXMudjEuUGxhY2VzLlNlYXJjaFRleHQQAhgEIAA,2026-08-20
Hot,NUS Rental Car ناس لتأجير السيارات,Car rental,Barka,DEAD,HTTP 404; also: listed as http:// and https fails (TLS handshake failed: [SSL: SSLV3_ALERT_HANDSHAKE_FAILURE] sslv3 alert handshake failure (_ssl.c:1006)),http://nuscar.com/,9761 2360,https://maps.google.com/?cid=5177313786376293543&g_mp=Cidnb29nbGUubWFwcy5wbGFjZXMudjEuUGxhY2VzLlNlYXJjaFRleHQQAhgEIAA,2026-08-20
Hot,Nü Beauty Lounge,Salon,Muscat,DEAD,HTTP 402,https://www.nubeautylounge.com/,9958 9989,https://maps.google.com/?cid=8449082002325367501&g_mp=Cidnb29nbGUubWFwcy5wbGFjZXMudjEuUGxhY2VzLlNlYXJjaFRleHQQAhgEIAA,2026-08-20
Hot,Ocean Blue Beach House,Restaurant,Salalah,DEAD,HTTP 403; also: listed as http:// and https fails (HTTP 403),http://crowneplaza.com/salalah,23 238039,https://maps.google.com/?cid=5959366671636019192&g_mp=Cidnb29nbGUubWFwcy5wbGFjZXMudjEuUGxhY2VzLlNlYXJjaFRleHQQAhgEIAA,2026-08-20
Hot,Paradise International General Trading LLC,Trading company,Al Khuwair,DEAD,DNS does not resolve (www.greenwealth.om),http://www.greenwealth.om/,7177 6318,https://maps.google.com/?cid=7764992077104424231&g_mp=Cidnb29nbGUubWFwcy5wbGFjZXMudjEuUGxhY2VzLlNlYXJjaFRleHQQAhgEIAA,2026-08-20
Hot,PDO School مدرسة شركة تنمية نفط عمان,Private school,Ruwi,DEAD,HTTP 404; also: listed as http:// and https fails (HTTP 404),http://www.pdoschool.org/,24 677279,https://maps.google.com/?cid=6988767885388610&g_mp=Cidnb29nbGUubWFwcy5wbGFjZXMudjEuUGxhY2VzLlNlYXJjaFRleHQQAhgEIAA,2026-08-20
Hot,Pizza Modo Barka,Restaurant,Barka,DEAD,HTTP 403,https://www.pizzamodo.com/,9201 6536,https://maps.google.com/?cid=15576161830567530174&g_mp=Cidnb29nbGUubWFwcy5wbGFjZXMudjEuUGxhY2VzLlNlYXJjaFRleHQQAhgEIAA,2026-08-20
Hot,Pizza Modo Nizwa,Restaurant,Nizwa,DEAD,HTTP 403,https://www.pizzamodo.com/,9115 2390,https://maps.google.com/?cid=12963661533644253257&g_mp=Cidnb29nbGUubWFwcy5wbGFjZXMudjEuUGxhY2VzLlNlYXJjaFRleHQQAhgEIAA,2026-08-20
Hot,Pizza Modo Ruwi,Restaurant,Ruwi,DEAD,HTTP 403,https://pizzamodo.com/,7119 8684,https://maps.google.com/?cid=10858127876641185747&g_mp=Cidnb29nbGUubWFwcy5wbGFjZXMudjEuUGxhY2VzLlNlYXJjaFRleHQQAhgEIAA,2026-08-20
Hot,Pizza Modo Sohar,Restaurant,Sohar,DEAD,HTTP 403; also: listed as http:// and https fails (HTTP 403),http://www.pizzamodo.com/,9244 7830,https://maps.google.com/?cid=6175430037765898564&g_mp=Cidnb29nbGUubWFwcy5wbGFjZXMudjEuUGxhY2VzLlNlYXJjaFRleHQQAhgEIAA,2026-08-20
Hot,Ramssa Omani Restaurant,Restaurant,Muscat,DEAD,HTTP 403; also: listed as http:// and https fails (HTTP 403),http://www.ramssa.com/,9653 3112,https://maps.google.com/?cid=8355821534750834791&g_mp=Cidnb29nbGUubWFwcy5wbGFjZXMudjEuUGxhY2VzLlNlYXJjaFRleHQQAhgEIAA,2026-08-20
Hot,RAQA PROPERTIES,Real estate,Seeb,DEAD,DNS does not resolve (www.raqaproperties.com),https://www.raqaproperties.com/,9670 0073,https://maps.google.com/?cid=13629719229395740037&g_mp=Cidnb29nbGUubWFwcy5wbGFjZXMudjEuUGxhY2VzLlNlYXJjaFRleHQQAhgEIAA,2026-08-20
Hot,Rawabi Healthcare Medical Centre - مركز روابي للرعاية الطبية,Medical clinic,Seeb,DEAD,HTTP 403; also: listed as http:// and https fails (HTTP 403),http://www.rawabimedicare.com/,24 552705,https://maps.google.com/?cid=1676695296329341371&g_mp=Cidnb29nbGUubWFwcy5wbGFjZXMudjEuUGxhY2VzLlNlYXJjaFRleHQQAhgEIAA,2026-08-20
Hot,RazmAzaan,Restaurant,Sur,DEAD,HTTP 403,https://razmazaan.com/,7154 4999,https://maps.google.com/?cid=9143567508566723385&g_mp=Cidnb29nbGUubWFwcy5wbGFjZXMudjEuUGxhY2VzLlNlYXJjaFRleHQQAhgEIAA,2026-08-20
Hot,RazmAzaan Indian Restaurant - The Village مطعم رزم ازان للمأكولات الهندية,Restaurant,Seeb,DEAD,HTTP 403,https://razmazaan.com/,7214 4999,https://maps.google.com/?cid=11952679058467462248&g_mp=Cidnb29nbGUubWFwcy5wbGFjZXMudjEuUGxhY2VzLlNlYXJjaFRleHQQAhgEIAA,2026-08-20
Hot,Right Angle Travel & Tourism,Travel & tourism,Sohar,DEAD,DNS does not resolve (www.rightangletravels.com),http://www.rightangletravels.com/,7813 3270,https://maps.google.com/?cid=1442476400970041162&g_mp=Cidnb29nbGUubWFwcy5wbGFjZXMudjEuUGxhY2VzLlNlYXJjaFRleHQQAhgEIAA,2026-08-20
Hot,Ruwi Health Center مركز روي الصحي,Medical clinic,Ruwi,DEAD,HTTP 404,https://www.moh.gov.om/ar_OM/web/directorate-general-health-services-muscat/-/ruwi-health-cent-1,24 786088,https://maps.google.com/?cid=4127981484271048223&g_mp=Cidnb29nbGUubWFwcy5wbGFjZXMudjEuUGxhY2VzLlNlYXJjaFRleHQQAhgEIAA,2026-08-20
Hot,RUWI OFFICE SUPPLIES AND TRADING - ﺭﻭﻱ ﻟﻠﺘﺠﻬﻴﺰﺍﺕ ﺍﻟﻤﻜﺘﺒﻴﺔ ﻭﺍﻟﺘﺠﺎﺭﺓ,Trading company,Ruwi,DEAD,connection reset by server; also: listed as http:// and https fails (connection refused),http://www.ruwiost.com/,9488 0690,https://maps.google.com/?cid=1202387253032797409&g_mp=Cidnb29nbGUubWFwcy5wbGFjZXMudjEuUGxhY2VzLlNlYXJjaFRleHQQAhgEIAA,2026-08-20
Hot,Rydan Restaurant,Restaurant,Al Khuwair,DEAD,HTTP 403,https://heylink.me/Rydan.res/,7919 9199,https://maps.google.com/?cid=9789178492637175969&g_mp=Cidnb29nbGUubWFwcy5wbGFjZXMudjEuUGxhY2VzLlNlYXJjaFRleHQQAhgEIAA,2026-08-20
Hot,Rydan restaurant,Restaurant,Sohar,DEAD,HTTP 403,https://heylink.me/Rydan.res/,22 344689,https://maps.google.com/?cid=12535283514849794589&g_mp=Cidnb29nbGUubWFwcy5wbGFjZXMudjEuUGxhY2VzLlNlYXJjaFRleHQQAhgEIAA,2026-08-20
Hot,Saham Samhan Trading & Contracting L.L.C,Contractor,Salalah,DEAD,HTTP 403,https://sahamsamhan.com/,9908 1467,https://maps.google.com/?cid=8361814865652943216&g_mp=Cidnb29nbGUubWFwcy5wbGFjZXMudjEuUGxhY2VzLlNlYXJjaFRleHQQAhgEIAA,2026-08-20
Hot,Sakalan Restaurant at Al Baleed Resort by Anantara,Restaurant,Salalah,DEAD,HTTP 403,https://www.anantara.com/en/al-baleed-salalah/restaurants/sakalan,23 228248,https://maps.google.com/?cid=4768785035944933846&g_mp=Cidnb29nbGUubWFwcy5wbGFjZXMudjEuUGxhY2VzLlNlYXJjaFRleHQQAhgEIAA,2026-08-20
Hot,SALAH ALBALUSHI LAW FIRM,Law firm,Al Khuwair,DEAD,DNS does not resolve (www.sblawfirm.net),http://www.sblawfirm.net/,24 488303,https://maps.google.com/?cid=17191940551143589917&g_mp=Cidnb29nbGUubWFwcy5wbGFjZXMudjEuUGxhY2VzLlNlYXJjaFRleHQQAhgEIAA,2026-08-20
Hot,Sixt Rent a Car - Muscat International Airport,Car rental,Sur,DEAD,HTTP 403,https://www.sixt.com/car-rental/oman/muscat/muscat-airport/?utm_source=google_business&utm_medium=organic&fir=1,9808 2787,https://maps.google.com/?cid=9868794964696922732&g_mp=Cidnb29nbGUubWFwcy5wbGFjZXMudjEuUGxhY2VzLlNlYXJjaFRleHQQAhgEIAA,2026-08-20
Hot,Sixt Rent a Car - Salalah Airport,Car rental,Salalah,DEAD,HTTP 403,https://www.sixt.com/car-rental/oman/salalah/salalah/?xaid=8001&c1=OM&c2=salalah&c3=salalah&fir=1&utm_source=google_business&utm_medium=organic,9925 9111,https://maps.google.com/?cid=11071463221636393950&g_mp=Cidnb29nbGUubWFwcy5wbGFjZXMudjEuUGxhY2VzLlNlYXJjaFRleHQQAhgEIAA,2026-08-20
Hot,Sohar Hospital,Medical clinic,Sohar,DEAD,HTTP 404,https://www.moh.gov.om/ar_OM/web/sohar-hospital,26 840399,https://maps.google.com/?cid=15100813580794758444&g_mp=Cidnb29nbGUubWFwcy5wbGFjZXMudjEuUGxhY2VzLlNlYXJjaFRleHQQAhgEIAA,2026-08-20
Hot,Sohar Poly Clinics,Medical clinic,Sohar,DEAD,HTTP 404,https://www.moh.gov.om/ar/web/sohar-hospital,26 840043,https://maps.google.com/?cid=12463518672022992467&g_mp=Cidnb29nbGUubWFwcy5wbGFjZXMudjEuUGxhY2VzLlNlYXJjaFRleHQQAhgEIAA,2026-08-20
Hot,Sparkles by Sisters,Salon,Al Khuwair,DEAD,HTTP 404,https://www.fresha.com/sparkles-by-sister-h5no9f1s,22 389931,https://maps.google.com/?cid=6816392940360202151&g_mp=Cidnb29nbGUubWFwcy5wbGFjZXMudjEuUGxhY2VzLlNlYXJjaFRleHQQAhgEIAA,2026-08-20
Hot,Speedy Code,Car rental,Al Khuwair,DEAD,DNS does not resolve (www.speedyoman1.com),http://www.speedyoman1.com/,7885 5597,https://maps.google.com/?cid=11170149187784028122&g_mp=Cidnb29nbGUubWFwcy5wbGFjZXMudjEuUGxhY2VzLlNlYXJjaFRleHQQAhgEIAA,2026-08-20
Hot,"Starcare Medical Centre, Mabela",Medical clinic,Seeb,DEAD,HTTP 403,https://starcare.om/,7676 7575,https://maps.google.com/?cid=17327350669959524624&g_mp=Cidnb29nbGUubWFwcy5wbGFjZXMudjEuUGxhY2VzLlNlYXJjaFRleHQQAhgEIAA,2026-08-20
Hot,Super Quality Hearing Aid & Speech Therapy Center مركز السمع والنطق فائق الجودة سور,Medical clinic,Sur,DEAD,HTTP 404,http://www.hearingaidsoman.com/,22 559199,https://maps.google.com/?cid=17371371995423724734&g_mp=Cidnb29nbGUubWFwcy5wbGFjZXMudjEuUGxhY2VzLlNlYXJjaFRleHQQAhgEIAA,2026-08-20
Hot,Sur Hospital,Medical clinic,Sur,DEAD,HTTP 404,https://www.moh.gov.om/en/web/sur-hospital,25 561221,https://maps.google.com/?cid=14689242493528811631&g_mp=Cidnb29nbGUubWFwcy5wbGFjZXMudjEuUGxhY2VzLlNlYXJjaFRleHQQAhgEIAA,2026-08-20
Hot,Susan Barka Trading سوسن بركاء للتجارة ( Welding Workshop),Trading company,Barka,DEAD,"no response (timeout) after 8s, twice; also: listed as http:// and https fails (no response (timeout))",http://www.jameelakhtarprojects.com/,9633 6262,https://maps.google.com/?cid=5661694146415901247&g_mp=Cidnb29nbGUubWFwcy5wbGFjZXMudjEuUGxhY2VzLlNlYXJjaFRleHQQAhgEIAA,2026-08-20
Hot,TAKA CLINIC (General & Dental) عيادة تاكا,Medical clinic,Al Khuwair,DEAD,DNS does not resolve (takaclinic.com),https://takaclinic.com/,7868 6590,https://maps.google.com/?cid=7054614332430708772&g_mp=Cidnb29nbGUubWFwcy5wbGFjZXMudjEuUGxhY2VzLlNlYXJjaFRleHQQAhgEIAA,2026-08-20
Hot,Takamul Travel Salalah,Travel & tourism,Salalah,DEAD,HTTP 500,https://takamultravel.com/,9173 3925,https://maps.google.com/?cid=9958422143881354403&g_mp=Cidnb29nbGUubWFwcy5wbGFjZXMudjEuUGxhY2VzLlNlYXJjaFRleHQQAhgEIAA,2026-08-20
Hot,Tamrah Restaurant & Cafe,Restaurant,Nizwa,DEAD,"no response (timeout) after 8s, twice; also: listed as http:// and https fails (no response (timeout))",http://www.tamrah.om/,7273 3306,https://maps.google.com/?cid=1929445083441282721&g_mp=Cidnb29nbGUubWFwcy5wbGFjZXMudjEuUGxhY2VzLlNlYXJjaFRleHQQAhgEIAA,2026-08-20
Hot,Tender Steakhouse,Restaurant,Seeb,DEAD,HTTP 403,https://tendersteakhouse.com/,9125 8985,https://maps.google.com/?cid=4163638188408800256&g_mp=Cidnb29nbGUubWFwcy5wbGFjZXMudjEuUGxhY2VzLlNlYXJjaFRleHQQAhgEIAA,2026-08-20
Hot,The Steakhouse,Restaurant,Sohar,DEAD,HTTP 403; also: listed as http:// and https fails (HTTP 403),http://www.crowneplaza.com/cpsohar,26 850850,https://maps.google.com/?cid=14950483455407986658&g_mp=Cidnb29nbGUubWFwcy5wbGFjZXMudjEuUGxhY2VzLlNlYXJjaFRleHQQAhgEIAA,2026-08-20
Hot,Travel Diaries,Travel & tourism,Muscat,DEAD,"no response (timeout) after 8s, twice; also: listed as http:// and https fails (no response (timeout))",http://www.mytraveldiaries.in/,9595 0141,https://maps.google.com/?cid=1831026675903500874&g_mp=Cidnb29nbGUubWFwcy5wbGFjZXMudjEuUGxhY2VzLlNlYXJjaFRleHQQAhgEIAA,2026-08-20
Hot,Turkish Barbershop,Salon,Nizwa,DEAD,DNS does not resolve (freshface.om),http://freshface.om/,9567 6720,https://maps.google.com/?cid=2965692940416010612&g_mp=Cidnb29nbGUubWFwcy5wbGFjZXMudjEuUGxhY2VzLlNlYXJjaFRleHQQAhgEIAA,2026-08-20
Hot,VegMe Restaurant AlKhuwair,Restaurant,Al Khuwair,DEAD,HTTP 403,https://bio.link/vegmeoman,9215 0534,https://maps.google.com/?cid=14823594076825371817&g_mp=Cidnb29nbGUubWFwcy5wbGFjZXMudjEuUGxhY2VzLlNlYXJjaFRleHQQAhgEIAA,2026-08-20
Hot,Wara Construction Company.L.L.C,Contractor,Salalah,DEAD,DNS does not resolve (www.waraconstructionoman.com),https://www.waraconstructionoman.com/,22 060031,https://maps.google.com/?cid=7324522529558419570&g_mp=Cidnb29nbGUubWFwcy5wbGFjZXMudjEuUGxhY2VzLlNlYXJjaFRleHQQAhgEIAA,2026-08-20
Hot,Yahya Meditravel (SYFEX YMC),Medical clinic,Barka,DEAD,DNS does not resolve (www.yahyameditravel.com),http://www.yahyameditravel.com/,9944 1225,https://maps.google.com/?cid=13835987624541913427&g_mp=Cidnb29nbGUubWFwcy5wbGFjZXMudjEuUGxhY2VzLlNlYXJjaFRleHQQAhgEIAA,2026-08-20
Hot,YANSAB TRADING COMPANY,Trading company,Nizwa,DEAD,connection reset by server; also: listed as http:// and https fails (TLS handshake failed: [SSL: TLSV1_ALERT_INTERNAL_ERROR] tlsv1 alert internal error (_ssl.c:1006)),http://www.yansab.net/,9788 8004,https://maps.google.com/?cid=14224636081358494156&g_mp=Cidnb29nbGUubWFwcy5wbGFjZXMudjEuUGxhY2VzLlNlYXJjaFRleHQQAhgEIAA,2026-08-20
Hot,Yaqdhan Al Busaidi Law Firm,Law firm,Ruwi,DEAD,HTTP 403,https://www.dentons.com/en/yaqdhan-al-busaidi,24 573000,https://maps.google.com/?cid=10510429287284713336&g_mp=Cidnb29nbGUubWFwcy5wbGFjZXMudjEuUGxhY2VzLlNlYXJjaFRleHQQAhgEIAA,2026-08-20
Hot,"Zara Real Estate Development, Building Construction & Design زارللتطوير العقاري، مقاولات البناء والتشييد والتصميم",Contractor,Al Khuwair,DEAD,DNS does not resolve (www.zaraspc.com),https://www.zaraspc.com/,7960 1555,https://maps.google.com/?cid=10715465040502692530&g_mp=Cidnb29nbGUubWFwcy5wbGFjZXMudjEuUGxhY2VzLlNlYXJjaFRleHQQAhgEIAA,2026-08-20
Hot,ZORAQ ALSALAM TRAVELS AND TOURISM,Travel & tourism,Barka,DEAD,DNS does not resolve (www.zoraqtravel.com),https://www.zoraqtravel.com/en/,9840 2111,https://maps.google.com/?cid=5187546261114631594&g_mp=Cidnb29nbGUubWFwcy5wbGFjZXMudjEuUGxhY2VzLlNlYXJjaFRleHQQAhgEIAA,2026-08-20
Hot,Zubair Real Estate,Real estate,Muscat,DEAD,"no response (timeout) after 8s, twice",https://www.zubair-re.com/,7100 0079,https://maps.google.com/?cid=15126012285001152745&g_mp=Cidnb29nbGUubWFwcy5wbGFjZXMudjEuUGxhY2VzLlNlYXJjaFRleHQQAhgEIAA,2026-08-20
Hot,أركان المتحدة لتأجير السيارات ARKAN UNITED - RENT A CAR,Car rental,Al Khuwair,DEAD,DNS does not resolve (nourgolfcars.com),https://nourgolfcars.com/,9298 4484,https://maps.google.com/?cid=11035448899648249108&g_mp=Cidnb29nbGUubWFwcy5wbGFjZXMudjEuUGxhY2VzLlNlYXJjaFRleHQQAhgEIAA,2026-08-20
Hot,الرائد للعقارات,Real estate,Barka,DEAD,HTTP 503; also: listed as http:// and https fails (HTTP 503),http://www.alraed.om/,7171 2666,https://maps.google.com/?cid=17797151657238340717&g_mp=Cidnb29nbGUubWFwcy5wbGFjZXMudjEuUGxhY2VzLlNlYXJjaFRleHQQAhgEIAA,2026-08-20
Hot,الريادة للعقارات,Real estate,Salalah,DEAD,DNS does not resolve (alriyadarealestate.com),https://alriyadarealestate.com/,9060 0036,https://maps.google.com/?cid=4228139822126088261&g_mp=Cidnb29nbGUubWFwcy5wbGFjZXMudjEuUGxhY2VzLlNlYXJjaFRleHQQAhgEIAA,2026-08-20
Hot,الزاوية للخدمات العقارية,Real estate,Barka,DEAD,DNS does not resolve (alzawia.me),https://alzawia.me/,9244 8894,https://maps.google.com/?cid=8014146187167644877&g_mp=Cidnb29nbGUubWFwcy5wbGFjZXMudjEuUGxhY2VzLlNlYXJjaFRleHQQAhgEIAA,2026-08-20
Hot,روبيل للمقاولات Robeel Contracting,Contractor,Seeb,DEAD,DNS does not resolve (robeelco.com),https://robeelco.com/,9921 1139,https://maps.google.com/?cid=13750743998098213409&g_mp=Cidnb29nbGUubWFwcy5wbGFjZXMudjEuUGxhY2VzLlNlYXJjaFRleHQQAhgEIAA,2026-08-20
Hot,شركة البوسعيدي وشريكه للمحاماة Al Busaidi & Partner Law Firm,Law firm,Seeb,DEAD,DNS does not resolve (www.albusaidi-law.com),https://www.albusaidi-law.com/,9445 7575,https://maps.google.com/?cid=7612795729057485525&g_mp=Cidnb29nbGUubWFwcy5wbGFjZXMudjEuUGxhY2VzLlNlYXJjaFRleHQQAhgEIAA,2026-08-20
Hot,شركة توانا للسفر والسياحة Twana Travel & Tourism Company,Travel & tourism,Seeb,DEAD,DNS does not resolve (twana.anjez.net),https://twana.anjez.net/,9817 8832,https://maps.google.com/?cid=10599233839196021869&g_mp=Cidnb29nbGUubWFwcy5wbGFjZXMudjEuUGxhY2VzLlNlYXJjaFRleHQQAhgEIAA,2026-08-20
Hot,عقارات الدول العربية وتركيا,Real estate,Barka,DEAD,DNS does not resolve (realestate-at.com),https://realestate-at.com/,9906 6725,https://maps.google.com/?cid=2545989524403813366&g_mp=Cidnb29nbGUubWFwcy5wbGFjZXMudjEuUGxhY2VzLlNlYXJjaFRleHQQAhgEIAA,2026-08-20
Hot,عيادة الدكتورة هيفاء سعيد,Medical clinic,Sur,DEAD,DNS does not resolve (dr.haifa.clinic),http://dr.haifa.clinic/,9116 6327,https://maps.google.com/?cid=14832848445063818642&g_mp=Cidnb29nbGUubWFwcy5wbGFjZXMudjEuUGxhY2VzLlNlYXJjaFRleHQQAhgEIAA,2026-08-20
Hot,عيادة القمم الطبية - Medical Apexes Abroad,Medical clinic,Nizwa,DEAD,"no response (timeout) after 8s, twice",https://apexesmedical.com/?fbclid=PAb21jcAM_dPhleHRuA2FlbQIxMQABp5KnRB46d-izY20F2HQNU3oJxPwWilboLBr5plLdx7BBNG5XNFTi16C_kb47_aem_y8wvSicwR_mmm1_ZmkSX_Q,7411 9555,https://maps.google.com/?cid=7165992743002605599&g_mp=Cidnb29nbGUubWFwcy5wbGFjZXMudjEuUGxhY2VzLlNlYXJjaFRleHQQAhgEIAA,2026-08-20
Hot,عيادة الماس لطب الاسنان Almas Dental Clinic,Dental clinic,Salalah,DEAD,"no response (timeout) after 8s, twice; also: listed as http:// and https fails (no response (timeout))",http://almasdent.info/,9129 5525,https://maps.google.com/?cid=12704008346109242469&g_mp=Cidnb29nbGUubWFwcy5wbGFjZXMudjEuUGxhY2VzLlNlYXJjaFRleHQQAhgEIAA,2026-08-20
Hot,"مجمع الرازي الطبي صلاله Al Raazi Poly Clinic - VISA MEDICAL, Best Orthodontic Clinic, Gynecology, GP and Visa Medical",Medical clinic,Salalah,DEAD,HTTP 403; also: listed as http:// and https fails (HTTP 403),http://www.alraazioman.com/,23 294400,https://maps.google.com/?cid=7751425019271108236&g_mp=Cidnb29nbGUubWFwcy5wbGFjZXMudjEuUGxhY2VzLlNlYXJjaFRleHQQAhgEIAA,2026-08-20
Hot,محمد بن حماد البوسعيدي مرشد سياحي Mohammed albusaidi tour guide,Travel & tourism,Nizwa,DEAD,DNS does not resolve (omantoursandadventure.com),https://omantoursandadventure.com/,9535 0881,https://maps.google.com/?cid=14085793093884830332&g_mp=Cidnb29nbGUubWFwcy5wbGFjZXMudjEuUGxhY2VzLlNlYXJjaFRleHQQAhgEIAA,2026-08-20
Hot,مدرسة صلالة,Private school,Salalah,DEAD,HTTP 503,https://salalah-school.com/,7969 9916,https://maps.google.com/?cid=15349833977085229347&g_mp=Cidnb29nbGUubWFwcy5wbGFjZXMudjEuUGxhY2VzLlNlYXJjaFRleHQQAhgEIAA,2026-08-20
Hot,مدرسة غراس الخاصة بركاء,Private school,Barka,DEAD,HTTP 403,https://ghirasedu.com/,9190 5773,https://maps.google.com/?cid=10250620925713175200&g_mp=Cidnb29nbGUubWFwcy5wbGFjZXMudjEuUGxhY2VzLlNlYXJjaFRleHQQAhgEIAA,2026-08-20
Hot,مركز الكنان لطب الأسنان,Dental clinic,Nizwa,DEAD,HTTP 404,https://kenancentercom.com/,9277 4443,https://maps.google.com/?cid=17494287946183466903&g_mp=Cidnb29nbGUubWFwcy5wbGFjZXMudjEuUGxhY2VzLlNlYXJjaFRleHQQAhgEIAA,2026-08-20
Hot,مركز المهيدب لطب الأسنان,Dental clinic,Salalah,DEAD,DNS does not resolve (www.almuhaidibdental.com),https://www.almuhaidibdental.com/,9854 9444,https://maps.google.com/?cid=5474620324759948040&g_mp=Cidnb29nbGUubWFwcy5wbGFjZXMudjEuUGxhY2VzLlNlYXJjaFRleHQQAhgEIAA,2026-08-20
Hot,مركز دارس الطبي Daris Medical Centre,Medical clinic,Nizwa,DEAD,DNS does not resolve (www.darismedicalcenter.com),http://www.darismedicalcenter.com/,9419 9611,https://maps.google.com/?cid=10842034212447163426&g_mp=Cidnb29nbGUubWFwcy5wbGFjZXMudjEuUGxhY2VzLlNlYXJjaFRleHQQAhgEIAA,2026-08-20
Hot,مركز صور التخصصي لعلاج السكري SurSpecilised Diabetic center,Medical clinic,Sur,DEAD,HTTP 404,https://www.moh.gov.om/ar_OM/web/directorate-general-health-services-south-sharqiya/-/sur-specilised-diabetic-center,25 561842,https://maps.google.com/?cid=10836129099619729642&g_mp=Cidnb29nbGUubWFwcy5wbGFjZXMudjEuUGxhY2VzLlNlYXJjaFRleHQQAhgEIAA,2026-08-20
Hot,مركز لامير للتجميل lamer beauty center,Salon,Sohar,DEAD,DNS does not resolve (lamercenter.com),https://lamercenter.com/,9640 9990,https://maps.google.com/?cid=7007812888841293331&g_mp=Cidnb29nbGUubWFwcy5wbGFjZXMudjEuUGxhY2VzLlNlYXJjaFRleHQQAhgEIAA,2026-08-20
Hot,ملتي براند للتجارة العامة | Multi Brands Trading Co,Trading company,Seeb,DEAD,DNS does not resolve (www.multibrands.ps),https://www.multibrands.ps/,9256 8768,https://maps.google.com/?cid=8457941671296704914&g_mp=Cidnb29nbGUubWFwcy5wbGFjZXMudjEuUGxhY2VzLlNlYXJjaFRleHQQAhgEIAA,2026-08-20
Warm,-,Car rental,Barka,NO_WEBSITE,no website on the Google listing,,,https://maps.google.com/?cid=18194058053970352655&g_mp=Cidnb29nbGUubWFwcy5wbGFjZXMudjEuUGxhY2VzLlNlYXJjaFRleHQQAhgEIAA,2026-08-20
Warm,"Aahaa Restaurant & Cafe Ruwi, Muscat, Oman",Restaurant,Ruwi,NO_WEBSITE,no website on the Google listing,,,https://maps.google.com/?cid=6296347361467599640&g_mp=Cidnb29nbGUubWFwcy5wbGFjZXMudjEuUGxhY2VzLlNlYXJjaFRleHQQAhgEIAA,2026-08-20
Warm,Abdullah bin yusouf bin ali al hamadi clinic barka,Medical clinic,Barka,NO_WEBSITE,no website on the Google listing,,,https://maps.google.com/?cid=6968661946964195542&g_mp=Cidnb29nbGUubWFwcy5wbGFjZXMudjEuUGxhY2VzLlNlYXJjaFRleHQQAhgEIAA,2026-08-20
Warm,Al Ahram for trading company - oman الاهرام للأعمال التجارية - سلطنه عمان,Trading company,Seeb,NO_WEBSITE,no website on the Google listing,,,https://maps.google.com/?cid=6525524447020499404&g_mp=Cidnb29nbGUubWFwcy5wbGFjZXMudjEuUGxhY2VzLlNlYXJjaFRleHQQAhgEIAA,2026-08-20
Warm,Al Amal School,Private school,Barka,NO_WEBSITE,no website on the Google listing,,,https://maps.google.com/?cid=17373290307418108624&g_mp=Cidnb29nbGUubWFwcy5wbGFjZXMudjEuUGxhY2VzLlNlYXJjaFRleHQQAhgEIAA,2026-08-20
Warm,AL BALEED BEACH,Restaurant,Salalah,NO_WEBSITE,no website on the Google listing,,,https://maps.google.com/?cid=1329099979731725144&g_mp=Cidnb29nbGUubWFwcy5wbGFjZXMudjEuUGxhY2VzLlNlYXJjaFRleHQQAhgEIAA,2026-08-20
Warm,Al Balooki Dental Clinic (Dr. Mathew),Dental clinic,Sohar,NO_WEBSITE,no website on the Google listing,,,https://maps.google.com/?cid=4003227290104292086&g_mp=Cidnb29nbGUubWFwcy5wbGFjZXMudjEuUGxhY2VzLlNlYXJjaFRleHQQAhgEIAA,2026-08-20
Warm,Al Ektisasyoon Trading Sohar,Trading company,Sohar,NO_WEBSITE,no website on the Google listing,,,https://maps.google.com/?cid=13636908722235903467&g_mp=Cidnb29nbGUubWFwcy5wbGFjZXMudjEuUGxhY2VzLlNlYXJjaFRleHQQAhgEIAA,2026-08-20
Warm,Al Hakeem Medical Center - Dental,Dental clinic,Al Khuwair,NO_WEBSITE,no website on the Google listing,,,https://maps.google.com/?cid=2338168757264101179&g_mp=Cidnb29nbGUubWFwcy5wbGFjZXMudjEuUGxhY2VzLlNlYXJjaFRleHQQAhgEIAA,2026-08-20
Warm,Al Hashar Tourism & Travels LLC Barka,Travel & tourism,Barka,NO_WEBSITE,no website on the Google listing,,,https://maps.google.com/?cid=9620276221621960407&g_mp=Cidnb29nbGUubWFwcy5wbGFjZXMudjEuUGxhY2VzLlNlYXJjaFRleHQQAhgEIAA,2026-08-20
Warm,Al Jadyani Trading Co,Trading company,Salalah,NO_WEBSITE,no website on the Google listing,,,https://maps.google.com/?cid=8477593590841029655&g_mp=Cidnb29nbGUubWFwcy5wbGFjZXMudjEuUGxhY2VzLlNlYXJjaFRleHQQAhgEIAA,2026-08-20
Warm,Al Jawhara Private School مدرسة الجوهرة الخاصة,Private school,Salalah,NO_WEBSITE,no website on the Google listing,,,https://maps.google.com/?cid=10107043522007692541&g_mp=Cidnb29nbGUubWFwcy5wbGFjZXMudjEuUGxhY2VzLlNlYXJjaFRleHQQAhgEIAA,2026-08-20
Warm,Al khuwair,Medical clinic,Al Khuwair,NO_WEBSITE,no website on the Google listing,,,https://maps.google.com/?cid=13763101843645945534&g_mp=Cidnb29nbGUubWFwcy5wbGFjZXMudjEuUGxhY2VzLlNlYXJjaFRleHQQAhgEIAA,2026-08-20
Warm,Al Khuwair 33 Muscat,Salon,Al Khuwair,NO_WEBSITE,no website on the Google listing,,,https://maps.google.com/?cid=17372453046861971647&g_mp=Cidnb29nbGUubWFwcy5wbGFjZXMudjEuUGxhY2VzLlNlYXJjaFRleHQQAhgEIAA,2026-08-20
Warm,Al Manhal Private School,Private school,Ruwi,NO_WEBSITE,no website on the Google listing,,,https://maps.google.com/?cid=9209077502837860976&g_mp=Cidnb29nbGUubWFwcy5wbGFjZXMudjEuUGxhY2VzLlNlYXJjaFRleHQQAhgEIAA,2026-08-20
Warm,Al Randh Beauty,Salon,Barka,NO_WEBSITE,no website on the Google listing,,,https://maps.google.com/?cid=2462408153645728252&g_mp=Cidnb29nbGUubWFwcy5wbGFjZXMudjEuUGxhY2VzLlNlYXJjaFRleHQQAhgEIAA,2026-08-20
Warm,Al Raud Trading Company L. L. C.,Trading company,Salalah,NO_WEBSITE,no website on the Google listing,,,https://maps.google.com/?cid=17689522716181271218&g_mp=Cidnb29nbGUubWFwcy5wbGFjZXMudjEuUGxhY2VzLlNlYXJjaFRleHQQAhgEIAA,2026-08-20
Warm,Al Ravi Restaurant & Grill Al Khuwair مطعم الراوي - الخوير,Restaurant,Al Khuwair,NO_WEBSITE,no website on the Google listing,,,https://maps.google.com/?cid=9858753533230858487&g_mp=Cidnb29nbGUubWFwcy5wbGFjZXMudjEuUGxhY2VzLlNlYXJjaFRleHQQAhgEIAA,2026-08-20
Warm,Al Rawi dental clinic عياده الراوى للأسنان,Dental clinic,Salalah,NO_WEBSITE,no website on the Google listing,,,https://maps.google.com/?cid=15495245992154819922&g_mp=Cidnb29nbGUubWFwcy5wbGFjZXMudjEuUGxhY2VzLlNlYXJjaFRleHQQAhgEIAA,2026-08-20
Warm,Al Shabab Gym,Gym,Barka,NO_WEBSITE,no website on the Google listing,,,https://maps.google.com/?cid=5183562923450523173&g_mp=Cidnb29nbGUubWFwcy5wbGFjZXMudjEuUGxhY2VzLlNlYXJjaFRleHQQAhgEIAA,2026-08-20
Warm,AL THANA INTERNATIONAL TRAD. & CONT. CO LLC,Contractor,Salalah,NO_WEBSITE,no website on the Google listing,,,https://maps.google.com/?cid=7379898328614763782&g_mp=Cidnb29nbGUubWFwcy5wbGFjZXMudjEuUGxhY2VzLlNlYXJjaFRleHQQAhgEIAA,2026-08-20
Warm,Al Yahyae and Co Advocates and Legal Consultancy,Law firm,Salalah,NO_WEBSITE,no website on the Google listing,,,https://maps.google.com/?cid=8687113964181123954&g_mp=Cidnb29nbGUubWFwcy5wbGFjZXMudjEuUGxhY2VzLlNlYXJjaFRleHQQAhgEIAA,2026-08-20
Warm,Alandalus Private School Muscat,Private school,Seeb,NO_WEBSITE,no website on the Google listing,,,https://maps.google.com/?cid=8215504940703920332&g_mp=Cidnb29nbGUubWFwcy5wbGFjZXMudjEuUGxhY2VzLlNlYXJjaFRleHQQAhgEIAA,2026-08-20
Warm,Alkhuwair,Salon,Al Khuwair,NO_WEBSITE,no website on the Google listing,,,https://maps.google.com/?cid=15397760877889039339&g_mp=Cidnb29nbGUubWFwcy5wbGFjZXMudjEuUGxhY2VzLlNlYXJjaFRleHQQAhgEIAA,2026-08-20
Warm,ALMAYAR RENT CAR,Car rental,Sohar,NO_WEBSITE,no website on the Google listing,,,https://maps.google.com/?cid=14209581943688033454&g_mp=Cidnb29nbGUubWFwcy5wbGFjZXMudjEuUGxhY2VzLlNlYXJjaFRleHQQAhgEIAA,2026-08-20
Warm,Alrehani trading & construction. مؤسسة الريحاني للتجارة و المقاولات,Contractor,Sohar,NO_WEBSITE,no website on the Google listing,,,https://maps.google.com/?cid=7824517982854938043&g_mp=Cidnb29nbGUubWFwcy5wbGFjZXMudjEuUGxhY2VzLlNlYXJjaFRleHQQAhgEIAA,2026-08-20
Warm,Amana Contracting Company,Contractor,Sohar,NO_WEBSITE,no website on the Google listing,,,https://maps.google.com/?cid=10516849467154619240&g_mp=Cidnb29nbGUubWFwcy5wbGFjZXMudjEuUGxhY2VzLlNlYXJjaFRleHQQAhgEIAA,2026-08-20
Warm,Arona beauty parlour,Salon,Barka,NO_WEBSITE,no website on the Google listing,,,https://maps.google.com/?cid=12370631541218460845&g_mp=Cidnb29nbGUubWFwcy5wbGFjZXMudjEuUGxhY2VzLlNlYXJjaFRleHQQAhgEIAA,2026-08-20
Warm,Bahabri trading company شركة باهبري للتجارة,Trading company,Sohar,NO_WEBSITE,no website on the Google listing,,,https://maps.google.com/?cid=6785210647878340849&g_mp=Cidnb29nbGUubWFwcy5wbGFjZXMudjEuUGxhY2VzLlNlYXJjaFRleHQQAhgEIAA,2026-08-20
Warm,Bait Al Zafran بناية بيت الزعفران,Real estate,Al Khuwair,NO_WEBSITE,no website on the Google listing,,,https://maps.google.com/?cid=18233579586319301460&g_mp=Cidnb29nbGUubWFwcy5wbGFjZXMudjEuUGxhY2VzLlNlYXJjaFRleHQQAhgEIAA,2026-08-20
Warm,Battery scooter repairing,Car rental,Barka,NO_WEBSITE,no website on the Google listing,,,https://maps.google.com/?cid=8926507419192757351&g_mp=Cidnb29nbGUubWFwcy5wbGFjZXMudjEuUGxhY2VzLlNlYXJjaFRleHQQAhgEIAA,2026-08-20
Warm,Beauty Salon,Salon,Salalah,NO_WEBSITE,no website on the Google listing,,,https://maps.google.com/?cid=16518089310323225186&g_mp=Cidnb29nbGUubWFwcy5wbGFjZXMudjEuUGxhY2VzLlNlYXJjaFRleHQQAhgEIAA,2026-08-20
Warm,BEC Salalah,Contractor,Salalah,NO_WEBSITE,no website on the Google listing,,,https://maps.google.com/?cid=2791833127003313891&g_mp=Cidnb29nbGUubWFwcy5wbGFjZXMudjEuUGxhY2VzLlNlYXJjaFRleHQQAhgEIAA,2026-08-20
Warm,BIYAK Construction Engineering Co Ltd,Contractor,Sohar,NO_WEBSITE,no website on the Google listing,,,https://maps.google.com/?cid=7695264433422474330&g_mp=Cidnb29nbGUubWFwcy5wbGFjZXMudjEuUGxhY2VzLlNlYXJjaFRleHQQAhgEIAA,2026-08-20
Warm,Civil Construction Company,Contractor,Salalah,NO_WEBSITE,no website on the Google listing,,,https://maps.google.com/?cid=13123245768401257983&g_mp=Cidnb29nbGUubWFwcy5wbGFjZXMudjEuUGxhY2VzLlNlYXJjaFRleHQQAhgEIAA,2026-08-20
Warm,Como spa,Salon,Sur,NO_WEBSITE,no website on the Google listing,,,https://maps.google.com/?cid=6397787025235626552&g_mp=Cidnb29nbGUubWFwcy5wbGFjZXMudjEuUGxhY2VzLlNlYXJjaFRleHQQAhgEIAA,2026-08-20
Warm,CORE Fit GYM,Gym,Salalah,NO_WEBSITE,no website on the Google listing,,,https://maps.google.com/?cid=7099858082056619743&g_mp=Cidnb29nbGUubWFwcy5wbGFjZXMudjEuUGxhY2VzLlNlYXJjaFRleHQQAhgEIAA,2026-08-20
Warm,DHOFAR CLUB GYM,Gym,Salalah,NO_WEBSITE,no website on the Google listing,,,https://maps.google.com/?cid=10551700190904521999&g_mp=Cidnb29nbGUubWFwcy5wbGFjZXMudjEuUGxhY2VzLlNlYXJjaFRleHQQAhgEIAA,2026-08-20
Warm,Diyan International Trading & Contracting llc,Contractor,Nizwa,NO_WEBSITE,no website on the Google listing,,,https://maps.google.com/?cid=9971809754913118057&g_mp=Cidnb29nbGUubWFwcy5wbGFjZXMudjEuUGxhY2VzLlNlYXJjaFRleHQQAhgEIAA,2026-08-20
Warm,Elco National Trading Co LLC,Trading company,Sur,NO_WEBSITE,no website on the Google listing,,,https://maps.google.com/?cid=5265749085766299554&g_mp=Cidnb29nbGUubWFwcy5wbGFjZXMudjEuUGxhY2VzLlNlYXJjaFRleHQQAhgEIAA,2026-08-20
Warm,Elegant Princes Beauty And Hair Dressing,Salon,Nizwa,NO_WEBSITE,no website on the Google listing,,,https://maps.google.com/?cid=9883155467511401855&g_mp=Cidnb29nbGUubWFwcy5wbGFjZXMudjEuUGxhY2VzLlNlYXJjaFRleHQQAhgEIAA,2026-08-20
Warm,Elite Real Estate,Real estate,Barka,NO_WEBSITE,no website on the Google listing,,,https://maps.google.com/?cid=2158050823975482483&g_mp=Cidnb29nbGUubWFwcy5wbGFjZXMudjEuUGxhY2VzLlNlYXJjaFRleHQQAhgEIAA,2026-08-20
Warm,Eve's butterfly beauty salon ruwi,Salon,Ruwi,NO_WEBSITE,no website on the Google listing,,,https://maps.google.com/?cid=4044502762127918690&g_mp=Cidnb29nbGUubWFwcy5wbGFjZXMudjEuUGxhY2VzLlNlYXJjaFRleHQQAhgEIAA,2026-08-20
Warm,Ever luxe Beauty Spa,Salon,Nizwa,NO_WEBSITE,no website on the Google listing,,,https://maps.google.com/?cid=6526497892620551166&g_mp=Cidnb29nbGUubWFwcy5wbGFjZXMudjEuUGxhY2VzLlNlYXJjaFRleHQQAhgEIAA,2026-08-20
Warm,Fanan Beauty,Salon,Nizwa,NO_WEBSITE,no website on the Google listing,,,https://maps.google.com/?cid=14648355393383067469&g_mp=Cidnb29nbGUubWFwcy5wbGFjZXMudjEuUGxhY2VzLlNlYXJjaFRleHQQAhgEIAA,2026-08-20
Warm,Fitness Plus for Ladies,Gym,Nizwa,NO_WEBSITE,no website on the Google listing,,,https://maps.google.com/?cid=11572080334213616202&g_mp=Cidnb29nbGUubWFwcy5wbGFjZXMudjEuUGxhY2VzLlNlYXJjaFRleHQQAhgEIAA,2026-08-20
Warm,Giant Men,Gym,Salalah,NO_WEBSITE,no website on the Google listing,,,https://maps.google.com/?cid=15375065777705259052&g_mp=Cidnb29nbGUubWFwcy5wbGFjZXMudjEuUGxhY2VzLlNlYXJjaFRleHQQAhgEIAA,2026-08-20
Warm,Golden Horse For Real Estate,Real estate,Salalah,NO_WEBSITE,no website on the Google listing,,,https://maps.google.com/?cid=5267614364279573441&g_mp=Cidnb29nbGUubWFwcy5wbGFjZXMudjEuUGxhY2VzLlNlYXJjaFRleHQQAhgEIAA,2026-08-20
Warm,Good Trust Trading LLC,Trading company,Al Khuwair,NO_WEBSITE,no website on the Google listing,,,https://maps.google.com/?cid=715671390934609149&g_mp=Cidnb29nbGUubWFwcy5wbGFjZXMudjEuUGxhY2VzLlNlYXJjaFRleHQQAhgEIAA,2026-08-20
Warm,"GPS CLINIC , BARKA, OMAN",Medical clinic,Barka,NO_WEBSITE,no website on the Google listing,,,https://maps.google.com/?cid=12796718454555571864&g_mp=Cidnb29nbGUubWFwcy5wbGFjZXMudjEuUGxhY2VzLlNlYXJjaFRleHQQAhgEIAA,2026-08-20
Warm,Granada Private school,Private school,Al Khuwair,NO_WEBSITE,no website on the Google listing,,,https://maps.google.com/?cid=8921165223433080997&g_mp=Cidnb29nbGUubWFwcy5wbGFjZXMudjEuUGxhY2VzLlNlYXJjaFRleHQQAhgEIAA,2026-08-20
Warm,Grashal beauty zone salalah,Salon,Salalah,NO_WEBSITE,no website on the Google listing,,,https://maps.google.com/?cid=17175016313059738597&g_mp=Cidnb29nbGUubWFwcy5wbGFjZXMudjEuUGxhY2VzLlNlYXJjaFRleHQQAhgEIAA,2026-08-20
Warm,gym,Gym,Muscat,NO_WEBSITE,no website on the Google listing,,,https://maps.google.com/?cid=15709537956257556927&g_mp=Cidnb29nbGUubWFwcy5wbGFjZXMudjEuUGxhY2VzLlNlYXJjaFRleHQQAhgEIAA,2026-08-20
Warm,Gym station,Gym,Salalah,NO_WEBSITE,no website on the Google listing,,,https://maps.google.com/?cid=15504382906493700339&g_mp=Cidnb29nbGUubWFwcy5wbGFjZXMudjEuUGxhY2VzLlNlYXJjaFRleHQQAhgEIAA,2026-08-20
Warm,Hafid Ba-Omar Building,Real estate,Salalah,NO_WEBSITE,no website on the Google listing,,,https://maps.google.com/?cid=13418282932844814330&g_mp=Cidnb29nbGUubWFwcy5wbGFjZXMudjEuUGxhY2VzLlNlYXJjaFRleHQQAhgEIAA,2026-08-20
Warm,Hamadan Plaza Health Club,Gym,Salalah,NO_WEBSITE,no website on the Google listing,,,https://maps.google.com/?cid=15130608349371775044&g_mp=Cidnb29nbGUubWFwcy5wbGFjZXMudjEuUGxhY2VzLlNlYXJjaFRleHQQAhgEIAA,2026-08-20
Warm,HAMEED & PARTNERS TRADE INVESTMENT LLC,Trading company,Sohar,NO_WEBSITE,no website on the Google listing,,,https://maps.google.com/?cid=13988848618049238215&g_mp=Cidnb29nbGUubWFwcy5wbGFjZXMudjEuUGxhY2VzLlNlYXJjaFRleHQQAhgEIAA,2026-08-20
Warm,HORIZON TRIPS AND TOURS,Travel & tourism,Sohar,NO_WEBSITE,no website on the Google listing,,,https://maps.google.com/?cid=16373284277694564537&g_mp=Cidnb29nbGUubWFwcy5wbGFjZXMudjEuUGxhY2VzLlNlYXJjaFRleHQQAhgEIAA,2026-08-20
Warm,Hubra Trading LLC هبرا للتجارة ش.م.م.,Contractor,Ruwi,NO_WEBSITE,no website on the Google listing,,,https://maps.google.com/?cid=10630952322082176540&g_mp=Cidnb29nbGUubWFwcy5wbGFjZXMudjEuUGxhY2VzLlNlYXJjaFRleHQQAhgEIAA,2026-08-20
Warm,Humbar ...sohar,Real estate,Sohar,NO_WEBSITE,no website on the Google listing,,,https://maps.google.com/?cid=2053939166684626460&g_mp=Cidnb29nbGUubWFwcy5wbGFjZXMudjEuUGxhY2VzLlNlYXJjaFRleHQQAhgEIAA,2026-08-20
Warm,I Gym,Gym,Salalah,NO_WEBSITE,no website on the Google listing,,,https://maps.google.com/?cid=9365298665807456937&g_mp=Cidnb29nbGUubWFwcy5wbGFjZXMudjEuUGxhY2VzLlNlYXJjaFRleHQQAhgEIAA,2026-08-20
Warm,Indian School Barka المدرسة الهندية فرع بركا,Private school,Barka,NO_WEBSITE,no website on the Google listing,,,https://maps.google.com/?cid=6140228783042390910&g_mp=Cidnb29nbGUubWFwcy5wbGFjZXMudjEuUGxhY2VzLlNlYXJjaFRleHQQAhgEIAA,2026-08-20
Warm,Irani Grilled,Restaurant,Sur,NO_WEBSITE,no website on the Google listing,,,https://maps.google.com/?cid=17497374336806447334&g_mp=Cidnb29nbGUubWFwcy5wbGFjZXMudjEuUGxhY2VzLlNlYXJjaFRleHQQAhgEIAA,2026-08-20
Warm,Jamail Hair dressing and beauty products for women,Salon,Nizwa,NO_WEBSITE,no website on the Google listing,,,https://maps.google.com/?cid=3164324139080449619&g_mp=Cidnb29nbGUubWFwcy5wbGFjZXMudjEuUGxhY2VzLlNlYXJjaFRleHQQAhgEIAA,2026-08-20
Warm,JET SET HOLIDAYS,Medical clinic,Al Khuwair,NO_WEBSITE,no website on the Google listing,,,https://maps.google.com/?cid=2632566534576165498&g_mp=Cidnb29nbGUubWFwcy5wbGFjZXMudjEuUGxhY2VzLlNlYXJjaFRleHQQAhgEIAA,2026-08-20
Warm,Kasarnaba rent a car,Car rental,Sohar,NO_WEBSITE,no website on the Google listing,,,https://maps.google.com/?cid=2685116745838448812&g_mp=Cidnb29nbGUubWFwcy5wbGFjZXMudjEuUGxhY2VzLlNlYXJjaFRleHQQAhgEIAA,2026-08-20
Warm,Khwarizmi Private School,Private school,Sohar,NO_WEBSITE,no website on the Google listing,,,https://maps.google.com/?cid=14925762906625596395&g_mp=Cidnb29nbGUubWFwcy5wbGFjZXMudjEuUGxhY2VzLlNlYXJjaFRleHQQAhgEIAA,2026-08-20
Warm,la7.fitness.center,Gym,Sohar,NO_WEBSITE,no website on the Google listing,,,https://maps.google.com/?cid=13456769378202628213&g_mp=Cidnb29nbGUubWFwcy5wbGFjZXMudjEuUGxhY2VzLlNlYXJjaFRleHQQAhgEIAA,2026-08-20
Warm,LadyBeauty sohar,Salon,Sohar,NO_WEBSITE,no website on the Google listing,,,https://maps.google.com/?cid=13862480949782646154&g_mp=Cidnb29nbGUubWFwcy5wbGFjZXMudjEuUGxhY2VzLlNlYXJjaFRleHQQAhgEIAA,2026-08-20
Warm,Leader Dental Clinic,Dental clinic,Sohar,NO_WEBSITE,no website on the Google listing,,,https://maps.google.com/?cid=4792630733331620115&g_mp=Cidnb29nbGUubWFwcy5wbGFjZXMudjEuUGxhY2VzLlNlYXJjaFRleHQQAhgEIAA,2026-08-20
Warm,Leopard Health club,Gym,Sohar,NO_WEBSITE,no website on the Google listing,,,https://maps.google.com/?cid=15639187860602889895&g_mp=Cidnb29nbGUubWFwcy5wbGFjZXMudjEuUGxhY2VzLlNlYXJjaFRleHQQAhgEIAA,2026-08-20
Warm,Lifestyle GYM,Gym,Salalah,NO_WEBSITE,no website on the Google listing,,,https://maps.google.com/?cid=14253123361702888439&g_mp=Cidnb29nbGUubWFwcy5wbGFjZXMudjEuUGxhY2VzLlNlYXJjaFRleHQQAhgEIAA,2026-08-20
Warm,Lima Heights LLC,Contractor,Ruwi,NO_WEBSITE,no website on the Google listing,,,https://maps.google.com/?cid=322487214691213104&g_mp=Cidnb29nbGUubWFwcy5wbGFjZXMudjEuUGxhY2VzLlNlYXJjaFRleHQQAhgEIAA,2026-08-20
Warm,Madar Barka Al-Shamilah Asso.,Real estate,Barka,NO_WEBSITE,no website on the Google listing,,,https://maps.google.com/?cid=17054327393481504442&g_mp=Cidnb29nbGUubWFwcy5wbGFjZXMudjEuUGxhY2VzLlNlYXJjaFRleHQQAhgEIAA,2026-08-20
Warm,Magic fitness group,Gym,Salalah,NO_WEBSITE,no website on the Google listing,,,https://maps.google.com/?cid=7569438203575623650&g_mp=Cidnb29nbGUubWFwcy5wbGFjZXMudjEuUGxhY2VzLlNlYXJjaFRleHQQAhgEIAA,2026-08-20
Warm,Majid fitness gym,Gym,Barka,NO_WEBSITE,no website on the Google listing,,,https://maps.google.com/?cid=12463517662108662574&g_mp=Cidnb29nbGUubWFwcy5wbGFjZXMudjEuUGxhY2VzLlNlYXJjaFRleHQQAhgEIAA,2026-08-20
Warm,Mall of Oman Main Construction Office,Contractor,Muscat,NO_WEBSITE,no website on the Google listing,,,https://maps.google.com/?cid=7174535484867025157&g_mp=Cidnb29nbGUubWFwcy5wbGFjZXMudjEuUGxhY2VzLlNlYXJjaFRleHQQAhgEIAA,2026-08-20
Warm,Manarat Al Batinah Travel & Tourism,Travel & tourism,Barka,NO_WEBSITE,no website on the Google listing,,,https://maps.google.com/?cid=5107920602239607880&g_mp=Cidnb29nbGUubWFwcy5wbGFjZXMudjEuUGxhY2VzLlNlYXJjaFRleHQQAhgEIAA,2026-08-20
Warm,Mariam Medical Clinic,Medical clinic,Muscat,NO_WEBSITE,no website on the Google listing,,,https://maps.google.com/?cid=1258387751309942326&g_mp=Cidnb29nbGUubWFwcy5wbGFjZXMudjEuUGxhY2VzLlNlYXJjaFRleHQQAhgEIAA,2026-08-20
Warm,Medstar Polyclinic,Medical clinic,Nizwa,NO_WEBSITE,no website on the Google listing,,,https://maps.google.com/?cid=14386359932338483981&g_mp=Cidnb29nbGUubWFwcy5wbGFjZXMudjEuUGxhY2VzLlNlYXJjaFRleHQQAhgEIAA,2026-08-20
Warm,MEMAAR CONSTRUCTION LLC,Contractor,Sur,NO_WEBSITE,no website on the Google listing,,,https://maps.google.com/?cid=17281184435138218565&g_mp=Cidnb29nbGUubWFwcy5wbGFjZXMudjEuUGxhY2VzLlNlYXJjaFRleHQQAhgEIAA,2026-08-20
Warm,Ms.fitness gym,Gym,Barka,NO_WEBSITE,no website on the Google listing,,,https://maps.google.com/?cid=4828927305229960995&g_mp=Cidnb29nbGUubWFwcy5wbGFjZXMudjEuUGxhY2VzLlNlYXJjaFRleHQQAhgEIAA,2026-08-20
Warm,National Engineering And Contracting Company,Contractor,Ruwi,NO_WEBSITE,no website on the Google listing,,,https://maps.google.com/?cid=15715702370806814395&g_mp=Cidnb29nbGUubWFwcy5wbGFjZXMudjEuUGxhY2VzLlNlYXJjaFRleHQQAhgEIAA,2026-08-20
Warm,"NELLAI RESTAURANT, RUWI",Restaurant,Ruwi,NO_WEBSITE,no website on the Google listing,,,https://maps.google.com/?cid=17777805095224031767&g_mp=Cidnb29nbGUubWFwcy5wbGFjZXMudjEuUGxhY2VzLlNlYXJjaFRleHQQAhgEIAA,2026-08-20
Warm,Nirvana,Restaurant,Ruwi,NO_WEBSITE,no website on the Google listing,,,https://maps.google.com/?cid=2290842098357843187&g_mp=Cidnb29nbGUubWFwcy5wbGFjZXMudjEuUGxhY2VzLlNlYXJjaFRleHQQAhgEIAA,2026-08-20
Warm,Nizwa,Dental clinic,Nizwa,NO_WEBSITE,no website on the Google listing,,,https://maps.google.com/?cid=1695927593062275698&g_mp=Cidnb29nbGUubWFwcy5wbGFjZXMudjEuUGxhY2VzLlNlYXJjaFRleHQQAhgEIAA,2026-08-20
Warm,"NIZWA FIRQ, Nizwa",Travel & tourism,Nizwa,NO_WEBSITE,no website on the Google listing,,,https://maps.google.com/?cid=6827605446223041951&g_mp=Cidnb29nbGUubWFwcy5wbGFjZXMudjEuUGxhY2VzLlNlYXJjaFRleHQQAhgEIAA,2026-08-20
Warm,Oasis Al Habubia Modern Contracting & Trading LLC,Contractor,Al Khuwair,NO_WEBSITE,no website on the Google listing,,,https://maps.google.com/?cid=11611249208106175217&g_mp=Cidnb29nbGUubWFwcy5wbGFjZXMudjEuUGxhY2VzLlNlYXJjaFRleHQQAhgEIAA,2026-08-20
Warm,Omani Medical Centre,Medical clinic,Salalah,NO_WEBSITE,no website on the Google listing,,,https://maps.google.com/?cid=3939362882606252069&g_mp=Cidnb29nbGUubWFwcy5wbGFjZXMudjEuUGxhY2VzLlNlYXJjaFRleHQQAhgEIAA,2026-08-20
Warm,Pink Scissors Beauty parlor,Salon,Ruwi,NO_WEBSITE,no website on the Google listing,,,https://maps.google.com/?cid=7745210579246648593&g_mp=Cidnb29nbGUubWFwcy5wbGFjZXMudjEuUGxhY2VzLlNlYXJjaFRleHQQAhgEIAA,2026-08-20
Warm,Power Fitness Gym💪,Gym,Ruwi,NO_WEBSITE,no website on the Google listing,,,https://maps.google.com/?cid=5792471531731945484&g_mp=Cidnb29nbGUubWFwcy5wbGFjZXMudjEuUGxhY2VzLlNlYXJjaFRleHQQAhgEIAA,2026-08-20
Warm,Qaboos Medical Center,Medical clinic,Salalah,NO_WEBSITE,no website on the Google listing,,,https://maps.google.com/?cid=5183641305710354684&g_mp=Cidnb29nbGUubWFwcy5wbGFjZXMudjEuUGxhY2VzLlNlYXJjaFRleHQQAhgEIAA,2026-08-20
Warm,Rayaheen Trading Warehouse Ouhi Sohar,Trading company,Sohar,NO_WEBSITE,no website on the Google listing,,,https://maps.google.com/?cid=16087552209269750237&g_mp=Cidnb29nbGUubWFwcy5wbGFjZXMudjEuUGxhY2VzLlNlYXJjaFRleHQQAhgEIAA,2026-08-20
Warm,Ro beauty,Salon,Seeb,NO_WEBSITE,no website on the Google listing,,,https://maps.google.com/?cid=10430652684579599782&g_mp=Cidnb29nbGUubWFwcy5wbGFjZXMudjEuUGxhY2VzLlNlYXJjaFRleHQQAhgEIAA,2026-08-20
Warm,Royal Beauty Palace,Salon,Nizwa,NO_WEBSITE,no website on the Google listing,,,https://maps.google.com/?cid=13798689906534171331&g_mp=Cidnb29nbGUubWFwcy5wbGFjZXMudjEuUGxhY2VzLlNlYXJjaFRleHQQAhgEIAA,2026-08-20
Warm,Ruwi,Salon,Ruwi,NO_WEBSITE,no website on the Google listing,,,https://maps.google.com/?cid=2612735259648819535&g_mp=Cidnb29nbGUubWFwcy5wbGFjZXMudjEuUGxhY2VzLlNlYXJjaFRleHQQAhgEIAA,2026-08-20
Warm,SAFE LINE ELECTRICALS,Contractor,Barka,NO_WEBSITE,no website on the Google listing,,,https://maps.google.com/?cid=8420307918288181124&g_mp=Cidnb29nbGUubWFwcy5wbGFjZXMudjEuUGxhY2VzLlNlYXJjaFRleHQQAhgEIAA,2026-08-20
Warm,Salalah Al Gharbia Health center,Medical clinic,Salalah,NO_WEBSITE,no website on the Google listing,,,https://maps.google.com/?cid=14030166238020480054&g_mp=Cidnb29nbGUubWFwcy5wbGFjZXMudjEuUGxhY2VzLlNlYXJjaFRleHQQAhgEIAA,2026-08-20
Warm,Salalah oman,Real estate,Salalah,NO_WEBSITE,no website on the Google listing,,,https://maps.google.com/?cid=3493621896879146429&g_mp=Cidnb29nbGUubWFwcy5wbGFjZXMudjEuUGxhY2VzLlNlYXJjaFRleHQQAhgEIAA,2026-08-20
Warm,Seen beauty studio & SPA,Salon,Barka,NO_WEBSITE,no website on the Google listing,,,https://maps.google.com/?cid=4773282326964160193&g_mp=Cidnb29nbGUubWFwcy5wbGFjZXMudjEuUGxhY2VzLlNlYXJjaFRleHQQAhgEIAA,2026-08-20
Warm,"Shomokh Al-Shaweymia Global Trad LLC company, oman",Contractor,Salalah,NO_WEBSITE,no website on the Google listing,,,https://maps.google.com/?cid=6327777108209884524&g_mp=Cidnb29nbGUubWFwcy5wbGFjZXMudjEuUGxhY2VzLlNlYXJjaFRleHQQAhgEIAA,2026-08-20
Warm,sohar co / N B,Contractor,Sohar,NO_WEBSITE,no website on the Google listing,,,https://maps.google.com/?cid=6951984356320570773&g_mp=Cidnb29nbGUubWFwcy5wbGFjZXMudjEuUGxhY2VzLlNlYXJjaFRleHQQAhgEIAA,2026-08-20
Warm,Stadium Sports and Cultural Owaynat,Gym,Sohar,NO_WEBSITE,no website on the Google listing,,,https://maps.google.com/?cid=6482766121308743722&g_mp=Cidnb29nbGUubWFwcy5wbGFjZXMudjEuUGxhY2VzLlNlYXJjaFRleHQQAhgEIAA,2026-08-20
Warm,Supercare clinic barka Sallaha,Medical clinic,Barka,NO_WEBSITE,no website on the Google listing,,,https://maps.google.com/?cid=647926963880024570&g_mp=Cidnb29nbGUubWFwcy5wbGFjZXMudjEuUGxhY2VzLlNlYXJjaFRleHQQAhgEIAA,2026-08-20
Warm,Sur Polyclinic,Medical clinic,Sur,NO_WEBSITE,no website on the Google listing,,,https://maps.google.com/?cid=17732844730092463228&g_mp=Cidnb29nbGUubWFwcy5wbGFjZXMudjEuUGxhY2VzLlNlYXJjaFRleHQQAhgEIAA,2026-08-20
Warm,Tamooh Sur Ladies Salon,Salon,Sur,NO_WEBSITE,no website on the Google listing,,,https://maps.google.com/?cid=8611220285614890313&g_mp=Cidnb29nbGUubWFwcy5wbGFjZXMudjEuUGxhY2VzLlNlYXJjaFRleHQQAhgEIAA,2026-08-20
Warm,Trading Company,Trading company,Ruwi,NO_WEBSITE,no website on the Google listing,,,https://maps.google.com/?cid=12539733507087652272&g_mp=Cidnb29nbGUubWFwcy5wbGFjZXMudjEuUGxhY2VzLlNlYXJjaFRleHQQAhgEIAA,2026-08-20
Warm,Tulip Yard Spa,Salon,Sur,NO_WEBSITE,no website on the Google listing,,,https://maps.google.com/?cid=2663151017431846181&g_mp=Cidnb29nbGUubWFwcy5wbGFjZXMudjEuUGxhY2VzLlNlYXJjaFRleHQQAhgEIAA,2026-08-20
Warm,Visa Medical Center,Medical clinic,Salalah,NO_WEBSITE,no website on the Google listing,,,https://maps.google.com/?cid=17095711409345107323&g_mp=Cidnb29nbGUubWFwcy5wbGFjZXMudjEuUGxhY2VzLlNlYXJjaFRleHQQAhgEIAA,2026-08-20
Warm,Waleed Al Zadjali Advocates & Legal Consultants,Law firm,Ruwi,NO_WEBSITE,no website on the Google listing,,,https://maps.google.com/?cid=12375767818470965071&g_mp=Cidnb29nbGUubWFwcy5wbGFjZXMudjEuUGxhY2VzLlNlYXJjaFRleHQQAhgEIAA,2026-08-20
Warm,ZAWAWI POWETECH SUR CAMP,Contractor,Sur,NO_WEBSITE,no website on the Google listing,,,https://maps.google.com/?cid=13326656615595373382&g_mp=Cidnb29nbGUubWFwcy5wbGFjZXMudjEuUGxhY2VzLlNlYXJjaFRleHQQAhgEIAA,2026-08-20
Warm,ZOO Fitness Studio (Athletic Recovery) استوديو زو للياقة,Gym,Muscat,NO_WEBSITE,no website on the Google listing,,,https://maps.google.com/?cid=13874704824799138759&g_mp=Cidnb29nbGUubWFwcy5wbGFjZXMudjEuUGxhY2VzLlNlYXJjaFRleHQQAhgEIAA,2026-08-20
Warm,أضواء الابتسامة,Dental clinic,Sohar,NO_WEBSITE,no website on the Google listing,,,https://maps.google.com/?cid=17657151679027521812&g_mp=Cidnb29nbGUubWFwcy5wbGFjZXMudjEuUGxhY2VzLlNlYXJjaFRleHQQAhgEIAA,2026-08-20
Warm,الأماكن لتأجير السيارات وتنسيق والرحلات,Car rental,Barka,NO_WEBSITE,no website on the Google listing,,,https://maps.google.com/?cid=13133477978990335577&g_mp=Cidnb29nbGUubWFwcy5wbGFjZXMudjEuUGxhY2VzLlNlYXJjaFRleHQQAhgEIAA,2026-08-20
Warm,المدرج السفر والسياحه,Travel & tourism,Barka,NO_WEBSITE,no website on the Google listing,,,https://maps.google.com/?cid=11473886116781968915&g_mp=Cidnb29nbGUubWFwcy5wbGFjZXMudjEuUGxhY2VzLlNlYXJjaFRleHQQAhgEIAA,2026-08-20
Warm,المستشار العقاري,Real estate,Salalah,NO_WEBSITE,no website on the Google listing,,,https://maps.google.com/?cid=8616467419689972971&g_mp=Cidnb29nbGUubWFwcy5wbGFjZXMudjEuUGxhY2VzLlNlYXJjaFRleHQQAhgEIAA,2026-08-20
Warm,سوار الأميرات,Salon,Nizwa,NO_WEBSITE,no website on the Google listing,,,https://maps.google.com/?cid=6031414908769434881&g_mp=Cidnb29nbGUubWFwcy5wbGFjZXMudjEuUGxhY2VzLlNlYXJjaFRleHQQAhgEIAA,2026-08-20
Warm,شركة بلقيس البوسعيدية للمحاماة,Law firm,Nizwa,NO_WEBSITE,no website on the Google listing,,,https://maps.google.com/?cid=9567242490535363593&g_mp=Cidnb29nbGUubWFwcy5wbGFjZXMudjEuUGxhY2VzLlNlYXJjaFRleHQQAhgEIAA,2026-08-20
Warm,شركة حورية السعديةللمحاماة,Law firm,Salalah,NO_WEBSITE,no website on the Google listing,,,https://maps.google.com/?cid=3547191134556454101&g_mp=Cidnb29nbGUubWFwcy5wbGFjZXMudjEuUGxhY2VzLlNlYXJjaFRleHQQAhgEIAA,2026-08-20
Warm,صالون بلو روز blue rose,Salon,Sohar,NO_WEBSITE,no website on the Google listing,,,https://maps.google.com/?cid=8432834961151250477&g_mp=Cidnb29nbGUubWFwcy5wbGFjZXMudjEuUGxhY2VzLlNlYXJjaFRleHQQAhgEIAA,2026-08-20
Warm,صالون رذاذ الورد فرع نزوى,Salon,Nizwa,NO_WEBSITE,no website on the Google listing,,,https://maps.google.com/?cid=3437477982499698836&g_mp=Cidnb29nbGUubWFwcy5wbGFjZXMudjEuUGxhY2VzLlNlYXJjaFRleHQQAhgEIAA,2026-08-20
Warm,صالون لمسة الأصالة للتجميل,Salon,Nizwa,NO_WEBSITE,no website on the Google listing,,,https://maps.google.com/?cid=1348118757956371864&g_mp=Cidnb29nbGUubWFwcy5wbGFjZXMudjEuUGxhY2VzLlNlYXJjaFRleHQQAhgEIAA,2026-08-20
Warm,صالون ملاك نزوى,Salon,Nizwa,NO_WEBSITE,no website on the Google listing,,,https://maps.google.com/?cid=8502306011808160694&g_mp=Cidnb29nbGUubWFwcy5wbGFjZXMudjEuUGxhY2VzLlNlYXJjaFRleHQQAhgEIAA,2026-08-20
Warm,عويس كراج,Car rental,Nizwa,NO_WEBSITE,no website on the Google listing,,,https://maps.google.com/?cid=13160099372431624463&g_mp=Cidnb29nbGUubWFwcy5wbGFjZXMudjEuUGxhY2VzLlNlYXJjaFRleHQQAhgEIAA,2026-08-20
Warm,عيادة اسنان الممتاز,Dental clinic,Ruwi,NO_WEBSITE,no website on the Google listing,,,https://maps.google.com/?cid=3684738811538161752&g_mp=Cidnb29nbGUubWFwcy5wbGFjZXMudjEuUGxhY2VzLlNlYXJjaFRleHQQAhgEIAA,2026-08-20
Warm,عيادة طلال - Talal Clinic,Medical clinic,Nizwa,NO_WEBSITE,no website on the Google listing,,,https://maps.google.com/?cid=10373818637608820075&g_mp=Cidnb29nbGUubWFwcy5wbGFjZXMudjEuUGxhY2VzLlNlYXJjaFRleHQQAhgEIAA,2026-08-20
Warm,مدرسة المياسين الخاصة,Private school,Barka,NO_WEBSITE,no website on the Google listing,,,https://maps.google.com/?cid=10732020739552521689&g_mp=Cidnb29nbGUubWFwcy5wbGFjZXMudjEuUGxhY2VzLlNlYXJjaFRleHQQAhgEIAA,2026-08-20
Warm,مدرسة غراس الخاصة صور,Private school,Sur,NO_WEBSITE,no website on the Google listing,,,https://maps.google.com/?cid=670955142552411272&g_mp=Cidnb29nbGUubWFwcy5wbGFjZXMudjEuUGxhY2VzLlNlYXJjaFRleHQQAhgEIAA,2026-08-20
Warm,مركز ابن اليافعي الطبي,Medical clinic,Sur,NO_WEBSITE,no website on the Google listing,,,https://maps.google.com/?cid=2089090598076871505&g_mp=Cidnb29nbGUubWFwcy5wbGFjZXMudjEuUGxhY2VzLlNlYXJjaFRleHQQAhgEIAA,2026-08-20
Warm,مركز ظفار الطبي الدولي,Medical clinic,Salalah,NO_WEBSITE,no website on the Google listing,,,https://maps.google.com/?cid=13464095210109105025&g_mp=Cidnb29nbGUubWFwcy5wbGFjZXMudjEuUGxhY2VzLlNlYXJjaFRleHQQAhgEIAA,2026-08-20
Warm,مركز كراون للتجميل crown beauty center,Salon,Nizwa,NO_WEBSITE,no website on the Google listing,,,https://maps.google.com/?cid=7385129037911012928&g_mp=Cidnb29nbGUubWFwcy5wbGFjZXMudjEuUGxhY2VzLlNlYXJjaFRleHQQAhgEIAA,2026-08-20
Warm,مكتب إبتسام بنت راشد المكتومية للمحاماة,Law firm,Sohar,NO_WEBSITE,no website on the Google listing,,,https://maps.google.com/?cid=9389130031120935340&g_mp=Cidnb29nbGUubWFwcy5wbGFjZXMudjEuUGxhY2VzLlNlYXJjaFRleHQQAhgEIAA,2026-08-20
Warm,مكتب الدكتور سيف السعيدي للمحاماة والاستشارات القانونية,Law firm,Al Khuwair,NO_WEBSITE,no website on the Google listing,,,https://maps.google.com/?cid=11037302257330498159&g_mp=Cidnb29nbGUubWFwcy5wbGFjZXMudjEuUGxhY2VzLlNlYXJjaFRleHQQAhgEIAA,2026-08-20
Warm,مكتب الدكتور عوض معتوق الشحري,Law firm,Salalah,NO_WEBSITE,no website on the Google listing,,,https://maps.google.com/?cid=8555171115157167115&g_mp=Cidnb29nbGUubWFwcy5wbGFjZXMudjEuUGxhY2VzLlNlYXJjaFRleHQQAhgEIAA,2026-08-20
Warm,مكتب المحامي / حمد بن سليمان الصبحي,Law firm,Barka,NO_WEBSITE,no website on the Google listing,,,https://maps.google.com/?cid=2402990469605772360&g_mp=Cidnb29nbGUubWFwcy5wbGFjZXMudjEuUGxhY2VzLlNlYXJjaFRleHQQAhgEIAA,2026-08-20
Warm,مكتب امل الزدجالية للمحاماة والاستشارات القانونية,Law firm,Ruwi,NO_WEBSITE,no website on the Google listing,,,https://maps.google.com/?cid=13316552195660023481&g_mp=Cidnb29nbGUubWFwcy5wbGFjZXMudjEuUGxhY2VzLlNlYXJjaFRleHQQAhgEIAA,2026-08-20
Warm,مكتب سعود المعمري و رأفت فوزي للمحاماة والاستشارات القانونية,Law firm,Seeb,NO_WEBSITE,no website on the Google listing,,,https://maps.google.com/?cid=3311998579500931661&g_mp=Cidnb29nbGUubWFwcy5wbGFjZXMudjEuUGxhY2VzLlNlYXJjaFRleHQQAhgEIAA,2026-08-20
Warm,مكتب مريم النوفلية وناصر الطبيب للمحاماة والاستشارات القانونية,Law firm,Ruwi,NO_WEBSITE,no website on the Google listing,,,https://maps.google.com/?cid=11730397102736241044&g_mp=Cidnb29nbGUubWFwcy5wbGFjZXMudjEuUGxhY2VzLlNlYXJjaFRleHQQAhgEIAA,2026-08-20
Warm,مكتب ياسر اليحمدي للمحاماة والإستشارات القانونية,Law firm,Barka,NO_WEBSITE,no website on the Google listing,,,https://maps.google.com/?cid=2748405035700031698&g_mp=Cidnb29nbGUubWFwcy5wbGFjZXMudjEuUGxhY2VzLlNlYXJjaFRleHQQAhgEIAA,2026-08-20
Warm,𝗜𝘁𝗹𝗮𝗹𝗮𝘁𝗵 𝗔𝗹 𝗔𝗻𝗮𝗾𝗮 beauty salon for women,Salon,Sur,NO_WEBSITE,no website on the Google listing,,,https://maps.google.com/?cid=17525936293795478657&g_mp=Cidnb29nbGUubWFwcy5wbGFjZXMudjEuUGxhY2VzLlNlYXJjaFRleHQQAhgEIAA,2026-08-20
Warm,Amani Beauty Lounge,Salon,Sur,DEAD,HTTP 503,https://2pzsnipm.mahjoz.net/ar/amani-beauty?fbclid=PAdGRleANcpzFleHRuA2FlbQIxMQABp1t0YGE9cQgTDETI3wDquSAUFBhb2KjDtb3t1-0kYD-ErfP0HXmHW1LpGQSm_aem_DEdjcvSEWxrcYnuHnDgfmA,,https://maps.google.com/?cid=17480521693421309099&g_mp=Cidnb29nbGUubWFwcy5wbGFjZXMudjEuUGxhY2VzLlNlYXJjaFRleHQQAhgEIAA,2026-08-20
Warm,Directorate of Health Services Seeb Willayat,Medical clinic,Seeb,DEAD,HTTP 404,https://www.moh.gov.om/en/web/directorate-general-health-services-muscat/services,,https://maps.google.com/?cid=15335392645774083990&g_mp=Cidnb29nbGUubWFwcy5wbGFjZXMudjEuUGxhY2VzLlNlYXJjaFRleHQQAhgEIAA,2026-08-20
Warm,DR.SAMAH HASAN beauty salon & spa,Salon,Seeb,DEAD,HTTP 702; also: listed as http:// and https fails (HTTP 702),http://www.samahhasan.com/,,https://maps.google.com/?cid=17244382851892212186&g_mp=Cidnb29nbGUubWFwcy5wbGFjZXMudjEuUGxhY2VzLlNlYXJjaFRleHQQAhgEIAA,2026-08-20
Warm,Panorama Travel,Travel & tourism,Muscat,DEAD,HTTP 403; also: listed as http:// and https fails (HTTP 403),http://www.panorama.travel/,,https://maps.google.com/?cid=7235020824987728584&g_mp=Cidnb29nbGUubWFwcy5wbGFjZXMudjEuUGxhY2VzLlNlYXJjaFRleHQQAhgEIAA,2026-08-20
Warm,4J's SPA,Salon,Nizwa,SOCIAL_ONLY,social profile only (instagram.com),https://instagram.com/4js_spa?igshid=YmMyMTA2M2Y=,9230 0336,https://maps.google.com/?cid=5686720913329118615&g_mp=Cidnb29nbGUubWFwcy5wbGFjZXMudjEuUGxhY2VzLlNlYXJjaFRleHQQAhgEIAA,2026-08-20
Warm,4U GYM AND FITNESS STUDIO,Gym,Seeb,SOCIAL_ONLY,social profile only (instagram.com),https://instagram.com/4ugym.oman?igshid=YmMyMTA2M2Y=,7950 4353,https://maps.google.com/?cid=11004747770902975884&g_mp=Cidnb29nbGUubWFwcy5wbGFjZXMudjEuUGxhY2VzLlNlYXJjaFRleHQQAhgEIAA,2026-08-20
Warm,7's Seven's Wellness Women,Gym,Seeb,SOCIAL_ONLY,social profile only (www.instagram.com),https://www.instagram.com/7s.wellness?igsh=d2N5cGZ5czI4NjBk,9323 8273 ext. 22716013,https://maps.google.com/?cid=6592796892653948070&g_mp=Cidnb29nbGUubWFwcy5wbGFjZXMudjEuUGxhY2VzLlNlYXJjaFRleHQQAhgEIAA,2026-08-20
Warm,Aaradhya Beauty Center مركز العارضية للجمال,Salon,Muscat,SOCIAL_ONLY,social profile only (sites.google.com),https://sites.google.com/view/www-aaradhyabeautycenter-com/home,7755 4793,https://maps.google.com/?cid=767275421168118295&g_mp=Cidnb29nbGUubWFwcy5wbGFjZXMudjEuUGxhY2VzLlNlYXJjaFRleHQQAhgEIAA,2026-08-20
Warm,Abrar Zaman international Trading Company,Trading company,Sur,SOCIAL_ONLY,social profile only (om.linkedin.com),https://om.linkedin.com/in/theomantruckmovers,,https://maps.google.com/?cid=14000416889791096876&g_mp=Cidnb29nbGUubWFwcy5wbGFjZXMudjEuUGxhY2VzLlNlYXJjaFRleHQQAhgEIAA,2026-08-20
Warm,Academia Fit,Gym,Muscat,SOCIAL_ONLY,social profile only (www.instagram.com),https://www.instagram.com/academiafit.pt?igsh=ZGs3Y2IxcG5rMWF3,9818 1903,https://maps.google.com/?cid=7398890639922995925&g_mp=Cidnb29nbGUubWFwcy5wbGFjZXMudjEuUGxhY2VzLlNlYXJjaFRleHQQAhgEIAA,2026-08-20
Warm,Al Basma specialized medical complex,Medical clinic,Nizwa,SOCIAL_ONLY,social profile only (instagram.com),https://instagram.com/albasma_complex?igshid=OGQ5ZDc2ODk2ZA==,9695 9032,https://maps.google.com/?cid=3308117846821311512&g_mp=Cidnb29nbGUubWFwcy5wbGFjZXMudjEuUGxhY2VzLlNlYXJjaFRleHQQAhgEIAA,2026-08-20
Warm,AL FAWAZ INTERNATIONAL TRAVEL,Travel & tourism,Salalah,SOCIAL_ONLY,social profile only (www.instagram.com),https://www.instagram.com/alfawaz_intl?igsh=MW55bnZwNWxjdzR0NQ==,9949 0108,https://maps.google.com/?cid=8311942086330877028&g_mp=Cidnb29nbGUubWFwcy5wbGFjZXMudjEuUGxhY2VzLlNlYXJjaFRleHQQAhgEIAA,2026-08-20
Warm,Al Haikal Restaurant مطعم الهيكل - روي,Restaurant,Ruwi,SOCIAL_ONLY,social profile only (www.youtube.com),https://www.youtube.com/@salmanshanawar9720,24 708447,https://maps.google.com/?cid=5346360091686547987&g_mp=Cidnb29nbGUubWFwcy5wbGFjZXMudjEuUGxhY2VzLlNlYXJjaFRleHQQAhgEIAA,2026-08-20
Warm,Al Jabal Trading & Ref Co LLC,Trading company,Muscat,SOCIAL_ONLY,social profile only (www.facebook.com),https://www.facebook.com/AlJabalTrd/,24 434931,https://maps.google.com/?cid=11128619323703127777&g_mp=Cidnb29nbGUubWFwcy5wbGFjZXMudjEuUGxhY2VzLlNlYXJjaFRleHQQAhgEIAA,2026-08-20
Warm,Al Khairat Specialty Dental Center,Dental clinic,Salalah,SOCIAL_ONLY,social profile only (www.instagram.com),https://www.instagram.com/alkhairat_dental_center,9201 1601,https://maps.google.com/?cid=2799218116930837118&g_mp=Cidnb29nbGUubWFwcy5wbGFjZXMudjEuUGxhY2VzLlNlYXJjaFRleHQQAhgEIAA,2026-08-20
Warm,Al Meerath Rent-A-Car,Car rental,Al Khuwair,SOCIAL_ONLY,social profile only (www.instagram.com),https://www.instagram.com/meerathautorental?igsh=MXVkdHo3bmh3dmFveg==&utm_source=qr,9780 0142,https://maps.google.com/?cid=13645197367689131427&g_mp=Cidnb29nbGUubWFwcy5wbGFjZXMudjEuUGxhY2VzLlNlYXJjaFRleHQQAhgEIAA,2026-08-20
Warm,Al Shahama Trading,Trading company,Salalah,SOCIAL_ONLY,social profile only (instagram.com),https://instagram.com/al_shahama_perfume_salalah,9223 8490,https://maps.google.com/?cid=6138097684472759991&g_mp=Cidnb29nbGUubWFwcy5wbGFjZXMudjEuUGxhY2VzLlNlYXJjaFRleHQQAhgEIAA,2026-08-20
Warm,Al Tuba Specialized Dental Centre,Dental clinic,Salalah,SOCIAL_ONLY,social profile only (www.instagram.com),https://www.instagram.com/altubadental,9547 2727,https://maps.google.com/?cid=8407789621198840482&g_mp=Cidnb29nbGUubWFwcy5wbGFjZXMudjEuUGxhY2VzLlNlYXJjaFRleHQQAhgEIAA,2026-08-20
Warm,Al Zahir Medical complex and pharmacy,Medical clinic,Salalah,SOCIAL_ONLY,social profile only (www.instagram.com),https://www.instagram.com/alzahir_medical_complex/,23 291040,https://maps.google.com/?cid=14441721503116874062&g_mp=Cidnb29nbGUubWFwcy5wbGFjZXMudjEuUGxhY2VzLlNlYXJjaFRleHQQAhgEIAA,2026-08-20
Warm,"Albaqah rent a car , الباقة لتأجير السيارات",Car rental,Sur,SOCIAL_ONLY,social profile only (wa.me),https://wa.me/96892068219,9206 8219,https://maps.google.com/?cid=16907684495504271884&g_mp=Cidnb29nbGUubWFwcy5wbGFjZXMudjEuUGxhY2VzLlNlYXJjaFRleHQQAhgEIAA,2026-08-20
Warm,Alhajer National Enterprises,Contractor,Barka,SOCIAL_ONLY,social profile only (sites.google.com),https://sites.google.com/site/alhajernationalenterprises/,9922 9553,https://maps.google.com/?cid=12956568829586926504&g_mp=Cidnb29nbGUubWFwcy5wbGFjZXMudjEuUGxhY2VzLlNlYXJjaFRleHQQAhgEIAA,2026-08-20
Warm,Altashkeelat Alraida Car Rental,Car rental,Seeb,SOCIAL_ONLY,social profile only (www.instagram.com),https://www.instagram.com/tashkeelat_rentcar/,7676 0888,https://maps.google.com/?cid=13919960595303586563&g_mp=Cidnb29nbGUubWFwcy5wbGFjZXMudjEuUGxhY2VzLlNlYXJjaFRleHQQAhgEIAA,2026-08-20
Warm,AM beauty salon,Salon,Barka,SOCIAL_ONLY,social profile only (www.instagram.com),https://www.instagram.com/reel/DaknySGqpbb/?igsh=MXRvNjl5ampseWpkeA==,7772 0700,https://maps.google.com/?cid=16717704773610050310&g_mp=Cidnb29nbGUubWFwcy5wbGFjZXMudjEuUGxhY2VzLlNlYXJjaFRleHQQAhgEIAA,2026-08-20
Warm,Amal Alhayat Health Complex مجمع امل الحياة الطبي,Medical clinic,Seeb,SOCIAL_ONLY,social profile only (www.instagram.com),https://www.instagram.com/amal_alhayat.om,9551 5638,https://maps.google.com/?cid=6918038359693859820&g_mp=Cidnb29nbGUubWFwcy5wbGFjZXMudjEuUGxhY2VzLlNlYXJjaFRleHQQAhgEIAA,2026-08-20
Warm,Amrutha Ayurvedic Clinic - عيادة أمروثا للطب الهندي التقليدي,Medical clinic,Sohar,SOCIAL_ONLY,social profile only (www.facebook.com),https://www.facebook.com/share/1Fj2rR89sh/,9192 7903,https://maps.google.com/?cid=18061435098717328576&g_mp=Cidnb29nbGUubWFwcy5wbGFjZXMudjEuUGxhY2VzLlNlYXJjaFRleHQQAhgEIAA,2026-08-20
Warm,Anastasia Beauty Studio,Salon,Al Khuwair,SOCIAL_ONLY,social profile only (www.instagram.com),https://www.instagram.com/invites/contact/?,9964 1173,https://maps.google.com/?cid=6374000487243099342&g_mp=Cidnb29nbGUubWFwcy5wbGFjZXMudjEuUGxhY2VzLlNlYXJjaFRleHQQAhgEIAA,2026-08-20
Warm,Angry Crab للمأكولات البحرية,Restaurant,Nizwa,SOCIAL_ONLY,social profile only (instagram.com),https://instagram.com/angry_crab.om?igshid=MzRlODBiNWFlZA==,9797 1947,https://maps.google.com/?cid=13897999617065086487&g_mp=Cidnb29nbGUubWFwcy5wbGFjZXMudjEuUGxhY2VzLlNlYXJjaFRleHQQAhgEIAA,2026-08-20
Warm,Areej Specialized Dental Centre (مركز أريج التخصصي للاسنان),Dental clinic,Salalah,SOCIAL_ONLY,social profile only (www.instagram.com),https://www.instagram.com/areejcentre,9861 0006,https://maps.google.com/?cid=4871155604997229779&g_mp=Cidnb29nbGUubWFwcy5wbGFjZXMudjEuUGxhY2VzLlNlYXJjaFRleHQQAhgEIAA,2026-08-20
Warm,Athar Cafe,Restaurant,Nizwa,SOCIAL_ONLY,social profile only (instagram.com),https://instagram.com/athar.cafe,7704 0004,https://maps.google.com/?cid=2948163277359341301&g_mp=Cidnb29nbGUubWFwcy5wbGFjZXMudjEuUGxhY2VzLlNlYXJjaFRleHQQAhgEIAA,2026-08-20
Warm,Ayoub Salim Alsubhi attorneys at law & legal consultants || مكتب أيوب بن سالم الصبحي للمحاماة والإستشارات القانونية,Law firm,Barka,SOCIAL_ONLY,social profile only (instagram.com),https://instagram.com/ayoubsalim__lawer?igshid=MzRlODBiNWFlZA==,9933 6878,https://maps.google.com/?cid=276132639458439307&g_mp=Cidnb29nbGUubWFwcy5wbGFjZXMudjEuUGxhY2VzLlNlYXJjaFRleHQQAhgEIAA,2026-08-20
Warm,Backstage Beauty Studio | باكستيج,Salon,Seeb,SOCIAL_ONLY,social profile only (instagram.com),https://instagram.com/backstage_om?igshid=YWJhMjlhZTc=,7742 2000,https://maps.google.com/?cid=10950978540106447037&g_mp=Cidnb29nbGUubWFwcy5wbGFjZXMudjEuUGxhY2VzLlNlYXJjaFRleHQQAhgEIAA,2026-08-20
Warm,Baku Travel & Tourism,Travel & tourism,Sohar,SOCIAL_ONLY,social profile only (baku-travel-tourism.business.site),https://baku-travel-tourism.business.site/,9673 1611,https://maps.google.com/?cid=9938443487129320340&g_mp=Cidnb29nbGUubWFwcy5wbGFjZXMudjEuUGxhY2VzLlNlYXJjaFRleHQQAhgEIAA,2026-08-20
Warm,Barka Village,Restaurant,Barka,SOCIAL_ONLY,social profile only (www.instagram.com),https://www.instagram.com/barkavillage?igsh=aXc0b2Q5ZGZiM2hy&utm_source=qr,9254 2428,https://maps.google.com/?cid=1168694766310445446&g_mp=Cidnb29nbGUubWFwcy5wbGFjZXMudjEuUGxhY2VzLlNlYXJjaFRleHQQAhgEIAA,2026-08-20
Warm,Bawabat Al Musafir Travels,Travel & tourism,Barka,SOCIAL_ONLY,social profile only (www.instagram.com),https://www.instagram.com/b.almusafir?igsh=OTF4b3h5dWUzM2tw&utm_source=qr,9449 2899,https://maps.google.com/?cid=4208961244707534848&g_mp=Cidnb29nbGUubWFwcy5wbGFjZXMudjEuUGxhY2VzLlNlYXJjaFRleHQQAhgEIAA,2026-08-20
Warm,Be beauty salon,Salon,Sur,SOCIAL_ONLY,social profile only (instagram.com),https://instagram.com/bebeautysalon6402?igshid=OGQ5ZDc2ODk2ZA==,9731 0888,https://maps.google.com/?cid=14176750308834208797&g_mp=Cidnb29nbGUubWFwcy5wbGFjZXMudjEuUGxhY2VzLlNlYXJjaFRleHQQAhgEIAA,2026-08-20
Warm,Beauty Trends Spa بيوتي ترندز سبا,Salon,Muscat,SOCIAL_ONLY,social profile only (linktr.ee),https://linktr.ee/beautytrendsspa,7191 5077,https://maps.google.com/?cid=9320978945575483238&g_mp=Cidnb29nbGUubWFwcy5wbGFjZXMudjEuUGxhY2VzLlNlYXJjaFRleHQQAhgEIAA,2026-08-20
Warm,Befit Gym Salalah,Gym,Salalah,SOCIAL_ONLY,social profile only (www.instagram.com),https://www.instagram.com/befitgymsalalah,9086 5458,https://maps.google.com/?cid=10659544578686852503&g_mp=Cidnb29nbGUubWFwcy5wbGFjZXMudjEuUGxhY2VzLlNlYXJjaFRleHQQAhgEIAA,2026-08-20
Warm,Bint Ali Beauty Center,Salon,Al Khuwair,SOCIAL_ONLY,social profile only (www.instagram.com),https://www.instagram.com/bint_ali_beautycenter?igsh=MmtjODhzaTducmRt&utm_source=qr,7807 3390,https://maps.google.com/?cid=4055088587261655499&g_mp=Cidnb29nbGUubWFwcy5wbGFjZXMudjEuUGxhY2VzLlNlYXJjaFRleHQQAhgEIAA,2026-08-20
Warm,Bint Rustum Beauty Salon,Salon,Barka,SOCIAL_ONLY,social profile only (wa.me),https://wa.me/message/6IKHLYD45WO2H1,7806 8187,https://maps.google.com/?cid=4224656857398975986&g_mp=Cidnb29nbGUubWFwcy5wbGFjZXMudjEuUGxhY2VzLlNlYXJjaFRleHQQAhgEIAA,2026-08-20
Warm,Bloom Beauty & Spa | صالون أزهري,Salon,Barka,SOCIAL_ONLY,social profile only (www.instagram.com),https://www.instagram.com/bloom.beauty.spa1?igsh=MnJiaTJ4Y3VnazB4&utm_source=qr,9110 0484,https://maps.google.com/?cid=16300297248739823591&g_mp=Cidnb29nbGUubWFwcy5wbGFjZXMudjEuUGxhY2VzLlNlYXJjaFRleHQQAhgEIAA,2026-08-20
Warm,bowsher dental clinic (Al Khoud branch),Dental clinic,Seeb,SOCIAL_ONLY,social profile only (www.instagram.com),https://www.instagram.com/bowsher.dental?igsh=MXRtdThlZHc1M3VoMQ==&utm_source=qr,9060 0621,https://maps.google.com/?cid=5987503825118957849&g_mp=Cidnb29nbGUubWFwcy5wbGFjZXMudjEuUGxhY2VzLlNlYXJjaFRleHQQAhgEIAA,2026-08-20
Warm,Bowsher Dental Clinic (Barka Branch),Dental clinic,Barka,SOCIAL_ONLY,social profile only (www.instagram.com),https://www.instagram.com/bowsher.dental?igsh=MXRtdThlZHc1M3VoMQ==&utm_source=qr,9060 0612,https://maps.google.com/?cid=8901961028547375384&g_mp=Cidnb29nbGUubWFwcy5wbGFjZXMudjEuUGxhY2VzLlNlYXJjaFRleHQQAhgEIAA,2026-08-20
Warm,Breeze Tours - Snorkeling & Boat Tours Agency,Travel & tourism,Seeb,SOCIAL_ONLY,social profile only (instagram.com),https://instagram.com/breezetours.om?igshid=YmMyMTA2M2Y=,7997 2626,https://maps.google.com/?cid=8441148711133913012&g_mp=Cidnb29nbGUubWFwcy5wbGFjZXMudjEuUGxhY2VzLlNlYXJjaFRleHQQAhgEIAA,2026-08-20
Warm,Burnout Fitness Centre,Gym,Seeb,SOCIAL_ONLY,social profile only (www.instagram.com),https://www.instagram.com/burnout.fitnesscentre/,7117 0908,https://maps.google.com/?cid=6562880688342322894&g_mp=Cidnb29nbGUubWFwcy5wbGFjZXMudjEuUGxhY2VzLlNlYXJjaFRleHQQAhgEIAA,2026-08-20
Warm,Celeste Beauty Lounge.om,Salon,Muscat,SOCIAL_ONLY,social profile only (www.instagram.com),https://www.instagram.com/celeste.beautylounge,7745 2771,https://maps.google.com/?cid=2019190762282468560&g_mp=Cidnb29nbGUubWFwcy5wbGFjZXMudjEuUGxhY2VzLlNlYXJjaFRleHQQAhgEIAA,2026-08-20
Warm,Cervo cafe,Restaurant,Sohar,SOCIAL_ONLY,social profile only (www.instagram.com),https://www.instagram.com/cervo_om,9920 3227,https://maps.google.com/?cid=4336397673512421746&g_mp=Cidnb29nbGUubWFwcy5wbGFjZXMudjEuUGxhY2VzLlNlYXJjaFRleHQQAhgEIAA,2026-08-20
Warm,Childhood Step Private School,Private school,Muscat,SOCIAL_ONLY,social profile only (www.instagram.com),https://www.instagram.com/p/CYDijr7oqa1/?utm_medium=copy_link,,https://maps.google.com/?cid=17281983489350532983&g_mp=Cidnb29nbGUubWFwcy5wbGFjZXMudjEuUGxhY2VzLlNlYXJjaFRleHQQAhgEIAA,2026-08-20
Warm,CLICK ONE RENT A CAR انقر فوق استئجار سيارة,Car rental,Ruwi,SOCIAL_ONLY,social profile only (www.facebook.com),https://www.facebook.com/profile.php?id=61555424647522&mibextid=ZbWKwL,7937 3137,https://maps.google.com/?cid=6455530405111867968&g_mp=Cidnb29nbGUubWFwcy5wbGFjZXMudjEuUGxhY2VzLlNlYXJjaFRleHQQAhgEIAA,2026-08-20
Warm,Cluck,Restaurant,Seeb,SOCIAL_ONLY,social profile only (instagram.com),https://instagram.com/cluck.om?igshid=YmMyMTA2M2Y=,7911 2200,https://maps.google.com/?cid=194695446262574208&g_mp=Cidnb29nbGUubWFwcy5wbGFjZXMudjEuUGxhY2VzLlNlYXJjaFRleHQQAhgEIAA,2026-08-20
Warm,Crystal Beauty,Salon,Sur,SOCIAL_ONLY,social profile only (www.instagram.com),https://www.instagram.com/_crystal002?igsh=MTg2dTF3c2pobW9rNw==,9880 7267,https://maps.google.com/?cid=15992870617581034346&g_mp=Cidnb29nbGUubWFwcy5wbGFjZXMudjEuUGxhY2VzLlNlYXJjaFRleHQQAhgEIAA,2026-08-20
Warm,D'Arcy's Kitchen Restaurant,Restaurant,Muscat,SOCIAL_ONLY,social profile only (www.instagram.com),https://www.instagram.com/darcys_kitchen/,24 600234,https://maps.google.com/?cid=9304312326699128880&g_mp=Cidnb29nbGUubWFwcy5wbGFjZXMudjEuUGxhY2VzLlNlYXJjaFRleHQQAhgEIAA,2026-08-20
Warm,Dar Al Shifa Muscat Specialized Polyclinic & Visa Medical Center,Medical clinic,Muscat,SOCIAL_ONLY,social profile only (wa.me),https://wa.me/message/UNXY6J4ZHFIKC1,7744 0833,https://maps.google.com/?cid=2211052990837257962&g_mp=Cidnb29nbGUubWFwcy5wbGFjZXMudjEuUGxhY2VzLlNlYXJjaFRleHQQAhgEIAA,2026-08-20
Warm,Darraj,Travel & tourism,Nizwa,SOCIAL_ONLY,social profile only (www.instagram.com),https://www.instagram.com/darrajtour/,7100 5090,https://maps.google.com/?cid=17519966627198704231&g_mp=Cidnb29nbGUubWFwcy5wbGFjZXMudjEuUGxhY2VzLlNlYXJjaFRleHQQAhgEIAA,2026-08-20
Warm,Delicato Kitchen,Restaurant,Seeb,SOCIAL_ONLY,social profile only (www.instagram.com),https://www.instagram.com/delicatokitchen?igsh=ZGN4bDRlaTRybWJ4,9799 1005,https://maps.google.com/?cid=15342759376461499611&g_mp=Cidnb29nbGUubWFwcy5wbGFjZXMudjEuUGxhY2VzLlNlYXJjaFRleHQQAhgEIAA,2026-08-20
Warm,Delmar Medical Center,Medical clinic,Seeb,SOCIAL_ONLY,social profile only (www.instagram.com),https://www.instagram.com/dmc_om/,7742 2922,https://maps.google.com/?cid=12200798967952409710&g_mp=Cidnb29nbGUubWFwcy5wbGFjZXMudjEuUGxhY2VzLlNlYXJjaFRleHQQAhgEIAA,2026-08-20
Warm,Dental Hub دنتل هب كلنك,Dental clinic,Muscat,SOCIAL_ONLY,social profile only (www.instagram.com),https://www.instagram.com/dental_hub_om,22 700542,https://maps.google.com/?cid=11628347455788014885&g_mp=Cidnb29nbGUubWFwcy5wbGFjZXMudjEuUGxhY2VzLlNlYXJjaFRleHQQAhgEIAA,2026-08-20
Warm,"Dento Surg, Dental & Implant Center",Dental clinic,Muscat,SOCIAL_ONLY,social profile only (wa.me),https://wa.me/96872400029?text=,9222 4924,https://maps.google.com/?cid=17849278980601405548&g_mp=Cidnb29nbGUubWFwcy5wbGFjZXMudjEuUGxhY2VzLlNlYXJjaFRleHQQAhgEIAA,2026-08-20
Warm,Dentology Dental Clinic عيادة دنتولوجي لطب الأسنان,Dental clinic,Muscat,SOCIAL_ONLY,social profile only (instagram.com),https://instagram.com/dentology_om,9090 0626,https://maps.google.com/?cid=11252864387086194220&g_mp=Cidnb29nbGUubWFwcy5wbGFjZXMudjEuUGxhY2VzLlNlYXJjaFRleHQQAhgEIAA,2026-08-20
Warm,DenTrust Dental Centre,Dental clinic,Seeb,SOCIAL_ONLY,social profile only (instagram.com),https://instagram.com/dentrust.om?utm_medium=copy_link,9808 0502,https://maps.google.com/?cid=6711969115608948507&g_mp=Cidnb29nbGUubWFwcy5wbGFjZXMudjEuUGxhY2VzLlNlYXJjaFRleHQQAhgEIAA,2026-08-20
Warm,Discover Salalah tours ️,Travel & tourism,Salalah,SOCIAL_ONLY,social profile only (instagram.com),http://instagram.com/dhofar_governorate,9938 4900,https://maps.google.com/?cid=11052163615490242664&g_mp=Cidnb29nbGUubWFwcy5wbGFjZXMudjEuUGxhY2VzLlNlYXJjaFRleHQQAhgEIAA,2026-08-20
Warm,Doroob travel & tours:دروب للسفر,Travel & tourism,Nizwa,SOCIAL_ONLY,social profile only (instagram.com),http://instagram.com/doroob_travel,9244 8742,https://maps.google.com/?cid=961627990259078216&g_mp=Cidnb29nbGUubWFwcy5wbGFjZXMudjEuUGxhY2VzLlNlYXJjaFRleHQQAhgEIAA,2026-08-20
Warm,Dow Restaurant,Restaurant,Sohar,SOCIAL_ONLY,social profile only (instagram.com),https://instagram.com/dow.oman?utm_medium=copy_link,,https://maps.google.com/?cid=13825963955836319465&g_mp=Cidnb29nbGUubWFwcy5wbGFjZXMudjEuUGxhY2VzLlNlYXJjaFRleHQQAhgEIAA,2026-08-20
Warm,"Dr. Prateek Agarwal, Laparoscopic Surgeon",Medical clinic,Muscat,SOCIAL_ONLY,social profile only (www.instagram.com),https://www.instagram.com/drprateeksurgeon,,https://maps.google.com/?cid=13594302176266885095&g_mp=Cidnb29nbGUubWFwcy5wbGFjZXMudjEuUGxhY2VzLlNlYXJjaFRleHQQAhgEIAA,2026-08-20
Warm,Dr.Alaa kamel baraka,Dental clinic,Sur,SOCIAL_ONLY,social profile only (www.instagram.com),https://www.instagram.com/dr.alaakamel?igsh=MXhlcGx5OHhzMzFlMA==&utm_source=qr,7171 3391,https://maps.google.com/?cid=1981611476148204445&g_mp=Cidnb29nbGUubWFwcy5wbGFjZXMudjEuUGxhY2VzLlNlYXJjaFRleHQQAhgEIAA,2026-08-20
Warm,Dr.Mohammad Khadija,Dental clinic,Salalah,SOCIAL_ONLY,social profile only (www.instagram.com),https://www.instagram.com/dr.mohammad_m_kh/,9955 2008,https://maps.google.com/?cid=8420328765313920193&g_mp=Cidnb29nbGUubWFwcy5wbGFjZXMudjEuUGxhY2VzLlNlYXJjaFRleHQQAhgEIAA,2026-08-20
Warm,dynamic lady gym,Gym,Salalah,SOCIAL_ONLY,social profile only (instagram.com),https://instagram.com/dynamic.lady.om,7171 3833,https://maps.google.com/?cid=12526031817456735956&g_mp=Cidnb29nbGUubWFwcy5wbGFjZXMudjEuUGxhY2VzLlNlYXJjaFRleHQQAhgEIAA,2026-08-20
Warm,Eeny Meeny Spa,Salon,Nizwa,SOCIAL_ONLY,social profile only (instagram.com),https://instagram.com/eenymeeny.spa?igshid=YWJhMjlhZTc=,9696 3929,https://maps.google.com/?cid=6057334940489215469&g_mp=Cidnb29nbGUubWFwcy5wbGFjZXMudjEuUGxhY2VzLlNlYXJjaFRleHQQAhgEIAA,2026-08-20
Warm,EL-SAKHRA DENTAL -GROUP,Dental clinic,Sohar,SOCIAL_ONLY,social profile only (instagram.com),https://instagram.com/elsakhradental?igshid=MzRlODBiNWFlZA==,9498 6001,https://maps.google.com/?cid=16291063070548761495&g_mp=Cidnb29nbGUubWFwcy5wbGFjZXMudjEuUGxhY2VzLlNlYXJjaFRleHQQAhgEIAA,2026-08-20
Warm,Elharby recovery Centre,Medical clinic,Nizwa,SOCIAL_ONLY,social profile only (www.instagram.com),https://www.instagram.com/elharby_recovery_center?igsh=cGV2bDlncXhyOGU3,9194 6174,https://maps.google.com/?cid=10015510492225298655&g_mp=Cidnb29nbGUubWFwcy5wbGFjZXMudjEuUGxhY2VzLlNlYXJjaFRleHQQAhgEIAA,2026-08-20
Warm,Elite rent a Car,Car rental,Muscat,SOCIAL_ONLY,social profile only (www.instagram.com),https://www.instagram.com/elite_rent_car?igsh=MXY0YXl4NjZ2bnFobQ==,,https://maps.google.com/?cid=13346281050613810480&g_mp=Cidnb29nbGUubWFwcy5wbGFjZXMudjEuUGxhY2VzLlNlYXJjaFRleHQQAhgEIAA,2026-08-20
Warm,Eskan Real Estate إسكان للخدمات العقارية,Real estate,Seeb,SOCIAL_ONLY,social profile only (www.instagram.com),https://www.instagram.com/eskan__realestate?igsh=MTV2aWM3ZTRrNjdkaw==&utm_source=qr,9791 4483,https://maps.google.com/?cid=15253722753333949582&g_mp=Cidnb29nbGUubWFwcy5wbGFjZXMudjEuUGxhY2VzLlNlYXJjaFRleHQQAhgEIAA,2026-08-20
Warm,Eve's butterfly beauty فراشة حواء للتجميل,Salon,Ruwi,SOCIAL_ONLY,social profile only (www.instagram.com),https://www.instagram.com/eves_butterfly_beauty?utm_source=qr&igsh=aHRtNjR0N3VibHAz,9592 3467,https://maps.google.com/?cid=16437904412830204319&g_mp=Cidnb29nbGUubWFwcy5wbGFjZXMudjEuUGxhY2VzLlNlYXJjaFRleHQQAhgEIAA,2026-08-20
Warm,Everest Gym مركز ايفرست للياقة,Gym,Seeb,SOCIAL_ONLY,social profile only (www.instagram.com),http://www.instagram.com/everestgym,24 535557,https://maps.google.com/?cid=10127299579320382188&g_mp=Cidnb29nbGUubWFwcy5wbGFjZXMudjEuUGxhY2VzLlNlYXJjaFRleHQQAhgEIAA,2026-08-20
Warm,Everyday Fitness Center-EFC,Gym,Sohar,SOCIAL_ONLY,social profile only (www.instagram.com),https://www.instagram.com/everydayfitnessoman/,7179 7229,https://maps.google.com/?cid=5518503071667598916&g_mp=Cidnb29nbGUubWFwcy5wbGFjZXMudjEuUGxhY2VzLlNlYXJjaFRleHQQAhgEIAA,2026-08-20
Warm,Evolution Fitness,Gym,Seeb,SOCIAL_ONLY,social profile only (instagram.com),https://instagram.com/evolution_fitness.oman,7866 2060,https://maps.google.com/?cid=3257048626663848662&g_mp=Cidnb29nbGUubWFwcy5wbGFjZXMudjEuUGxhY2VzLlNlYXJjaFRleHQQAhgEIAA,2026-08-20
Warm,Fatema AL-Abri Advocates & legal consultation,Law firm,Seeb,SOCIAL_ONLY,social profile only (twitter.com),https://twitter.com/AlcFatema,9626 3629,https://maps.google.com/?cid=18357354334784851463&g_mp=Cidnb29nbGUubWFwcy5wbGFjZXMudjEuUGxhY2VzLlNlYXJjaFRleHQQAhgEIAA,2026-08-20
Warm,Fatimah Az Zahra Private School,Private school,Salalah,SOCIAL_ONLY,social profile only (instagram.com),https://instagram.com/fatima_alzahra_private_school_?igshid=YmMyMTA2M2Y=,23 292699,https://maps.google.com/?cid=4383578640146258196&g_mp=Cidnb29nbGUubWFwcy5wbGFjZXMudjEuUGxhY2VzLlNlYXJjaFRleHQQAhgEIAA,2026-08-20
Warm,Fit Academy,Gym,Salalah,SOCIAL_ONLY,social profile only (www.instagram.com),https://www.instagram.com/fit_acadmey/,,https://maps.google.com/?cid=15046162961006126927&g_mp=Cidnb29nbGUubWFwcy5wbGFjZXMudjEuUGxhY2VzLlNlYXJjaFRleHQQAhgEIAA,2026-08-20
Warm,Fitness Hub Oman,Gym,Seeb,SOCIAL_ONLY,social profile only (instagram.com),https://instagram.com/fitness_huboman?igshid=YmMyMTA2M2Y=,7937 4304,https://maps.google.com/?cid=12162189379679359118&g_mp=Cidnb29nbGUubWFwcy5wbGFjZXMudjEuUGxhY2VzLlNlYXJjaFRleHQQAhgEIAA,2026-08-20
Warm,Flex Gym Mawaleh ( MENS AND LADIES ),Gym,Seeb,SOCIAL_ONLY,social profile only (www.instagram.com),https://www.instagram.com/oman.flex/,7937 4300,https://maps.google.com/?cid=677507369533329708&g_mp=Cidnb29nbGUubWFwcy5wbGFjZXMudjEuUGxhY2VzLlNlYXJjaFRleHQQAhgEIAA,2026-08-20
Warm,Flow fit Pilates studio,Gym,Salalah,SOCIAL_ONLY,social profile only (www.instagram.com),https://www.instagram.com/flowfit.sll/,7100 0660,https://maps.google.com/?cid=9593996905564656374&g_mp=Cidnb29nbGUubWFwcy5wbGFjZXMudjEuUGxhY2VzLlNlYXJjaFRleHQQAhgEIAA,2026-08-20
Warm,Flow of Life,Gym,Sur,SOCIAL_ONLY,social profile only (www.instagram.com),https://www.instagram.com/flow.of.life33?igsh=NGQ2YmJnbjc5em1x,7721 5721,https://maps.google.com/?cid=8620962101158073410&g_mp=Cidnb29nbGUubWFwcy5wbGFjZXMudjEuUGxhY2VzLlNlYXJjaFRleHQQAhgEIAA,2026-08-20
Warm,future kids private school,Private school,Muscat,SOCIAL_ONLY,social profile only (www.instagram.com),https://www.instagram.com/future_kids_private_school?igsh=OG5qbTUxZXh4cTkx&utm_source=qr,9780 8909,https://maps.google.com/?cid=11971071983270683303&g_mp=Cidnb29nbGUubWFwcy5wbGFjZXMudjEuUGxhY2VzLlNlYXJjaFRleHQQAhgEIAA,2026-08-20
Warm,Glitzy spa & boutique صالون جليتزي للنساء,Salon,Nizwa,SOCIAL_ONLY,social profile only (www.instagram.com),https://www.instagram.com/glitzy.spa?igsh=MXZoYXdyNmdybTY2dw%3D%3D&utm_source=qr,9427 7669,https://maps.google.com/?cid=684366286039047112&g_mp=Cidnb29nbGUubWFwcy5wbGFjZXMudjEuUGxhY2VzLlNlYXJjaFRleHQQAhgEIAA,2026-08-20
Warm,Go Hills تأجير سيارات,Car rental,Al Khuwair,SOCIAL_ONLY,social profile only (www.instagram.com),https://www.instagram.com/go_hills_car_rent?igsh=MXN0emF6NTFka3F4cQ==,9011 1278,https://maps.google.com/?cid=3700698978655260150&g_mp=Cidnb29nbGUubWFwcy5wbGFjZXMudjEuUGxhY2VzLlNlYXJjaFRleHQQAhgEIAA,2026-08-20
Warm,Golden Grill House,Restaurant,Ruwi,SOCIAL_ONLY,social profile only (www.instagram.com),http://www.instagram.com/goldengrillhouse,24 815057,https://maps.google.com/?cid=7731970359682063605&g_mp=Cidnb29nbGUubWFwcy5wbGFjZXMudjEuUGxhY2VzLlNlYXJjaFRleHQQAhgEIAA,2026-08-20
Warm,Golden Hut Restaurant,Restaurant,Muscat,SOCIAL_ONLY,social profile only (wa.me),https://wa.me/+96879429594,7942 9594,https://maps.google.com/?cid=9028567176408791593&g_mp=Cidnb29nbGUubWFwcy5wbGFjZXMudjEuUGxhY2VzLlNlYXJjaFRleHQQAhgEIAA,2026-08-20
Warm,Great Care Dental Clinic عيادة العناية الفائقة للاسنان,Dental clinic,Muscat,SOCIAL_ONLY,social profile only (www.instagram.com),https://www.instagram.com/greatcare_dc/,9262 6351,https://maps.google.com/?cid=2029051780835837490&g_mp=Cidnb29nbGUubWFwcy5wbGFjZXMudjEuUGxhY2VzLlNlYXJjaFRleHQQAhgEIAA,2026-08-20
Warm,Grill House Restaurant,Restaurant,Barka,SOCIAL_ONLY,social profile only (m.facebook.com),https://m.facebook.com/grillhouse.oman/,22 043415,https://maps.google.com/?cid=3127969670475935474&g_mp=Cidnb29nbGUubWFwcy5wbGFjZXMudjEuUGxhY2VzLlNlYXJjaFRleHQQAhgEIAA,2026-08-20
Warm,Gym chalenge fitness,Gym,Sohar,SOCIAL_ONLY,social profile only (instagram.com),https://instagram.com/challenge4_fitness?igshid=MzRlODBiNWFlZA==,9115 2777,https://maps.google.com/?cid=13900914059694978224&g_mp=Cidnb29nbGUubWFwcy5wbGFjZXMudjEuUGxhY2VzLlNlYXJjaFRleHQQAhgEIAA,2026-08-20
Warm,HA Beauty lounge,Salon,Seeb,SOCIAL_ONLY,social profile only (instagram.com),https://instagram.com/ha.beautylounge?igshid=YmMyMTA2M2Y=,9778 6461,https://maps.google.com/?cid=13326787571528433041&g_mp=Cidnb29nbGUubWFwcy5wbGFjZXMudjEuUGxhY2VzLlNlYXJjaFRleHQQAhgEIAA,2026-08-20
Warm,Habibs Hair and Beauty,Salon,Seeb,SOCIAL_ONLY,social profile only (www.instagram.com),https://www.instagram.com/habibs_oman?utm_source=ig_web_button_share_sheet&igsh=ZDNlZDc0MzIxNw==,7176 2335,https://maps.google.com/?cid=7944368927641596779&g_mp=Cidnb29nbGUubWFwcy5wbGFjZXMudjEuUGxhY2VzLlNlYXJjaFRleHQQAhgEIAA,2026-08-20
Warm,Hani travel & Tour. هاني للسفر والسياحة,Travel & tourism,Barka,SOCIAL_ONLY,social profile only (www.instagram.com),https://www.instagram.com/hani.travell?igsh=ZWY0ZjFwOGRieHM4,9166 9918,https://maps.google.com/?cid=3358671901112000175&g_mp=Cidnb29nbGUubWFwcy5wbGFjZXMudjEuUGxhY2VzLlNlYXJjaFRleHQQAhgEIAA,2026-08-20
Warm,Health land massage and spa,Salon,Salalah,SOCIAL_ONLY,social profile only (www.instagram.com),https://www.instagram.com/health.land.massage?igsh=eWV1enZnMzE2c2Q1,9917 7552,https://maps.google.com/?cid=12394799729620058296&g_mp=Cidnb29nbGUubWFwcy5wbGFjZXMudjEuUGxhY2VzLlNlYXJjaFRleHQQAhgEIAA,2026-08-20
Warm,Himalaya Beauty Salon,Salon,Ruwi,SOCIAL_ONLY,social profile only (www.instagram.com),https://www.instagram.com/himalaya_beauty_salon_offical?igsh=MTl6M3BmZnp1aTNrNw%3D%3D&utm_source=qr,9571 8000,https://maps.google.com/?cid=4152569287777043438&g_mp=Cidnb29nbGUubWFwcy5wbGFjZXMudjEuUGxhY2VzLlNlYXJjaFRleHQQAhgEIAA,2026-08-20
Warm,HOLIDAY HOUSE OMAN / بيت العطلات للسياحة والسفر,Travel & tourism,Seeb,SOCIAL_ONLY,social profile only (www.instagram.com),https://www.instagram.com/holidays.house.oman/,9444 1936,https://maps.google.com/?cid=4916217666670991703&g_mp=Cidnb29nbGUubWFwcy5wbGFjZXMudjEuUGxhY2VzLlNlYXJjaFRleHQQAhgEIAA,2026-08-20
Warm,HOME HUNT REAL ESTATE,Real estate,Ruwi,SOCIAL_ONLY,social profile only (www.instagram.com),https://www.instagram.com/home_hunt_oman?igsh=eHpkczB4Z2JlMXpp,9797 1752,https://maps.google.com/?cid=5805713483390001906&g_mp=Cidnb29nbGUubWFwcy5wbGFjZXMudjEuUGxhY2VzLlNlYXJjaFRleHQQAhgEIAA,2026-08-20
Warm,Honeymoon Beauty Salon,Salon,Muscat,SOCIAL_ONLY,social profile only (www.instagram.com),https://www.instagram.com/honeymoon_beautysalon?igsh=MTJ3Ymc2b3V2Mmh6bg==,9705 9150,https://maps.google.com/?cid=7729564406429946423&g_mp=Cidnb29nbGUubWFwcy5wbGFjZXMudjEuUGxhY2VzLlNlYXJjaFRleHQQAhgEIAA,2026-08-20
Warm,HORAS TRAVEL & TOURISM,Travel & tourism,Seeb,SOCIAL_ONLY,social profile only (www.facebook.com),https://www.facebook.com/groups/3356335654428070/?ref=share_group_link,9584 2141,https://maps.google.com/?cid=2288454754557069891&g_mp=Cidnb29nbGUubWFwcy5wbGFjZXMudjEuUGxhY2VzLlNlYXJjaFRleHQQAhgEIAA,2026-08-20
Warm,Hyderabadi House Restaurant,Restaurant,Barka,SOCIAL_ONLY,social profile only (www.instagram.com),https://www.instagram.com/hyderabadihouse.om/profilecard/?igsh=bmdobzhzZTJtb3V4,9971 2768,https://maps.google.com/?cid=12951587398673828028&g_mp=Cidnb29nbGUubWFwcy5wbGFjZXMudjEuUGxhY2VzLlNlYXJjaFRleHQQAhgEIAA,2026-08-20
Warm,Hydrogen For contracting and renovations -شركه هيدروجين للمقاولات والترميمات,Contractor,Salalah,SOCIAL_ONLY,social profile only (www.instagram.com),https://www.instagram.com/hydrogen_co?igsh=enV2Y3ltcmh4MWZ1,9811 4279,https://maps.google.com/?cid=1568988313248223680&g_mp=Cidnb29nbGUubWFwcy5wbGFjZXMudjEuUGxhY2VzLlNlYXJjaFRleHQQAhgEIAA,2026-08-20
Warm,IBN Al Ajmi Trading إبن العجمي للتجارة,Contractor,Barka,SOCIAL_ONLY,social profile only (instagram.com),https://instagram.com/ibn_al_ajmi_trading?igshid=NzZlODBkYWE4Ng==,9231 2423,https://maps.google.com/?cid=7707735544891139941&g_mp=Cidnb29nbGUubWFwcy5wbGFjZXMudjEuUGxhY2VzLlNlYXJjaFRleHQQAhgEIAA,2026-08-20
Warm,IBN SAEED AL MAHRAZI TRAD. & CONT.,Contractor,Ruwi,SOCIAL_ONLY,social profile only (www.instagram.com),https://www.instagram.com/isamconstruct/,9699 7970,https://maps.google.com/?cid=1094368130384439832&g_mp=Cidnb29nbGUubWFwcy5wbGFjZXMudjEuUGxhY2VzLlNlYXJjaFRleHQQAhgEIAA,2026-08-20
Warm,iGym Real Fitness Saadah,Gym,Salalah,SOCIAL_ONLY,social profile only (instagram.com),https://instagram.com/i_gym_oman,9134 2050,https://maps.google.com/?cid=15252120062730728425&g_mp=Cidnb29nbGUubWFwcy5wbGFjZXMudjEuUGxhY2VzLlNlYXJjaFRleHQQAhgEIAA,2026-08-20
Warm,iGym Real Fitness Sahalnoot,Gym,Salalah,SOCIAL_ONLY,social profile only (instagram.com),https://instagram.com/i_gym_oman,9134 2050,https://maps.google.com/?cid=2498811425204368567&g_mp=Cidnb29nbGUubWFwcy5wbGFjZXMudjEuUGxhY2VzLlNlYXJjaFRleHQQAhgEIAA,2026-08-20
Warm,"IHSAN SPECIALIZED DENTAL CENTER - Orthodontics, Pedodontics & General Dentisrty",Dental clinic,Salalah,SOCIAL_ONLY,social profile only (www.instagram.com),https://www.instagram.com/ihsandental,9812 2862,https://maps.google.com/?cid=15541178486735435942&g_mp=Cidnb29nbGUubWFwcy5wbGFjZXMudjEuUGxhY2VzLlNlYXJjaFRleHQQAhgEIAA,2026-08-20
Warm,Iman Alzadjali lawyers and legal consultants,Law firm,Al Khuwair,SOCIAL_ONLY,social profile only (instagram.com),https://instagram.com/lawyer_iman_zadjali?igshid=YmMyMTA2M2Y=,9358 8844,https://maps.google.com/?cid=14507391386832441900&g_mp=Cidnb29nbGUubWFwcy5wbGFjZXMudjEuUGxhY2VzLlNlYXJjaFRleHQQAhgEIAA,2026-08-20
Warm,Iman fit,Gym,Sur,SOCIAL_ONLY,social profile only (www.instagram.com),https://www.instagram.com/iman.fit.18nov/,9906 6075,https://maps.google.com/?cid=3700645214464734733&g_mp=Cidnb29nbGUubWFwcy5wbGFjZXMudjEuUGxhY2VzLlNlYXJjaFRleHQQAhgEIAA,2026-08-20
Warm,Imperial Dental Centre Muscat,Dental clinic,Ruwi,SOCIAL_ONLY,social profile only (www.instagram.com),https://www.instagram.com/imperialdentalclinic.om?igsh=Nmp0MWJ5c2M4Z3Vr,24 797406,https://maps.google.com/?cid=11586756746171519592&g_mp=Cidnb29nbGUubWFwcy5wbGFjZXMudjEuUGxhY2VzLlNlYXJjaFRleHQQAhgEIAA,2026-08-20
Warm,International Specialized Dental Center المركز التخصصي الدولي لطب الأسنان,Dental clinic,Seeb,SOCIAL_ONLY,social profile only (instagram.com),https://instagram.com/isdc_om?igshid=MzRlODBiNWFlZA==,9570 5709,https://maps.google.com/?cid=18123516831841422624&g_mp=Cidnb29nbGUubWFwcy5wbGFjZXMudjEuUGxhY2VzLlNlYXJjaFRleHQQAhgEIAA,2026-08-20
Warm,Iron Fist Fitness Hall,Gym,Nizwa,SOCIAL_ONLY,social profile only (www.instagram.com),http://www.instagram.com/iron_fist_gym1,9574 2219,https://maps.google.com/?cid=13774962746277870289&g_mp=Cidnb29nbGUubWFwcy5wbGFjZXMudjEuUGxhY2VzLlNlYXJjaFRleHQQAhgEIAA,2026-08-20
Warm,JL Beauty salon صالون جي ال بيوتي,Salon,Barka,SOCIAL_ONLY,social profile only (www.instagram.com),https://www.instagram.com/jlbeauty2025,7990 5556,https://maps.google.com/?cid=10399375586889444739&g_mp=Cidnb29nbGUubWFwcy5wbGFjZXMudjEuUGxhY2VzLlNlYXJjaFRleHQQAhgEIAA,2026-08-20
Warm,Jourie مطعم جوري,Restaurant,Sohar,SOCIAL_ONLY,social profile only (instagram.com),https://instagram.com/jourie_om?utm_medium=copy_link,22 579442,https://maps.google.com/?cid=2818132756293097558&g_mp=Cidnb29nbGUubWFwcy5wbGFjZXMudjEuUGxhY2VzLlNlYXJjaFRleHQQAhgEIAA,2026-08-20
Warm,Julia Dental Clinic,Dental clinic,Sur,SOCIAL_ONLY,social profile only (www.instagram.com),https://www.instagram.com/juliadentalclinic_barka?igsh=a2R5aHA2amp5YzZp,9881 2740,https://maps.google.com/?cid=2609023393628991047&g_mp=Cidnb29nbGUubWFwcy5wbGFjZXMudjEuUGxhY2VzLlNlYXJjaFRleHQQAhgEIAA,2026-08-20
Warm,Juman Speciality Center مركز جمان التخصصي,Medical clinic,Muscat,SOCIAL_ONLY,social profile only (instagram.com),https://instagram.com/juman.speciality.center?igshid=MzRlODBiNWFlZA==,9889 7988,https://maps.google.com/?cid=218456023371987118&g_mp=Cidnb29nbGUubWFwcy5wbGFjZXMudjEuUGxhY2VzLlNlYXJjaFRleHQQAhgEIAA,2026-08-20
Warm,Jumana Beauty Lounge صالون جمانة للتجميل - العذيبة,Salon,Muscat,SOCIAL_ONLY,social profile only (l.instagram.com),https://l.instagram.com/?u=https://linktr.ee/Makeupbyjumana&e=AT1TwK-wnBtasyLz6KiSIRwf40qQWro3EIBPQUA5o2_OedUhq_Uq213Pl6cmT82nSyZxmcagMcZq1Y95rXYf_uCbwNrzqyQr_OdMHqY,9331 0054,https://maps.google.com/?cid=5057864516803362139&g_mp=Cidnb29nbGUubWFwcy5wbGFjZXMudjEuUGxhY2VzLlNlYXJjaFRleHQQAhgEIAA,2026-08-20
Warm,K&k restaurant,Restaurant,Sur,SOCIAL_ONLY,social profile only (www.instagram.com),https://www.instagram.com/kk_cafee?igsh=OHQxbGlobzk4YXcz,9794 4779,https://maps.google.com/?cid=11980081710557763279&g_mp=Cidnb29nbGUubWFwcy5wbGFjZXMudjEuUGxhY2VzLlNlYXJjaFRleHQQAhgEIAA,2026-08-20
Warm,Kheer Al Barkat Trading LLC خير البركات للتجارة,Trading company,Nizwa,SOCIAL_ONLY,social profile only (wa.me),https://wa.me/96896972323,9697 2323,https://maps.google.com/?cid=12242283883552873193&g_mp=Cidnb29nbGUubWFwcy5wbGFjZXMudjEuUGxhY2VzLlNlYXJjaFRleHQQAhgEIAA,2026-08-20
Warm,Kidzya salon,Salon,Nizwa,SOCIAL_ONLY,social profile only (instagram.com),https://instagram.com/kidzya.om?igshid=YWJhMjlhZTc=,9065 5584,https://maps.google.com/?cid=17324118999601221732&g_mp=Cidnb29nbGUubWFwcy5wbGFjZXMudjEuUGxhY2VzLlNlYXJjaFRleHQQAhgEIAA,2026-08-20
Warm,Knowledge Rays Private School,Private school,Sohar,SOCIAL_ONLY,social profile only (instagram.com),http://instagram.com/knowledgerayssohar,9333 0618,https://maps.google.com/?cid=6800547055190683245&g_mp=Cidnb29nbGUubWFwcy5wbGFjZXMudjEuUGxhY2VzLlNlYXJjaFRleHQQAhgEIAA,2026-08-20
Warm,LALA SPA,Salon,Al Khuwair,SOCIAL_ONLY,social profile only (www.instagram.com),https://www.instagram.com/lalaspa_om/profilecard/?igsh=eXh4dHZkYTh0eWVs,7999 2192,https://maps.google.com/?cid=1248961252400516363&g_mp=Cidnb29nbGUubWFwcy5wbGFjZXMudjEuUGxhY2VzLlNlYXJjaFRleHQQAhgEIAA,2026-08-20
Warm,Layali Al Saad Restaurant,Restaurant,Seeb,SOCIAL_ONLY,social profile only (www.instagram.com),https://www.instagram.com/layali.alsaad.oman?igsh=MWltdzlrc3ltZ200Zg==,7735 0303,https://maps.google.com/?cid=15561046901618992093&g_mp=Cidnb29nbGUubWFwcy5wbGFjZXMudjEuUGxhY2VzLlNlYXJjaFRleHQQAhgEIAA,2026-08-20
Warm,Lifeline Medical Centre - VISA Medical Section,Medical clinic,Ruwi,SOCIAL_ONLY,social profile only (www.instagram.com),https://www.instagram.com/lifelinemedicaldarsait?igsh=NDN4dW5xMGhnOWVx,9817 5737,https://maps.google.com/?cid=14338557677640390622&g_mp=Cidnb29nbGUubWFwcy5wbGFjZXMudjEuUGxhY2VzLlNlYXJjaFRleHQQAhgEIAA,2026-08-20
Warm,LIT LIN Restaurant,Restaurant,Salalah,SOCIAL_ONLY,social profile only (instagram.com),https://instagram.com/litlin.om?igshid=MzRlODBiNWFlZA==,,https://maps.google.com/?cid=17669475502811938952&g_mp=Cidnb29nbGUubWFwcy5wbGFjZXMudjEuUGxhY2VzLlNlYXJjaFRleHQQAhgEIAA,2026-08-20
Warm,Liwan Nizwa Restaurant,Restaurant,Nizwa,SOCIAL_ONLY,social profile only (www.instagram.com),https://www.instagram.com/liwan.nizwa?igsh=MWpuMDVzYTB0aDZuNw==,7256 4477,https://maps.google.com/?cid=15354842487628255315&g_mp=Cidnb29nbGUubWFwcy5wbGFjZXMudjEuUGxhY2VzLlNlYXJjaFRleHQQAhgEIAA,2026-08-20
Warm,LOVENDER,Restaurant,Seeb,SOCIAL_ONLY,social profile only (instagram.com),https://instagram.com/lovender.om?utm_medium=copy_link,7974 9005,https://maps.google.com/?cid=14893944384648630375&g_mp=Cidnb29nbGUubWFwcy5wbGFjZXMudjEuUGxhY2VzLlNlYXJjaFRleHQQAhgEIAA,2026-08-20
Warm,Ludins Beauty Salon,Salon,Ruwi,SOCIAL_ONLY,social profile only (www.instagram.com),https://www.instagram.com/ludinsbeautysalon,9124 3929,https://maps.google.com/?cid=8005105551304497271&g_mp=Cidnb29nbGUubWFwcy5wbGFjZXMudjEuUGxhY2VzLlNlYXJjaFRleHQQAhgEIAA,2026-08-20
Warm,L’AVENUE Park,Restaurant,Salalah,SOCIAL_ONLY,social profile only (instagram.com),https://instagram.com/lavenue.park?igshid=1jxydzycg15k5,9331 3270,https://maps.google.com/?cid=8354907818080235873&g_mp=Cidnb29nbGUubWFwcy5wbGFjZXMudjEuUGxhY2VzLlNlYXJjaFRleHQQAhgEIAA,2026-08-20
Warm,M Nail & Spa,Salon,Barka,SOCIAL_ONLY,social profile only (instagram.com),https://instagram.com/mspa.om?utm_medium=copy_link,9229 1310,https://maps.google.com/?cid=7061937633663017291&g_mp=Cidnb29nbGUubWFwcy5wbGFjZXMudjEuUGxhY2VzLlNlYXJjaFRleHQQAhgEIAA,2026-08-20
Warm,Madi's Beauty Lounge صالون ماديز للتجميل,Salon,Muscat,SOCIAL_ONLY,social profile only (www.facebook.com),https://www.facebook.com/madisbeautylounge/,,https://maps.google.com/?cid=14782448016348635721&g_mp=Cidnb29nbGUubWFwcy5wbGFjZXMudjEuUGxhY2VzLlNlYXJjaFRleHQQAhgEIAA,2026-08-20
Warm,Maidath saba restaurant,Restaurant,Sohar,SOCIAL_ONLY,social profile only (www.instagram.com),https://www.instagram.com/maidat.saba,9333 6775,https://maps.google.com/?cid=16249340065918302634&g_mp=Cidnb29nbGUubWFwcy5wbGFjZXMudjEuUGxhY2VzLlNlYXJjaFRleHQQAhgEIAA,2026-08-20
Warm,Malek al Pizza,Restaurant,Sur,SOCIAL_ONLY,social profile only (www.instagram.com),https://www.instagram.com/malek_alpizza?igsh=MW9hNXd0bms5ZG5xNQ==,7722 7557,https://maps.google.com/?cid=11588370265675609542&g_mp=Cidnb29nbGUubWFwcy5wbGFjZXMudjEuUGxhY2VzLlNlYXJjaFRleHQQAhgEIAA,2026-08-20
Warm,"MaxCare Hospital, Salalah",Medical clinic,Salalah,SOCIAL_ONLY,social profile only (www.instagram.com),https://www.instagram.com/maxcare_salalah/,7956 3378,https://maps.google.com/?cid=16648231442267558208&g_mp=Cidnb29nbGUubWFwcy5wbGFjZXMudjEuUGxhY2VzLlNlYXJjaFRleHQQAhgEIAA,2026-08-20
Warm,Mazoon Dental Clinic عيادة مزون لطب الأسنان,Dental clinic,Seeb,SOCIAL_ONLY,social profile only (instagram.com),https://instagram.com/mazoon.dentistry,7974 3202,https://maps.google.com/?cid=7008812547818691130&g_mp=Cidnb29nbGUubWFwcy5wbGFjZXMudjEuUGxhY2VzLlNlYXJjaFRleHQQAhgEIAA,2026-08-20
Warm,Mercy Clinic,Medical clinic,Muscat,SOCIAL_ONLY,social profile only (www.instagram.com),http://www.instagram.com/mercyclinic10,22 048664,https://maps.google.com/?cid=16881667677339593526&g_mp=Cidnb29nbGUubWFwcy5wbGFjZXMudjEuUGxhY2VzLlNlYXJjaFRleHQQAhgEIAA,2026-08-20
Warm,MG Ladies Beauty Salon,Salon,Ruwi,SOCIAL_ONLY,social profile only (www.instagram.com),https://www.instagram.com/invites/contact/?i=c8086yq3yc6a&utm_content=lb1ld3y,9618 0389,https://maps.google.com/?cid=10104435200170589705&g_mp=Cidnb29nbGUubWFwcy5wbGFjZXMudjEuUGxhY2VzLlNlYXJjaFRleHQQAhgEIAA,2026-08-20
Warm,MIAC Rent A Car,Car rental,Muscat,SOCIAL_ONLY,social profile only (sites.google.com),https://sites.google.com/view/althabat-services1?fbclid=PAQ0xDSwLsN-pleHRuA2FlbQIxMQABpsVrSP8f1Grm8-tUSCxsSN1FE0_KvRUGh7D0jqyKlqwf-Par5GmPL2IfdA_aem_KTNbkSr_pOOSeCGPR0FVRQ,9668 0938,https://maps.google.com/?cid=2616137972812010137&g_mp=Cidnb29nbGUubWFwcy5wbGFjZXMudjEuUGxhY2VzLlNlYXJjaFRleHQQAhgEIAA,2026-08-20
Warm,Midan Real Estate,Real estate,Al Khuwair,SOCIAL_ONLY,social profile only (instagram.com),https://instagram.com/midan_om,9511 3111,https://maps.google.com/?cid=2849120303785435487&g_mp=Cidnb29nbGUubWFwcy5wbGFjZXMudjEuUGxhY2VzLlNlYXJjaFRleHQQAhgEIAA,2026-08-20
Warm,Miria's Beauty Salon,Salon,Ruwi,SOCIAL_ONLY,social profile only (linktr.ee),https://linktr.ee/mirias.beautique,9141 9153,https://maps.google.com/?cid=2062388236678368460&g_mp=Cidnb29nbGUubWFwcy5wbGFjZXMudjEuUGxhY2VzLlNlYXJjaFRleHQQAhgEIAA,2026-08-20
Warm,Modern Al Zahir Specialized Dental Center,Dental clinic,Salalah,SOCIAL_ONLY,social profile only (www.instagram.com),https://www.instagram.com/modern_alzahir_dental/,23 298945,https://maps.google.com/?cid=966634152739118542&g_mp=Cidnb29nbGUubWFwcy5wbGFjZXMudjEuUGxhY2VzLlNlYXJjaFRleHQQAhgEIAA,2026-08-20
Warm,Monity Beauty Centre,Salon,Muscat,SOCIAL_ONLY,social profile only (www.instagram.com),https://www.instagram.com/monitybeautycenter?igsh=MWRydHJmeWZ1bXV5dw==,9760 6900,https://maps.google.com/?cid=347056090712670369&g_mp=Cidnb29nbGUubWFwcy5wbGFjZXMudjEuUGxhY2VzLlNlYXJjaFRleHQQAhgEIAA,2026-08-20
Warm,MOVES FITNESS STUDIO,Gym,Muscat,SOCIAL_ONLY,social profile only (www.instagram.com),https://www.instagram.com/movesoman?igsh=b2poaXd0dWwzbzlv,9120 3002,https://maps.google.com/?cid=8373029897831126962&g_mp=Cidnb29nbGUubWFwcy5wbGFjZXMudjEuUGxhY2VzLlNlYXJjaFRleHQQAhgEIAA,2026-08-20
Warm,Mudamas restaurant مطعم مدمّس,Restaurant,Seeb,SOCIAL_ONLY,social profile only (www.instagram.com),https://www.instagram.com/mudamas.mct?igsh=b2Zob2FkbWtld2U5,9903 2160,https://maps.google.com/?cid=6787212497853116944&g_mp=Cidnb29nbGUubWFwcy5wbGFjZXMudjEuUGxhY2VzLlNlYXJjaFRleHQQAhgEIAA,2026-08-20
Warm,Muscat Care Medical Center,Medical clinic,Sur,SOCIAL_ONLY,social profile only (www.instagram.com),https://www.instagram.com/muscatcare_mc/,7914 4469,https://maps.google.com/?cid=11562672855501064561&g_mp=Cidnb29nbGUubWFwcy5wbGFjZXMudjEuUGxhY2VzLlNlYXJjaFRleHQQAhgEIAA,2026-08-20
Warm,Muzn Properties مزن للعقارات,Real estate,Seeb,SOCIAL_ONLY,social profile only (instagram.com),https://instagram.com/muzn_properties?igshid=YTQwZjQ0NmI0OA==,7233 3023,https://maps.google.com/?cid=8837840019312146758&g_mp=Cidnb29nbGUubWFwcy5wbGFjZXMudjEuUGxhY2VzLlNlYXJjaFRleHQQAhgEIAA,2026-08-20
Warm,Nail inn,Salon,Barka,SOCIAL_ONLY,social profile only (www.instagram.com),https://www.instagram.com/nailinn.om?igsh=NjZjM2p6aTB0bzhm,9380 1112,https://maps.google.com/?cid=15138503439955123349&g_mp=Cidnb29nbGUubWFwcy5wbGFjZXMudjEuUGxhY2VzLlNlYXJjaFRleHQQAhgEIAA,2026-08-20
Warm,Naseem Golden Beauty Salon,Salon,Seeb,SOCIAL_ONLY,social profile only (www.instagram.com),https://www.instagram.com/naseem.golden/,7998 9505,https://maps.google.com/?cid=16551417331008058138&g_mp=Cidnb29nbGUubWFwcy5wbGFjZXMudjEuUGxhY2VzLlNlYXJjaFRleHQQAhgEIAA,2026-08-20
Warm,Native Story,Restaurant,Muscat,SOCIAL_ONLY,social profile only (www.instagram.com),https://www.instagram.com/nativestoryoman/profilecard/?igsh=MXFrMjNiZGJ0YXJmbw==,9674 4941,https://maps.google.com/?cid=14073039725053547930&g_mp=Cidnb29nbGUubWFwcy5wbGFjZXMudjEuUGxhY2VzLlNlYXJjaFRleHQQAhgEIAA,2026-08-20
Warm,"NIZWA TOURS تأجير سيارات الجبل الاخضر , مسقط , صلاله , نزوى",Car rental,Nizwa,SOCIAL_ONLY,social profile only (www.instagram.com),https://www.instagram.com/nizwa.nature.tours/profilecard/?igsh=c2s3Mm0zcW9vNXB3,9798 8221,https://maps.google.com/?cid=2692586067623524241&g_mp=Cidnb29nbGUubWFwcy5wbGFjZXMudjEuUGxhY2VzLlNlYXJjaFRleHQQAhgEIAA,2026-08-20
Warm,"Noor Al Shifa Specialized Medical Complex, Al Saadah مجمع نور الشفاء الطبي التخصصي فرع السعادة",Medical clinic,Salalah,SOCIAL_ONLY,social profile only (www.instagram.com),https://www.instagram.com/noor_al_shifa_,23 234675,https://maps.google.com/?cid=15377490808330689603&g_mp=Cidnb29nbGUubWFwcy5wbGFjZXMudjEuUGxhY2VzLlNlYXJjaFRleHQQAhgEIAA,2026-08-20
Warm,Noor Ladies beauty parlour,Salon,Ruwi,SOCIAL_ONLY,social profile only (www.instagram.com),https://www.instagram.com/noorladiesbeautyparlour/,7419 2425,https://maps.google.com/?cid=18414528224341206172&g_mp=Cidnb29nbGUubWFwcy5wbGFjZXMudjEuUGxhY2VzLlNlYXJjaFRleHQQAhgEIAA,2026-08-20
Warm,North Muscat Trading Co L.L.C,Trading company,Ruwi,SOCIAL_ONLY,social profile only (www.instagram.com),https://www.instagram.com/north_muscat_trading/,9669 4317,https://maps.google.com/?cid=7275092680253783199&g_mp=Cidnb29nbGUubWFwcy5wbGFjZXMudjEuUGxhY2VzLlNlYXJjaFRleHQQAhgEIAA,2026-08-20
Warm,Oman mrcp paces center,Private school,Barka,SOCIAL_ONLY,social profile only (www.facebook.com),https://www.facebook.com/share/g/17AoupJtpg/?mibextid=wwXIfr,,https://maps.google.com/?cid=6312704044759470646&g_mp=Cidnb29nbGUubWFwcy5wbGFjZXMudjEuUGxhY2VzLlNlYXJjaFRleHQQAhgEIAA,2026-08-20
Warm,Oman Xtreme Traveller,Travel & tourism,Muscat,SOCIAL_ONLY,social profile only (www.instagram.com),https://www.instagram.com/omanxtremetraveller?igsh=eDQ4Nnd4anBvaTIw,,https://maps.google.com/?cid=1728883251204510335&g_mp=Cidnb29nbGUubWFwcy5wbGFjZXMudjEuUGxhY2VzLlNlYXJjaFRleHQQAhgEIAA,2026-08-20
Warm,Omar Al Rahabi Trading & Contracting LLC,Contractor,Al Khuwair,SOCIAL_ONLY,social profile only (www.facebook.com),https://www.facebook.com/Omar-Al-Rahbi-Trading-Construction-LLC-577899332253362/,9222 2245,https://maps.google.com/?cid=1548374675328895210&g_mp=Cidnb29nbGUubWFwcy5wbGFjZXMudjEuUGxhY2VzLlNlYXJjaFRleHQQAhgEIAA,2026-08-20
Warm,Ombré Beauty Centre,Salon,Muscat,SOCIAL_ONLY,social profile only (instagram.com),https://instagram.com/ombre.oman?igshid=OGQ5ZDc2ODk2ZA==,9659 6733,https://maps.google.com/?cid=17292664515241395013&g_mp=Cidnb29nbGUubWFwcy5wbGFjZXMudjEuUGxhY2VzLlNlYXJjaFRleHQQAhgEIAA,2026-08-20
Warm,One More Fitness,Gym,Muscat,SOCIAL_ONLY,social profile only (www.instagram.com),https://www.instagram.com/onemore__fitness?igsh=ZmtjZDZuMm4yODZz,9669 9664,https://maps.google.com/?cid=14844762346892412280&g_mp=Cidnb29nbGUubWFwcy5wbGFjZXMudjEuUGxhY2VzLlNlYXJjaFRleHQQAhgEIAA,2026-08-20
Warm,Oscar ladies beauty salon,Salon,Salalah,SOCIAL_ONLY,social profile only (www.instagram.com),https://www.instagram.com/oscarspaoscarlady?igsh=cWpjZnFxcmwzMXk5,9446 3945,https://maps.google.com/?cid=9031285416404321819&g_mp=Cidnb29nbGUubWFwcy5wbGFjZXMudjEuUGxhY2VzLlNlYXJjaFRleHQQAhgEIAA,2026-08-20
Warm,Palmyra Trading Co L.L.C,Trading company,Salalah,SOCIAL_ONLY,social profile only (facebook.com),http://facebook.com/palmyra.oman.9,23 214181,https://maps.google.com/?cid=2085238915363248366&g_mp=Cidnb29nbGUubWFwcy5wbGFjZXMudjEuUGxhY2VzLlNlYXJjaFRleHQQAhgEIAA,2026-08-20
Warm,Peekaboo Kids Salon,Salon,Sohar,SOCIAL_ONLY,social profile only (www.instagram.com),https://www.instagram.com/peekabookidssalon/,9886 1464,https://maps.google.com/?cid=13477001999899890699&g_mp=Cidnb29nbGUubWFwcy5wbGFjZXMudjEuUGxhY2VzLlNlYXJjaFRleHQQAhgEIAA,2026-08-20
Warm,Pink Spa Salalah,Salon,Salalah,SOCIAL_ONLY,social profile only (www.instagram.com),https://www.instagram.com/rania_ghounaim/,9793 3317,https://maps.google.com/?cid=8047334134677115039&g_mp=Cidnb29nbGUubWFwcy5wbGFjZXMudjEuUGxhY2VzLlNlYXJjaFRleHQQAhgEIAA,2026-08-20
Warm,Pirates Place Restaurant,Restaurant,Seeb,SOCIAL_ONLY,social profile only (instagram.com),https://instagram.com/pirates_resturant?igshid=1e13nknjjz4i8,7117 7180,https://maps.google.com/?cid=9306336060536748920&g_mp=Cidnb29nbGUubWFwcy5wbGFjZXMudjEuUGxhY2VzLlNlYXJjaFRleHQQAhgEIAA,2026-08-20
Warm,Power Triangle GYM,Gym,Salalah,SOCIAL_ONLY,social profile only (instagram.com),https://instagram.com/power_triangle1,7211 7904,https://maps.google.com/?cid=1865749016642870334&g_mp=Cidnb29nbGUubWFwcy5wbGFjZXMudjEuUGxhY2VzLlNlYXJjaFRleHQQAhgEIAA,2026-08-20
Warm,PRIVO BARBERSHOP &SPA Al khuwair,Salon,Al Khuwair,SOCIAL_ONLY,social profile only (wa.me),https://wa.me/message/SCQPRA2BXCBTF1,7990 9379,https://maps.google.com/?cid=14430830593406439804&g_mp=Cidnb29nbGUubWFwcy5wbGFjZXMudjEuUGxhY2VzLlNlYXJjaFRleHQQAhgEIAA,2026-08-20
Warm,Raihan Specialized Dental Center,Medical clinic,Salalah,SOCIAL_ONLY,social profile only (www.instagram.com),https://www.instagram.com/raihandental,9209 9285,https://maps.google.com/?cid=17279756624104277970&g_mp=Cidnb29nbGUubWFwcy5wbGFjZXMudjEuUGxhY2VzLlNlYXJjaFRleHQQAhgEIAA,2026-08-20
Warm,Rana Beauty Salon,Salon,Ruwi,SOCIAL_ONLY,social profile only (www.instagram.com),https://www.instagram.com/rana.beauty.om/,9899 9262,https://maps.google.com/?cid=14985641835875487990&g_mp=Cidnb29nbGUubWFwcy5wbGFjZXMudjEuUGxhY2VzLlNlYXJjaFRleHQQAhgEIAA,2026-08-20
Warm,Ratania Beauty & Spa,Salon,Muscat,SOCIAL_ONLY,social profile only (www.instagram.com),https://www.instagram.com/rataniabeautynspa?igsh=amo1ZW5xNWUxZnY4,9520 1171,https://maps.google.com/?cid=3392147633571880824&g_mp=Cidnb29nbGUubWFwcy5wbGFjZXMudjEuUGxhY2VzLlNlYXJjaFRleHQQAhgEIAA,2026-08-20
Warm,Rawabi Al Asmah Trading & Services LLC,Trading company,Ruwi,SOCIAL_ONLY,social profile only (sites.google.com),https://sites.google.com/view/rawabialasmahtradingandservice/home?authuser=0,9926 7845,https://maps.google.com/?cid=10138247912918508314&g_mp=Cidnb29nbGUubWFwcy5wbGFjZXMudjEuUGxhY2VzLlNlYXJjaFRleHQQAhgEIAA,2026-08-20
Warm,Red Bird Restaurant,Restaurant,Seeb,SOCIAL_ONLY,social profile only (www.instagram.com),https://www.instagram.com/redbird.om,9434 8989,https://maps.google.com/?cid=2280224390747092888&g_mp=Cidnb29nbGUubWFwcy5wbGFjZXMudjEuUGxhY2VzLlNlYXJjaFRleHQQAhgEIAA,2026-08-20
Warm,Red Rose Beauty center مركز رد روز للتجميل,Salon,Sohar,SOCIAL_ONLY,social profile only (instagram.com),https://instagram.com/redrosesohar?igshid=MzRlODBiNWFlZA==,9559 2301,https://maps.google.com/?cid=14281348574773277485&g_mp=Cidnb29nbGUubWFwcy5wbGFjZXMudjEuUGxhY2VzLlNlYXJjaFRleHQQAhgEIAA,2026-08-20
Warm,Rent_dhofar,Real estate,Salalah,SOCIAL_ONLY,social profile only (www.instagram.com),https://www.instagram.com/rent_dhofar?igsh=N3hqMndhaGNkN3lv&utm_source=qr,9803 8811,https://maps.google.com/?cid=3232438658435226151&g_mp=Cidnb29nbGUubWFwcy5wbGFjZXMudjEuUGxhY2VzLlNlYXJjaFRleHQQAhgEIAA,2026-08-20
Warm,Reveal Al Khuwair ريفيل الخوير,Restaurant,Al Khuwair,SOCIAL_ONLY,social profile only (instagram.com),http://instagram.com/reveal.om,9815 6091,https://maps.google.com/?cid=1052951243164749709&g_mp=Cidnb29nbGUubWFwcy5wbGFjZXMudjEuUGxhY2VzLlNlYXJjaFRleHQQAhgEIAA,2026-08-20
Warm,Rituals Salon & more,Salon,Sohar,SOCIAL_ONLY,social profile only (instagram.com),https://instagram.com/rituals.salon?igshid=YWJhMjlhZTc=,7937 7701,https://maps.google.com/?cid=17291929990563944637&g_mp=Cidnb29nbGUubWFwcy5wbGFjZXMudjEuUGxhY2VzLlNlYXJjaFRleHQQAhgEIAA,2026-08-20
Warm,Rose café and restaurant روز كافيه,Restaurant,Sohar,SOCIAL_ONLY,social profile only (www.instagram.com),https://www.instagram.com/rosecafeoman,9769 7568,https://maps.google.com/?cid=967473116370483002&g_mp=Cidnb29nbGUubWFwcy5wbGFjZXMudjEuUGxhY2VzLlNlYXJjaFRleHQQAhgEIAA,2026-08-20
Warm,Roselle Crown Beauty Centre and Spa,Salon,Sohar,SOCIAL_ONLY,social profile only (www.instagram.com),https://www.instagram.com/rosellecrown?igsh=ODM2ZnVieGRuYzdn,9449 8871,https://maps.google.com/?cid=17961206526197273525&g_mp=Cidnb29nbGUubWFwcy5wbGFjZXMudjEuUGxhY2VzLlNlYXJjaFRleHQQAhgEIAA,2026-08-20
Warm,Saiful Travels Agent & Mobile Shop,Travel & tourism,Barka,SOCIAL_ONLY,social profile only (sites.google.com),https://sites.google.com/view/saifultravelsagency,9554 0712,https://maps.google.com/?cid=579430125451775028&g_mp=Cidnb29nbGUubWFwcy5wbGFjZXMudjEuUGxhY2VzLlNlYXJjaFRleHQQAhgEIAA,2026-08-20
Warm,Salalah tour guide spc,Travel & tourism,Salalah,SOCIAL_ONLY,social profile only (www.instagram.com),https://www.instagram.com/salalah_tour_guide_spc?igsh=MXBlZ3JwMWc0djRsaw==,9298 9289,https://maps.google.com/?cid=4438570425860765141&g_mp=Cidnb29nbGUubWFwcy5wbGFjZXMudjEuUGxhY2VzLlNlYXJjaFRleHQQAhgEIAA,2026-08-20
Warm,Salon magic princess (سحر الاميره للإناقه),Salon,Seeb,SOCIAL_ONLY,social profile only (www.instagram.com),https://www.instagram.com/moloud_magic.princess?igsh=MTYxZHR1dnpucmxyag==&utm_source=qr,9326 8336,https://maps.google.com/?cid=4433271407681873074&g_mp=Cidnb29nbGUubWFwcy5wbGFjZXMudjEuUGxhY2VzLlNlYXJjaFRleHQQAhgEIAA,2026-08-20
Warm,Sama Beauty,Salon,Barka,SOCIAL_ONLY,social profile only (www.instagram.com),https://www.instagram.com/samabeauty90?igsh=ZXZtbXZ2MXo5Z3Jr,7107 7377,https://maps.google.com/?cid=8608961981422531456&g_mp=Cidnb29nbGUubWFwcy5wbGFjZXMudjEuUGxhY2VzLlNlYXJjaFRleHQQAhgEIAA,2026-08-20
Warm,Sama Suhar Hotel Apartments,Real estate,Sohar,SOCIAL_ONLY,social profile only (sites.google.com),https://sites.google.com/view/sama-sohar,9983 0850,https://maps.google.com/?cid=7691637328713774042&g_mp=Cidnb29nbGUubWFwcy5wbGFjZXMudjEuUGxhY2VzLlNlYXJjaFRleHQQAhgEIAA,2026-08-20
Warm,SAS LUXURY REAL ESTATES || ساس الفخامة العقارية,Real estate,Sur,SOCIAL_ONLY,social profile only (www.instagram.com),https://www.instagram.com/sasluxury_om/profilecard/?igsh=bmtza28yNXI3bG42,9602 2088,https://maps.google.com/?cid=5289333263928529485&g_mp=Cidnb29nbGUubWFwcy5wbGFjZXMudjEuUGxhY2VzLlNlYXJjaFRleHQQAhgEIAA,2026-08-20
Warm,Say4 Rent a Car,Car rental,Seeb,SOCIAL_ONLY,social profile only (wa.me),https://wa.me/message/U2SP23PGE6ENN1,7747 9787,https://maps.google.com/?cid=18341878762139777520&g_mp=Cidnb29nbGUubWFwcy5wbGFjZXMudjEuUGxhY2VzLlNlYXJjaFRleHQQAhgEIAA,2026-08-20
Warm,Seeb Sea Tours (Snorkelling in Dimaniyat Islands),Travel & tourism,Seeb,SOCIAL_ONLY,social profile only (wa.me),http://wa.me/96890927774,9092 7774,https://maps.google.com/?cid=9023319726233367288&g_mp=Cidnb29nbGUubWFwcy5wbGFjZXMudjEuUGxhY2VzLlNlYXJjaFRleHQQAhgEIAA,2026-08-20
Warm,Seventeen Fitness Club,Gym,Muscat,SOCIAL_ONLY,social profile only (instagram.com),https://instagram.com/seventeen.fitness.club?utm_medium=copy_link,9494 0924,https://maps.google.com/?cid=9509810307796153446&g_mp=Cidnb29nbGUubWFwcy5wbGFjZXMudjEuUGxhY2VzLlNlYXJjaFRleHQQAhgEIAA,2026-08-20
Warm,Shawahq Salalah Restaurant,Restaurant,Salalah,SOCIAL_ONLY,social profile only (instagram.com),https://instagram.com/malik_almadghout?utm_source=qr&igshid=NGExMmI2YTkyZg%3D%3D,9482 8000,https://maps.google.com/?cid=9326541885163810348&g_mp=Cidnb29nbGUubWFwcy5wbGFjZXMudjEuUGxhY2VzLlNlYXJjaFRleHQQAhgEIAA,2026-08-20
Warm,Sister's Dental Clinic,Dental clinic,Sur,SOCIAL_ONLY,social profile only (www.facebook.com),https://www.facebook.com/Sisters-Beauty-Center-Laser-Dental-Clinic-321339558052223/,24 605116,https://maps.google.com/?cid=10813742311449956302&g_mp=Cidnb29nbGUubWFwcy5wbGFjZXMudjEuUGxhY2VzLlNlYXJjaFRleHQQAhgEIAA,2026-08-20
Warm,sky gym sohar,Gym,Sohar,SOCIAL_ONLY,social profile only (instagram.com),https://instagram.com/skygymofficialaccount?igshid=MzRlODBiNWFlZA==,9973 5017,https://maps.google.com/?cid=4653160900939119779&g_mp=Cidnb29nbGUubWFwcy5wbGFjZXMudjEuUGxhY2VzLlNlYXJjaFRleHQQAhgEIAA,2026-08-20
Warm,Skytogo Travel & Tours,Travel & tourism,Seeb,SOCIAL_ONLY,social profile only (www.instagram.com),https://www.instagram.com/skytogo.travels?igsh=MWtxeGcxOXJiYXh3Mw==,9170 0443,https://maps.google.com/?cid=893338361036552398&g_mp=Cidnb29nbGUubWFwcy5wbGFjZXMudjEuUGxhY2VzLlNlYXJjaFRleHQQAhgEIAA,2026-08-20
Warm,Sohar Restaurant,Restaurant,Sohar,SOCIAL_ONLY,social profile only (instagram.com),https://instagram.com/restaurant_sohar?utm_medium=copy_link,9703 6009,https://maps.google.com/?cid=17284988905928700074&g_mp=Cidnb29nbGUubWFwcy5wbGFjZXMudjEuUGxhY2VzLlNlYXJjaFRleHQQAhgEIAA,2026-08-20
Warm,"SON World Company Salalah, Oman",Trading company,Salalah,SOCIAL_ONLY,social profile only (www.facebook.com),https://www.facebook.com/Sbm0fficial,,https://maps.google.com/?cid=8035400934342217587&g_mp=Cidnb29nbGUubWFwcy5wbGFjZXMudjEuUGxhY2VzLlNlYXJjaFRleHQQAhgEIAA,2026-08-20
Warm,Spa Station,Salon,Nizwa,SOCIAL_ONLY,social profile only (instagram.com),https://instagram.com/spastation.om?igshid=YmMyMTA2M2Y=,9391 2999,https://maps.google.com/?cid=6122760434837705080&g_mp=Cidnb29nbGUubWFwcy5wbGFjZXMudjEuUGxhY2VzLlNlYXJjaFRleHQQAhgEIAA,2026-08-20
Warm,Spaks Italian Restaurant - سباكس مطعم إيطالي,Restaurant,Nizwa,SOCIAL_ONLY,social profile only (instagram.com),https://instagram.com/spaks.om,7919 9278,https://maps.google.com/?cid=12823616395991334667&g_mp=Cidnb29nbGUubWFwcy5wbGFjZXMudjEuUGxhY2VzLlNlYXJjaFRleHQQAhgEIAA,2026-08-20
Warm,speed rent a car,Car rental,Salalah,SOCIAL_ONLY,social profile only (instagram.com),https://instagram.com/speed_car_rentalsll?igshid=NTc4MTIwNjQ2YQ==,9969 8560,https://maps.google.com/?cid=17723779811683474393&g_mp=Cidnb29nbGUubWFwcy5wbGFjZXMudjEuUGxhY2VzLlNlYXJjaFRleHQQAhgEIAA,2026-08-20
Warm,Speed Rent Car Salalah Oman,Car rental,Salalah,SOCIAL_ONLY,social profile only (www.instagram.com),https://www.instagram.com/speed_car_rentalsll?igsh=cnYzbzR6bnR2cGo0,7262 1545,https://maps.google.com/?cid=7449346846128616919&g_mp=Cidnb29nbGUubWFwcy5wbGFjZXMudjEuUGxhY2VzLlNlYXJjaFRleHQQAhgEIAA,2026-08-20
Warm,Sree Saravana's Vegetarian Restaurant (SSR),Restaurant,Ruwi,SOCIAL_ONLY,social profile only (sites.google.com),https://sites.google.com/view/sreesaravanasrestaurant/home,24 784088,https://maps.google.com/?cid=13331913677203821482&g_mp=Cidnb29nbGUubWFwcy5wbGFjZXMudjEuUGxhY2VzLlNlYXJjaFRleHQQAhgEIAA,2026-08-20
Warm,Strong Era Fitness Studio,Gym,Muscat,SOCIAL_ONLY,social profile only (www.instagram.com),https://www.instagram.com/strongera_fit?igsh=MTF6cTk3MnR2dm5kcQ==,7110 5384,https://maps.google.com/?cid=1764835857940568878&g_mp=Cidnb29nbGUubWFwcy5wbGFjZXMudjEuUGxhY2VzLlNlYXJjaFRleHQQAhgEIAA,2026-08-20
Warm,Studio 3 beauty lounge,Salon,Al Khuwair,SOCIAL_ONLY,social profile only (www.instagram.com),https://www.instagram.com/studio3.beauty/,9282 0027,https://maps.google.com/?cid=13012420120859592826&g_mp=Cidnb29nbGUubWFwcy5wbGFjZXMudjEuUGxhY2VzLlNlYXJjaFRleHQQAhgEIAA,2026-08-20
Warm,Studio Bless Beauty Therapy,Salon,Muscat,SOCIAL_ONLY,social profile only (www.instagram.com),https://www.instagram.com/studioblessbeautytherapy2024?igsh=cDZnenA0c3Q4Zmkx,9850 1838,https://maps.google.com/?cid=15220449780419547391&g_mp=Cidnb29nbGUubWFwcy5wbGFjZXMudjEuUGxhY2VzLlNlYXJjaFRleHQQAhgEIAA,2026-08-20
Warm,Sulit Hair & Spa,Salon,Muscat,SOCIAL_ONLY,social profile only (www.instagram.com),https://www.instagram.com/sulithairspa?igsh=ZXB4MjduaXduNDl3,9099 9003,https://maps.google.com/?cid=12458758434403851777&g_mp=Cidnb29nbGUubWFwcy5wbGFjZXMudjEuUGxhY2VzLlNlYXJjaFRleHQQAhgEIAA,2026-08-20
Warm,SUR PRIVATE SCHOOL,Private school,Sur,SOCIAL_ONLY,social profile only (www.instagram.com),https://www.instagram.com/surprivateschool,25 542171,https://maps.google.com/?cid=4200575814707029032&g_mp=Cidnb29nbGUubWFwcy5wbGFjZXMudjEuUGxhY2VzLlNlYXJjaFRleHQQAhgEIAA,2026-08-20
Warm,Suraya Beauty Point Salon & Spa Sahnawt ثريا نقطة الجمال صالون و سبا صحنوت,Salon,Salalah,SOCIAL_ONLY,social profile only (www.instagram.com),https://www.instagram.com/surayabeautypointsalon.1?igsh=Y2gwMHlzMmtiYW42&utm_source=qr,9223 0953,https://maps.google.com/?cid=16416838410894831646&g_mp=Cidnb29nbGUubWFwcy5wbGFjZXMudjEuUGxhY2VzLlNlYXJjaFRleHQQAhgEIAA,2026-08-20
Warm,Suraya Beauty Point Salon ثریا نقطة الجمال صالون,Salon,Salalah,SOCIAL_ONLY,social profile only (www.instagram.com),https://www.instagram.com/surayabeautypointsalon.1?igsh=Y2gwMHlzMmtiYW42&utm_source=qr,9223 0953,https://maps.google.com/?cid=3815519565387271777&g_mp=Cidnb29nbGUubWFwcy5wbGFjZXMudjEuUGxhY2VzLlNlYXJjaFRleHQQAhgEIAA,2026-08-20
Warm,Tabarak Properties,Real estate,Muscat,SOCIAL_ONLY,social profile only (instagram.com),https://instagram.com/tabarakproperties?r=nametag,7111 6920,https://maps.google.com/?cid=4831727326157145564&g_mp=Cidnb29nbGUubWFwcy5wbGFjZXMudjEuUGxhY2VzLlNlYXJjaFRleHQQAhgEIAA,2026-08-20
Warm,Takara Muscat,Restaurant,Muscat,SOCIAL_ONLY,social profile only (www.instagram.com),https://www.instagram.com/takaramuscat/,22 060003,https://maps.google.com/?cid=7668136143687145749&g_mp=Cidnb29nbGUubWFwcy5wbGFjZXMudjEuUGxhY2VzLlNlYXJjaFRleHQQAhgEIAA,2026-08-20
Warm,TAMS Studio,Gym,Sur,SOCIAL_ONLY,social profile only (instagram.com),https://instagram.com/tams.om?utm_medium=copy_link,7111 2510,https://maps.google.com/?cid=15789795285475840532&g_mp=Cidnb29nbGUubWFwcy5wbGFjZXMudjEuUGxhY2VzLlNlYXJjaFRleHQQAhgEIAA,2026-08-20
Warm,Tandoori - تندوري,Restaurant,Barka,SOCIAL_ONLY,social profile only (www.instagram.com),https://www.instagram.com/tandoori.om?igsh=MThucmJhZzhrbWxkYg==,7411 9328,https://maps.google.com/?cid=12334655583939670037&g_mp=Cidnb29nbGUubWFwcy5wbGFjZXMudjEuUGxhY2VzLlNlYXJjaFRleHQQAhgEIAA,2026-08-20
Warm,Taste And See Restaurant,Restaurant,Salalah,SOCIAL_ONLY,social profile only (www.instagram.com),https://www.instagram.com/taste_and.see,9390 9257,https://maps.google.com/?cid=17785343098311563212&g_mp=Cidnb29nbGUubWFwcy5wbGFjZXMudjEuUGxhY2VzLlNlYXJjaFRleHQQAhgEIAA,2026-08-20
Warm,The Biggest Ladies & Gents Gym Ruwi,Gym,Muscat,SOCIAL_ONLY,social profile only (www.instagram.com),https://www.instagram.com/the_biggest_gym_oman/,7910 1073,https://maps.google.com/?cid=10098707776138458042&g_mp=Cidnb29nbGUubWFwcy5wbGFjZXMudjEuUGxhY2VzLlNlYXJjaFRleHQQAhgEIAA,2026-08-20
Warm,The Wave Private School مدرسة الموج الخاصة,Private school,Seeb,SOCIAL_ONLY,social profile only (m.facebook.com),https://m.facebook.com/TheWavePrivateSchool/,9800 0773,https://maps.google.com/?cid=9528162542704853678&g_mp=Cidnb29nbGUubWFwcy5wbGFjZXMudjEuUGxhY2VzLlNlYXJjaFRleHQQAhgEIAA,2026-08-20
Warm,Tijan Medical Clinics. عيادات تيجان الطبية,Medical clinic,Muscat,SOCIAL_ONLY,social profile only (www.instagram.com),https://www.instagram.com/tijanclinics/,9899 9053,https://maps.google.com/?cid=14524133842565609393&g_mp=Cidnb29nbGUubWFwcy5wbGFjZXMudjEuUGxhY2VzLlNlYXJjaFRleHQQAhgEIAA,2026-08-20
Warm,Titan Fitness Club نادي اللياقة البدنية تیتان,Gym,Muscat,SOCIAL_ONLY,social profile only (www.instagram.com),https://www.instagram.com/titan.ems.oman/profilecard/?igsh=MWJxaG84ZnoxaDFjZw==,9696 6465,https://maps.google.com/?cid=15743884071261830951&g_mp=Cidnb29nbGUubWFwcy5wbGFjZXMudjEuUGxhY2VzLlNlYXJjaFRleHQQAhgEIAA,2026-08-20
Warm,TN 45 Restaurant & Cafe,Restaurant,Sur,SOCIAL_ONLY,social profile only (www.instagram.com),https://www.instagram.com/tn_45_restaurant_?igsh=Yzlsc250YnM1cDE5,9240 7027,https://maps.google.com/?cid=17160559506824821535&g_mp=Cidnb29nbGUubWFwcy5wbGFjZXMudjEuUGxhY2VzLlNlYXJjaFRleHQQAhgEIAA,2026-08-20
Warm,TopMed clinics عيادات توب مد,Medical clinic,Salalah,SOCIAL_ONLY,social profile only (www.instagram.com),https://www.instagram.com/dr.mohammad_m_kh/,9955 2008,https://maps.google.com/?cid=2503452107866958049&g_mp=Cidnb29nbGUubWFwcy5wbGFjZXMudjEuUGxhY2VzLlNlYXJjaFRleHQQAhgEIAA,2026-08-20
Warm,Travella By Middle East Wings,Travel & tourism,Muscat,SOCIAL_ONLY,social profile only (www.instagram.com),https://www.instagram.com/travella_om/,9564 0009,https://maps.google.com/?cid=6828778097137611301&g_mp=Cidnb29nbGUubWFwcy5wbGFjZXMudjEuUGxhY2VzLlNlYXJjaFRleHQQAhgEIAA,2026-08-20
Warm,Tribes Men's Spa and Salon ( Boshar),Salon,Muscat,SOCIAL_ONLY,social profile only (www.instagram.com),https://www.instagram.com/tribesoman?igsh=czRpODczMXRraXNl,9738 7797,https://maps.google.com/?cid=10332594695610563680&g_mp=Cidnb29nbGUubWFwcy5wbGFjZXMudjEuUGxhY2VzLlNlYXJjaFRleHQQAhgEIAA,2026-08-20
Warm,Tulip Spa,Salon,Nizwa,SOCIAL_ONLY,social profile only (www.instagram.com),https://www.instagram.com/p/BSisxeAhb65/,9729 7203,https://maps.google.com/?cid=621463716377051156&g_mp=Cidnb29nbGUubWFwcy5wbGFjZXMudjEuUGxhY2VzLlNlYXJjaFRleHQQAhgEIAA,2026-08-20
Warm,TUNISIAN SCHOOL Muscat المدرسة التونسية بمسقط,Private school,Muscat,SOCIAL_ONLY,social profile only (www.facebook.com),https://www.facebook.com/profile.php?id=100063836251533,9812 1014,https://maps.google.com/?cid=15354653366892368149&g_mp=Cidnb29nbGUubWFwcy5wbGFjZXMudjEuUGxhY2VzLlNlYXJjaFRleHQQAhgEIAA,2026-08-20
Warm,Turath Al Mandi Restaurant,Restaurant,Nizwa,SOCIAL_ONLY,social profile only (instagram.com),https://instagram.com/turathalmand?igshid=YmMyMTA2M2Y=,9022 9779,https://maps.google.com/?cid=883782719073915723&g_mp=Cidnb29nbGUubWFwcy5wbGFjZXMudjEuUGxhY2VzLlNlYXJjaFRleHQQAhgEIAA,2026-08-20
Warm,Turkish Diwan Restaurant,Restaurant,Al Khuwair,SOCIAL_ONLY,social profile only (www.facebook.com),https://www.facebook.com/turkishdiwan/,24 486957,https://maps.google.com/?cid=14172298859497127003&g_mp=Cidnb29nbGUubWFwcy5wbGFjZXMudjEuUGxhY2VzLlNlYXJjaFRleHQQAhgEIAA,2026-08-20
Warm,Urbano Bistro Al Araimi Boulevard مطعم اوربانو بيسترو العريمي بوليفارد,Restaurant,Seeb,SOCIAL_ONLY,social profile only (www.instagram.com),https://www.instagram.com/urbano.om/,9692 7119,https://maps.google.com/?cid=10765323198456606859&g_mp=Cidnb29nbGUubWFwcy5wbGFjZXMudjEuUGxhY2VzLlNlYXJjaFRleHQQAhgEIAA,2026-08-20
Warm,Vasanta Bhavan Sohar,Restaurant,Sohar,SOCIAL_ONLY,social profile only (www.facebook.com),https://www.facebook.com/vasantabhavanoman?mibextid=LQQJ4d,7921 3211,https://maps.google.com/?cid=8587043446059796732&g_mp=Cidnb29nbGUubWFwcy5wbGFjZXMudjEuUGxhY2VzLlNlYXJjaFRleHQQAhgEIAA,2026-08-20
Warm,Velvet Rose Beauty,Salon,Muscat,SOCIAL_ONLY,social profile only (fb.me),https://fb.me/VelvetRoseSalon,7171 7505,https://maps.google.com/?cid=8161690075232252301&g_mp=Cidnb29nbGUubWFwcy5wbGFjZXMudjEuUGxhY2VzLlNlYXJjaFRleHQQAhgEIAA,2026-08-20
Warm,Vibes Hair & Beauty Salon,Salon,Muscat,SOCIAL_ONLY,social profile only (instagram.com),https://instagram.com/vibeshairandbeauty?igshid=OGQ5ZDc2ODk2ZA==,9962 0537,https://maps.google.com/?cid=13899921794001456325&g_mp=Cidnb29nbGUubWFwcy5wbGFjZXMudjEuUGxhY2VzLlNlYXJjaFRleHQQAhgEIAA,2026-08-20
Warm,VICTORIA LAKE TRADING & CONT.ENT.LLC,Trading company,Muscat,SOCIAL_ONLY,social profile only (wa.me),http://wa.me/96895419544,9541 9544,https://maps.google.com/?cid=232844768693958208&g_mp=Cidnb29nbGUubWFwcy5wbGFjZXMudjEuUGxhY2VzLlNlYXJjaFRleHQQAhgEIAA,2026-08-20
Warm,Viewsonic Fitness,Gym,Ruwi,SOCIAL_ONLY,social profile only (www.instagram.com),https://www.instagram.com/viewsonic.om?igsh=MTlxeXp2bm9nbjltcA==,7881 7711,https://maps.google.com/?cid=15055310667603099753&g_mp=Cidnb29nbGUubWFwcy5wbGFjZXMudjEuUGxhY2VzLlNlYXJjaFRleHQQAhgEIAA,2026-08-20
Warm,Vitamin Gym,Gym,Sohar,SOCIAL_ONLY,social profile only (instagram.com),https://instagram.com/vitamingym_sohar_oman?igshid=YmMyMTA2M2Y=,9469 4982,https://maps.google.com/?cid=4949464760658514504&g_mp=Cidnb29nbGUubWFwcy5wbGFjZXMudjEuUGxhY2VzLlNlYXJjaFRleHQQAhgEIAA,2026-08-20
Warm,VOF Gym (Voice Of Fitness),Gym,Muscat,SOCIAL_ONLY,social profile only (www.instagram.com),https://www.instagram.com/vofgym?igsh=MWdqdWRmcmhob3dpcw==,9399 1363,https://maps.google.com/?cid=12710442525462153932&g_mp=Cidnb29nbGUubWFwcy5wbGFjZXMudjEuUGxhY2VzLlNlYXJjaFRleHQQAhgEIAA,2026-08-20
Warm,Wadhha Beauty Spa - Al Mouj,Salon,Seeb,SOCIAL_ONLY,social profile only (l.instagram.com),https://l.instagram.com/?u=https://linktr.ee/Wadhha_beauty_spa&e=ATMM2YZ9u2ADFFrVoxq3NypFy3zMpOq8-08mGQZf3pdpE8-aZn1qlziofR9BD5bylgIjSiRCuJLHMBH-VIXesFIedS_HY9aZMkG2Mw&s=1,9539 0400,https://maps.google.com/?cid=11157090469009460241&g_mp=Cidnb29nbGUubWFwcy5wbGFjZXMudjEuUGxhY2VzLlNlYXJjaFRleHQQAhgEIAA,2026-08-20
Warm,Wardat Al Batna Trading L.L.C.,Trading company,Barka,SOCIAL_ONLY,social profile only (sites.google.com),https://sites.google.com/wardatalbatna.com/wardatalbatna,9207 0323,https://maps.google.com/?cid=17896197328924457116&g_mp=Cidnb29nbGUubWFwcy5wbGFjZXMudjEuUGxhY2VzLlNlYXJjaFRleHQQAhgEIAA,2026-08-20
Warm,Wasl Real Estate,Real estate,Seeb,SOCIAL_ONLY,social profile only (sites.google.com),https://sites.google.com/view/wsel/home?authuser=0,9610 0300,https://maps.google.com/?cid=13410255475632949176&g_mp=Cidnb29nbGUubWFwcy5wbGFjZXMudjEuUGxhY2VzLlNlYXJjaFRleHQQAhgEIAA,2026-08-20
Warm,Wawan Gym Alhail,Gym,Seeb,SOCIAL_ONLY,social profile only (www.instagram.com),https://www.instagram.com/wawangym_oman?igsh=MTdvNGxqZDYyaDNyZA==,7840 0777,https://maps.google.com/?cid=14854157833030903133&g_mp=Cidnb29nbGUubWFwcy5wbGFjZXMudjEuUGxhY2VzLlNlYXJjaFRleHQQAhgEIAA,2026-08-20
Warm,Wignature beauty Salon,Salon,Seeb,SOCIAL_ONLY,social profile only (www.instagram.com),https://www.instagram.com/wignature_salon?igsh=Z2c1aG42Y2hrZDN5,9020 0029,https://maps.google.com/?cid=12699384396778654651&g_mp=Cidnb29nbGUubWFwcy5wbGFjZXMudjEuUGxhY2VzLlNlYXJjaFRleHQQAhgEIAA,2026-08-20
Warm,âme spa,Salon,Seeb,SOCIAL_ONLY,social profile only (instagram.com),https://instagram.com/amespa.om?igshid=MzRlODBiNWFlZA==,9696 3244,https://maps.google.com/?cid=7106680865005128237&g_mp=Cidnb29nbGUubWFwcy5wbGFjZXMudjEuUGxhY2VzLlNlYXJjaFRleHQQAhgEIAA,2026-08-20
Warm,أرطغرل غازي Ertugrul Gazi,Restaurant,Seeb,SOCIAL_ONLY,social profile only (linktr.ee),https://linktr.ee/Ertugrul_gazi_om,9696 1755,https://maps.google.com/?cid=9602090088124491800&g_mp=Cidnb29nbGUubWFwcy5wbGFjZXMudjEuUGxhY2VzLlNlYXJjaFRleHQQAhgEIAA,2026-08-20
Warm,أماكن للسفر والسياحة الدولية Amaken Travel & Tourism International,Travel & tourism,Al Khuwair,SOCIAL_ONLY,social profile only (instagram.com),https://instagram.com/amakenholidays?igshid=MmIzYWVlNDQ5Yg==,9355 8822,https://maps.google.com/?cid=3626569245029667630&g_mp=Cidnb29nbGUubWFwcy5wbGFjZXMudjEuUGxhY2VzLlNlYXJjaFRleHQQAhgEIAA,2026-08-20
Warm,الأصداف للوساطة العقارية عقارات ولاية صور و سلطنة عمان,Real estate,Sur,SOCIAL_ONLY,social profile only (www.instagram.com),https://www.instagram.com/alasdaf_surbroker?igsh=MTYzenNsNmk5Ym1vMQ==,9407 8330,https://maps.google.com/?cid=10500750442958324516&g_mp=Cidnb29nbGUubWFwcy5wbGFjZXMudjEuUGxhY2VzLlNlYXJjaFRleHQQAhgEIAA,2026-08-20
Warm,التشكيلات الرائدة لتأجير السيارات - فرع صحار | AL Tashkeelat Al Raida For Car Rental - Sohar Branch,Car rental,Sohar,SOCIAL_ONLY,social profile only (www.instagram.com),https://www.instagram.com/tashkeelat_rentcar/,7676 0888,https://maps.google.com/?cid=16622846778870453171&g_mp=Cidnb29nbGUubWFwcy5wbGFjZXMudjEuUGxhY2VzLlNlYXJjaFRleHQQAhgEIAA,2026-08-20
Warm,الذهبي بيوتي,Salon,Barka,SOCIAL_ONLY,social profile only (linktr.ee),https://linktr.ee/aldahabi_beauty,7504 5017,https://maps.google.com/?cid=2190467450364578614&g_mp=Cidnb29nbGUubWFwcy5wbGFjZXMudjEuUGxhY2VzLlNlYXJjaFRleHQQAhgEIAA,2026-08-20
Warm,الرباط للخدمات العقارية,Real estate,Salalah,SOCIAL_ONLY,social profile only (instagram.com),https://instagram.com/rabat_services?igshid=YmMyMTA2M2Y=,9384 8686,https://maps.google.com/?cid=11490976419912280179&g_mp=Cidnb29nbGUubWFwcy5wbGFjZXMudjEuUGxhY2VzLlNlYXJjaFRleHQQAhgEIAA,2026-08-20
Warm,الظافر لطب الأسنان AL DHAFEER DENTAL CLINIC,Dental clinic,Sohar,SOCIAL_ONLY,social profile only (www.instagram.com),https://www.instagram.com/al_dhafer_dental1?igsh=MXV4eG1wbW95OWtrdg==,9126 0605,https://maps.google.com/?cid=10289243078768764164&g_mp=Cidnb29nbGUubWFwcy5wbGFjZXMudjEuUGxhY2VzLlNlYXJjaFRleHQQAhgEIAA,2026-08-20
Warm,العيادة العصرية لطب الأسنان,Dental clinic,Seeb,SOCIAL_ONLY,social profile only (www.instagram.com),https://www.instagram.com/alasriya2021,24 544715,https://maps.google.com/?cid=3595390750065846234&g_mp=Cidnb29nbGUubWFwcy5wbGFjZXMudjEuUGxhY2VzLlNlYXJjaFRleHQQAhgEIAA,2026-08-20
Warm,المجموعة الذهبية للسيارات,Car rental,Nizwa,SOCIAL_ONLY,social profile only (wa.me),https://wa.me/96896976993336,9200 4509,https://maps.google.com/?cid=15079465971569065730&g_mp=Cidnb29nbGUubWFwcy5wbGFjZXMudjEuUGxhY2VzLlNlYXJjaFRleHQQAhgEIAA,2026-08-20
Warm,بثينة لاونج,Salon,Barka,SOCIAL_ONLY,social profile only (www.instagram.com),https://www.instagram.com/buthaina_lounge?igsh=NDc5OTUxNGt1cWdm&utm_source=qr,9966 0085,https://maps.google.com/?cid=13317355079291429433&g_mp=Cidnb29nbGUubWFwcy5wbGFjZXMudjEuUGxhY2VzLlNlYXJjaFRleHQQAhgEIAA,2026-08-20
Warm,بيلو سبا صلالة | Bello Beauty and Spa,Salon,Salalah,SOCIAL_ONLY,social profile only (instagram.com),https://instagram.com/bello.spa.sll?utm_medium=copy_link,23 225522,https://maps.google.com/?cid=11226907317613367777&g_mp=Cidnb29nbGUubWFwcy5wbGFjZXMudjEuUGxhY2VzLlNlYXJjaFRleHQQAhgEIAA,2026-08-20
Warm,توكل لتأجير السيارات Tawakl rent car,Car rental,Muscat,SOCIAL_ONLY,social profile only (www.instagram.com),https://www.instagram.com/tawakl.om?igsh=cXlkOXRiNml6cGp5&utm_source=qr,9785 8826,https://maps.google.com/?cid=5341474131186212877&g_mp=Cidnb29nbGUubWFwcy5wbGFjZXMudjEuUGxhY2VzLlNlYXJjaFRleHQQAhgEIAA,2026-08-20
Warm,توليفة البيت Toliphat Albait,Restaurant,Seeb,SOCIAL_ONLY,social profile only (instagram.com),https://instagram.com/toliphat.albait?utm_medium=copy_link,9177 3933,https://maps.google.com/?cid=11387155842445837673&g_mp=Cidnb29nbGUubWFwcy5wbGFjZXMudjEuUGxhY2VzLlNlYXJjaFRleHQQAhgEIAA,2026-08-20
Warm,جيم ايرون فتنس النسائي /GYM IRON FITNESS,Gym,Sohar,SOCIAL_ONLY,social profile only (www.instagram.com),https://www.instagram.com/byironfitness?igsh=MXZmdWY2cjMxeWdpag==&utm_source=qr,7722 2793,https://maps.google.com/?cid=6765053592798185935&g_mp=Cidnb29nbGUubWFwcy5wbGFjZXMudjEuUGxhY2VzLlNlYXJjaFRleHQQAhgEIAA,2026-08-20
Warm,دكتور براكاش ، عيادة فالكون لطب الأسنان - بركاء falcon dental clinic,Medical clinic,Barka,SOCIAL_ONLY,social profile only (www.instagram.com),https://www.instagram.com/falcondentalcenter_oman?igsh=d211Y3NueHIyaHQ0,7111 6455,https://maps.google.com/?cid=11180432271242485561&g_mp=Cidnb29nbGUubWFwcy5wbGFjZXMudjEuUGxhY2VzLlNlYXJjaFRleHQQAhgEIAA,2026-08-20
Warm,"روضة أشبال ظفار الخاصة || Dhofar Cubs Private School for Early Education ""Kindergarten""",Private school,Salalah,SOCIAL_ONLY,social profile only (www.instagram.com),https://www.instagram.com/ashbaldofar?igsh=cTlycmxkcG4yZWZ1,9240 3661,https://maps.google.com/?cid=16843423231988990447&g_mp=Cidnb29nbGUubWFwcy5wbGFjZXMudjEuUGxhY2VzLlNlYXJjaFRleHQQAhgEIAA,2026-08-20
Warm,سـاس العقارية | SAAS Real Estate,Real estate,Seeb,SOCIAL_ONLY,social profile only (wa.me),http://wa.me/96879973399,7997 3399,https://maps.google.com/?cid=2674136268465232767&g_mp=Cidnb29nbGUubWFwcy5wbGFjZXMudjEuUGxhY2VzLlNlYXJjaFRleHQQAhgEIAA,2026-08-20
Warm,شاورما ١٩٠,Restaurant,Seeb,SOCIAL_ONLY,social profile only (instagram.com),https://instagram.com/shawarma190.om?igshid=YmMyMTA2M2Y=,9618 0188,https://maps.google.com/?cid=14487495451913639364&g_mp=Cidnb29nbGUubWFwcy5wbGFjZXMudjEuUGxhY2VzLlNlYXJjaFRleHQQAhgEIAA,2026-08-20
Warm,شركة إرادة للخدمات العقارية وتطوير المشاريع,Real estate,Barka,SOCIAL_ONLY,social profile only (instagram.com),https://instagram.com/eradah_er_?utm_medium=copy_link,9984 5882,https://maps.google.com/?cid=1441979189666317302&g_mp=Cidnb29nbGUubWFwcy5wbGFjZXMudjEuUGxhY2VzLlNlYXJjaFRleHQQAhgEIAA,2026-08-20
Warm,صالون اسور الهناء للتجميل سلطنة عمان ولاية صور ٩٤٢٢٢٩١٠,Salon,Sur,SOCIAL_ONLY,social profile only (instagram.com),https://instagram.com/aswar.alhana?igshid=OGQ5ZDc2ODk2ZA==,9422 2910,https://maps.google.com/?cid=4610193983940572740&g_mp=Cidnb29nbGUubWFwcy5wbGFjZXMudjEuUGxhY2VzLlNlYXJjaFRleHQQAhgEIAA,2026-08-20
Warm,صالون الجمال المذهل - ibeauty Salon,Salon,Nizwa,SOCIAL_ONLY,social profile only (www.instagram.com),https://www.instagram.com/invites/contact/?i=15qbr9m7o960&utm_content=9tozscp,9099 9817,https://maps.google.com/?cid=2264395649498670327&g_mp=Cidnb29nbGUubWFwcy5wbGFjZXMudjEuUGxhY2VzLlNlYXJjaFRleHQQAhgEIAA,2026-08-20
Warm,صالون برنسس ميم سبا mem princess spa,Salon,Barka,SOCIAL_ONLY,social profile only (linktr.ee),https://linktr.ee/mem_princess_spa,9892 2285,https://maps.google.com/?cid=1737272960454481658&g_mp=Cidnb29nbGUubWFwcy5wbGFjZXMudjEuUGxhY2VzLlNlYXJjaFRleHQQAhgEIAA,2026-08-20
Warm,صالون ذا ناين بيوتيThenine beauty,Salon,Salalah,SOCIAL_ONLY,social profile only (www.instagram.com),https://www.instagram.com/thenine_beauty?igsh=MTJqcnNmd2xjN3NoNQ==,9791 9444,https://maps.google.com/?cid=271820558868377938&g_mp=Cidnb29nbGUubWFwcy5wbGFjZXMudjEuUGxhY2VzLlNlYXJjaFRleHQQAhgEIAA,2026-08-20
Warm,صالون لي سبا للسيدات Le Spa Ladies Salon,Salon,Sohar,SOCIAL_ONLY,social profile only (www.instagram.com),https://www.instagram.com/lespa.ladies/,7222 0574,https://maps.google.com/?cid=3101182851241798643&g_mp=Cidnb29nbGUubWFwcy5wbGFjZXMudjEuUGxhY2VzLlNlYXJjaFRleHQQAhgEIAA,2026-08-20
Warm,صالون مركز الشموس Suns Beauty Salon,Salon,Al Khuwair,SOCIAL_ONLY,social profile only (wa.me),http://wa.me/96878405277,24 992479,https://maps.google.com/?cid=6476191505146401597&g_mp=Cidnb29nbGUubWFwcy5wbGFjZXMudjEuUGxhY2VzLlNlYXJjaFRleHQQAhgEIAA,2026-08-20
Warm,صالون مس بيوتي Miss Beauty Salon,Salon,Muscat,SOCIAL_ONLY,social profile only (www.instagram.com),https://www.instagram.com/miss.beauty.oman/,9655 6128,https://maps.google.com/?cid=11902568298916172183&g_mp=Cidnb29nbGUubWFwcy5wbGFjZXMudjEuUGxhY2VzLlNlYXJjaFRleHQQAhgEIAA,2026-08-20
Warm,عربات الحارة Tour carts,Travel & tourism,Nizwa,SOCIAL_ONLY,social profile only (www.instagram.com),https://www.instagram.com/tourcarts,9968 7711,https://maps.google.com/?cid=8046275811313088453&g_mp=Cidnb29nbGUubWFwcy5wbGFjZXMudjEuUGxhY2VzLlNlYXJjaFRleHQQAhgEIAA,2026-08-20
Warm,عيادات دايموند الطبية صحار Diamond medical clinics sohar,Medical clinic,Sohar,SOCIAL_ONLY,social profile only (www.instagram.com),https://www.instagram.com/diamond.medical.sohar/,7772 0038,https://maps.google.com/?cid=5571950986771728663&g_mp=Cidnb29nbGUubWFwcy5wbGFjZXMudjEuUGxhY2VzLlNlYXJjaFRleHQQAhgEIAA,2026-08-20
Warm,عيادة اسنان الدكتورة نوار المسلط,Dental clinic,Seeb,SOCIAL_ONLY,social profile only (instagram.com),https://instagram.com/dr.nawar_almuslet?igshid=NGExMmI2YTkyZg==,7887 0166,https://maps.google.com/?cid=11537414826153133979&g_mp=Cidnb29nbGUubWFwcy5wbGFjZXMudjEuUGxhY2VzLlNlYXJjaFRleHQQAhgEIAA,2026-08-20
Warm,لؤلؤة بركاء للخدمات العقارية,Real estate,Barka,SOCIAL_ONLY,social profile only (instagram.com),https://instagram.com/lulutbarka_res?igshid=vuw83v0p0u7f,9677 7881,https://maps.google.com/?cid=9558332224295647541&g_mp=Cidnb29nbGUubWFwcy5wbGFjZXMudjEuUGxhY2VzLlNlYXJjaFRleHQQAhgEIAA,2026-08-20
Warm,لمسة الحضارة للتأجير السيارات المركز الرئيسي,Car rental,Muscat,SOCIAL_ONLY,social profile only (wa.me),https://wa.me/message/UQDTVFFTALWQG1,9986 9222,https://maps.google.com/?cid=16295153632458477118&g_mp=Cidnb29nbGUubWFwcy5wbGFjZXMudjEuUGxhY2VzLlNlYXJjaFRleHQQAhgEIAA,2026-08-20
Warm,مجمع أم القرى الطبي Umalqura Polyclinic,Medical clinic,Barka,SOCIAL_ONLY,social profile only (www.instagram.com),https://www.instagram.com/umalqura_polyclinic,7947 0050,https://maps.google.com/?cid=7343068720265267809&g_mp=Cidnb29nbGUubWFwcy5wbGFjZXMudjEuUGxhY2VzLlNlYXJjaFRleHQQAhgEIAA,2026-08-20
Warm,مدرسة العهد الحديث الخاصة,Private school,Barka,SOCIAL_ONLY,social profile only (instagram.com),https://instagram.com/moderneraschool?igshid=NDc0ODY0MjQ=,9339 2020,https://maps.google.com/?cid=6074922065769054700&g_mp=Cidnb29nbGUubWFwcy5wbGFjZXMudjEuUGxhY2VzLlNlYXJjaFRleHQQAhgEIAA,2026-08-20
Warm,مدرسة الفراهيدي الخاصة,Private school,Barka,SOCIAL_ONLY,social profile only (www.instagram.com),https://www.instagram.com/alfarahidi.private.school?igsh=MTduYzhkem9sb2V6cw,9925 5534,https://maps.google.com/?cid=4557915289899796563&g_mp=Cidnb29nbGUubWFwcy5wbGFjZXMudjEuUGxhY2VzLlNlYXJjaFRleHQQAhgEIAA,2026-08-20
Warm,مدرسة المروج الخضراء لتعليم القرآن الكريم الخاصة.,Private school,Barka,SOCIAL_ONLY,social profile only (instagram.com),https://instagram.com/almuruij_alkhadra?utm_medium=copy_link,9128 0714,https://maps.google.com/?cid=11739071074364843592&g_mp=Cidnb29nbGUubWFwcy5wbGFjZXMudjEuUGxhY2VzLlNlYXJjaFRleHQQAhgEIAA,2026-08-20
Warm,مدرسة المعارف الخاصة Almarif Private School,Private school,Salalah,SOCIAL_ONLY,social profile only (sites.google.com),https://sites.google.com/view/almaaref-p-s-salalah/,9945 1129,https://maps.google.com/?cid=16471328144048893344&g_mp=Cidnb29nbGUubWFwcy5wbGFjZXMudjEuUGxhY2VzLlNlYXJjaFRleHQQAhgEIAA,2026-08-20
Warm,مدرسة المعراج الخاصة Al-Maraj private school,Private school,Sohar,SOCIAL_ONLY,social profile only (instagram.com),https://instagram.com/alme3raj.school,9700 8022,https://maps.google.com/?cid=9399174747997852958&g_mp=Cidnb29nbGUubWFwcy5wbGFjZXMudjEuUGxhY2VzLlNlYXJjaFRleHQQAhgEIAA,2026-08-20
Warm,مدرسة براعم صلالة الخاصة | Baraem Salalah Private School,Private school,Salalah,SOCIAL_ONLY,social profile only (instagram.com),https://instagram.com/bspsch?igshid=YmMyMTA2M2Y=,9250 9954,https://maps.google.com/?cid=3058643957898888394&g_mp=Cidnb29nbGUubWFwcy5wbGFjZXMudjEuUGxhY2VzLlNlYXJjaFRleHQQAhgEIAA,2026-08-20
Warm,مدرسة دار المنهل الخاصة,Private school,Sur,SOCIAL_ONLY,social profile only (twitter.com),https://twitter.com/dar_almanhal?lang=ar,25 545999,https://maps.google.com/?cid=15036891575264551414&g_mp=Cidnb29nbGUubWFwcy5wbGFjZXMudjEuUGxhY2VzLlNlYXJjaFRleHQQAhgEIAA,2026-08-20
Warm,مركز أنارا ديرمادنت للجلدية والليزر والأسنان,Medical clinic,Nizwa,SOCIAL_ONLY,social profile only (instagram.com),https://instagram.com/anara.oman,9320 5554,https://maps.google.com/?cid=18344825381595218331&g_mp=Cidnb29nbGUubWFwcy5wbGFjZXMudjEuUGxhY2VzLlNlYXJjaFRleHQQAhgEIAA,2026-08-20
Warm,مركز الخليل الطبي فرع نزوى,Medical clinic,Nizwa,SOCIAL_ONLY,social profile only (instagram.com),https://instagram.com/alkhalil_polyclinic_nizwa?igshid=dTdxMWloZ2owcWt4&utm_source=qr,7171 8138,https://maps.google.com/?cid=18083941392773313544&g_mp=Cidnb29nbGUubWFwcy5wbGFjZXMudjEuUGxhY2VzLlNlYXJjaFRleHQQAhgEIAA,2026-08-20
Warm,مركز بوابة صحار للأسنان,Dental clinic,Sohar,SOCIAL_ONLY,social profile only (www.instagram.com),https://www.instagram.com/sohar_gate_dental_center?igsh=MWZqbDN6cWc0OXg2cg==,7732 6618,https://maps.google.com/?cid=7412083312881632818&g_mp=Cidnb29nbGUubWFwcy5wbGFjZXMudjEuUGxhY2VzLlNlYXJjaFRleHQQAhgEIAA,2026-08-20
Warm,مركز صحار الدولي الطبي,Medical clinic,Sohar,SOCIAL_ONLY,social profile only (www.instagram.com),https://www.instagram.com/simc.sohar?igsh=MTdnaHVxdmc2eTRjcA==,9123 2226,https://maps.google.com/?cid=11577279661887813114&g_mp=Cidnb29nbGUubWFwcy5wbGFjZXMudjEuUGxhY2VzLlNlYXJjaFRleHQQAhgEIAA,2026-08-20
Warm,مطعم أجواء تركيا الجديد Ajwa Turkiya New,Restaurant,Sohar,SOCIAL_ONLY,social profile only (www.instagram.com),https://www.instagram.com/ajwaturkiya/,9888 5193,https://maps.google.com/?cid=15839024162145780198&g_mp=Cidnb29nbGUubWFwcy5wbGFjZXMudjEuUGxhY2VzLlNlYXJjaFRleHQQAhgEIAA,2026-08-20
Warm,مطعم باروك (لبناني) - Barouk restaurant,Restaurant,Salalah,SOCIAL_ONLY,social profile only (www.instagram.com),https://www.instagram.com/barouk_restaurant?igsh=MTF5ZWk5eXV4M3kzdA==,,https://maps.google.com/?cid=16840101046118579688&g_mp=Cidnb29nbGUubWFwcy5wbGFjZXMudjEuUGxhY2VzLlNlYXJjaFRleHQQAhgEIAA,2026-08-20
Warm,مطعم بيروت,Restaurant,Sur,SOCIAL_ONLY,social profile only (www.facebook.com),http://www.facebook.com/Ahmed.System1,9518 5753,https://maps.google.com/?cid=8823386745166317516&g_mp=Cidnb29nbGUubWFwcy5wbGFjZXMudjEuUGxhY2VzLlNlYXJjaFRleHQQAhgEIAA,2026-08-20
Warm,مطعم جوري Jourie restaurant,Restaurant,Sohar,SOCIAL_ONLY,social profile only (instagram.com),https://instagram.com/jourie_om?igshid=YmMyMTA2M2Y=,22 842256,https://maps.google.com/?cid=8345375011852088567&g_mp=Cidnb29nbGUubWFwcy5wbGFjZXMudjEuUGxhY2VzLlNlYXJjaFRleHQQAhgEIAA,2026-08-20
Warm,مطعم مظابي صلالة Mazahbi Salalah Restaurant,Restaurant,Salalah,SOCIAL_ONLY,social profile only (www.instagram.com),https://www.instagram.com/invites/contact/?i=10g48i2zfwbak&utm_content=m8lmwcz,9068 5715,https://maps.google.com/?cid=7455033034762038700&g_mp=Cidnb29nbGUubWFwcy5wbGFjZXMudjEuUGxhY2VzLlNlYXJjaFRleHQQAhgEIAA,2026-08-20
Warm,مكتب تأجير السيارات ( دار الافق )Car rental office,Car rental,Seeb,SOCIAL_ONLY,social profile only (linktr.ee),https://linktr.ee/hosko250,9805 8912,https://maps.google.com/?cid=344139437738072203&g_mp=Cidnb29nbGUubWFwcy5wbGFjZXMudjEuUGxhY2VzLlNlYXJjaFRleHQQAhgEIAA,2026-08-20
Warm,مكتب سعيد الصمصامي للمحاماة والاستشارات القانونيه,Law firm,Seeb,SOCIAL_ONLY,social profile only (www.instagram.com),https://www.instagram.com/ssaoman_com?igsh=MW85cjFkMm40cGF2cw==,9270 0056,https://maps.google.com/?cid=9983005443912191219&g_mp=Cidnb29nbGUubWFwcy5wbGFjZXMudjEuUGxhY2VzLlNlYXJjaFRleHQQAhgEIAA,2026-08-20
Warm,منوش سبا,Salon,Nizwa,SOCIAL_ONLY,social profile only (www.instagram.com),https://www.instagram.com/tqm_spa?igsh=MTU4NGtoa3hxdXhmMQ==,9541 1473,https://maps.google.com/?cid=6442711643560937531&g_mp=Cidnb29nbGUubWFwcy5wbGFjZXMudjEuUGxhY2VzLlNlYXJjaFRleHQQAhgEIAA,2026-08-20
Warm,منى الملكي للتجميل Muna Royal,Salon,Seeb,SOCIAL_ONLY,social profile only (instagram.com),https://instagram.com/munaroyal_beautycenter?igshid=NzNkNDdiOGI=,9511 0999,https://maps.google.com/?cid=12974594844712756938&g_mp=Cidnb29nbGUubWFwcy5wbGFjZXMudjEuUGxhY2VzLlNlYXJjaFRleHQQAhgEIAA,2026-08-20
Warm,نادي ذا بيست - The Beast Fitness,Gym,Salalah,SOCIAL_ONLY,social profile only (instagram.com),https://instagram.com/the.beast.fitness.om?igshid=MzMyNGUyNmU2YQ==,,https://maps.google.com/?cid=8553257722319575964&g_mp=Cidnb29nbGUubWFwcy5wbGFjZXMudjEuUGxhY2VzLlNlYXJjaFRleHQQAhgEIAA,2026-08-20
Warm,Abeer Hospital Muscat,Medical clinic,Ruwi,NO_SSL,invalid certificate: self-signed certificate,https://www.abeergroup.om/,24 770800,https://maps.google.com/?cid=18121469001261902145&g_mp=Cidnb29nbGUubWFwcy5wbGFjZXMudjEuUGxhY2VzLlNlYXJjaFRleHQQAhgEIAA,2026-08-20
Warm,ABUHATIM CO L.L.C شركة ابو حاتم,Contractor,Al Khuwair,NO_SSL,listed as http:// and https fails (invalid certificate: certificate has expired); also: invalid certificate: certificate has expired,http://www.abuhatim.com/,24 597711,https://maps.google.com/?cid=13465154523700673749&g_mp=Cidnb29nbGUubWFwcy5wbGFjZXMudjEuUGxhY2VzLlNlYXJjaFRleHQQAhgEIAA,2026-08-20
Warm,"AFAQ Visa Medical - Al Ghubra, Muscat. مركز فحص العمالة الوافدة",Medical clinic,Muscat,NO_SSL,listed as http:// and https fails (invalid certificate: self-signed certificate in certificate chain); also: copyright reads 2022,http://afaq.om/,9724 3015,https://maps.google.com/?cid=12601774913682797511&g_mp=Cidnb29nbGUubWFwcy5wbGFjZXMudjEuUGxhY2VzLlNlYXJjaFRleHQQAhgEIAA,2026-08-20
Warm,Al Amjad Trading Company,Trading company,Muscat,NO_SSL,listed as http:// and https fails (invalid certificate: self-signed certificate),http://www.alamjad.com/,9696 5776,https://maps.google.com/?cid=4646011999621377079&g_mp=Cidnb29nbGUubWFwcy5wbGFjZXMudjEuUGxhY2VzLlNlYXJjaFRleHQQAhgEIAA,2026-08-20
Warm,Al Arkan Construction LLC,Contractor,Muscat,NO_SSL,listed as http:// and https fails (connection reset by server); also: copyright reads 2015,http://www.alarkanconstruct.com/,24 819163,https://maps.google.com/?cid=4459250268942055770&g_mp=Cidnb29nbGUubWFwcy5wbGFjZXMudjEuUGxhY2VzLlNlYXJjaFRleHQQAhgEIAA,2026-08-20
Warm,Al Noor Medical Complex,Medical clinic,Sur,NO_SSL,listed as http:// and https fails (invalid certificate: self-signed certificate),http://alnoormedicals.com/,25 545393,https://maps.google.com/?cid=1419262999890061273&g_mp=Cidnb29nbGUubWFwcy5wbGFjZXMudjEuUGxhY2VzLlNlYXJjaFRleHQQAhgEIAA,2026-08-20
Warm,Ali and Yousuf Trading,Trading company,Seeb,NO_SSL,listed as http:// and https fails (invalid certificate: certificate has expired); also: invalid certificate: certificate has expired,http://www.aliandyousuf.com/,24 460670,https://maps.google.com/?cid=16891023287736052899&g_mp=Cidnb29nbGUubWFwcy5wbGFjZXMudjEuUGxhY2VzLlNlYXJjaFRleHQQAhgEIAA,2026-08-20
Warm,Bait Al Luban Omani Restaurant - Mutrah,Restaurant,Muscat,NO_SSL,"listed as http:// and https fails (invalid certificate: Hostname mismatch, certificate is not valid for 'www.baitalluban.com'.); also: placeholder page: ""iis windows server"" (title: ""IIS Windows Server""); no viewport meta tag — will not scale on a phone",http://www.baitalluban.com/,24 711842,https://maps.google.com/?cid=4238969189082005877&g_mp=Cidnb29nbGUubWFwcy5wbGFjZXMudjEuUGxhY2VzLlNlYXJjaFRleHQQAhgEIAA,2026-08-20
Warm,"Barsam General Trading,Dahua Oman, CCTV ,شرکة برسام للمقاولات",Trading company,Sohar,NO_SSL,listed as http:// and https fails (invalid certificate: unable to get local issuer certificate); also: invalid certificate: unable to get local issuer certificate,http://www.easytechno.net/,9062 5262,https://maps.google.com/?cid=4616952685787037557&g_mp=Cidnb29nbGUubWFwcy5wbGFjZXMudjEuUGxhY2VzLlNlYXJjaFRleHQQAhgEIAA,2026-08-20
Warm,Begum's Restaurant Al Khuwair,Restaurant,Al Khuwair,NO_SSL,listed as http:// and https fails (HTTP 405),http://begumsbiryani.com/,9307 2000,https://maps.google.com/?cid=14520747657716724883&g_mp=Cidnb29nbGUubWFwcy5wbGFjZXMudjEuUGxhY2VzLlNlYXJjaFRleHQQAhgEIAA,2026-08-20
Warm,BOSCO Trading Co.LLC - Maabilah Branch,Trading company,Seeb,NO_SSL,listed as http:// and https fails (invalid certificate: certificate has expired); also: copyright reads 2021,http://www.boscogrp.com/,24 268486,https://maps.google.com/?cid=7997618435752658226&g_mp=Cidnb29nbGUubWFwcy5wbGFjZXMudjEuUGxhY2VzLlNlYXJjaFRleHQQAhgEIAA,2026-08-20
Warm,Bosco Trading SPC Barka Oman,Trading company,Barka,NO_SSL,listed as http:// and https fails (invalid certificate: certificate has expired); also: copyright reads 2021,http://www.boscogrp.com/,7179 5602,https://maps.google.com/?cid=84325122179426832&g_mp=Cidnb29nbGUubWFwcy5wbGFjZXMudjEuUGxhY2VzLlNlYXJjaFRleHQQAhgEIAA,2026-08-20
Warm,BUILD SOHAR LLC,Contractor,Sohar,NO_SSL,"invalid certificate: Hostname mismatch, certificate is not valid for 'www.buildsohar.com'.",https://www.buildsohar.com/,9672 9432,https://maps.google.com/?cid=6730063113088574636&g_mp=Cidnb29nbGUubWFwcy5wbGFjZXMudjEuUGxhY2VzLlNlYXJjaFRleHQQAhgEIAA,2026-08-20
Warm,Bussma Properties بصمة للعقارات,Real estate,Muscat,NO_SSL,listed as http:// and https fails (TLS handshake failed: [SSL: TLSV1_ALERT_INTERNAL_ERROR] tlsv1 alert internal error (_ssl.c:1006)); also: no viewport meta tag — will not scale on a phone,http://www.bussmaproperties.com/,9450 0057,https://maps.google.com/?cid=15122206047007258898&g_mp=Cidnb29nbGUubWFwcy5wbGFjZXMudjEuUGxhY2VzLlNlYXJjaFRleHQQAhgEIAA,2026-08-20
Warm,BYPS Brilliant Youth Private School - Al Khod مدرسة الناشئ الذكي الخاصة,Private school,Seeb,NO_SSL,listed as http:// and https fails (invalid certificate: certificate has expired); also: copyright reads 2019,http://www.byps.edu.om/,9134 5555,https://maps.google.com/?cid=6922749642390035493&g_mp=Cidnb29nbGUubWFwcy5wbGFjZXMudjEuUGxhY2VzLlNlYXJjaFRleHQQAhgEIAA,2026-08-20
Warm,Crystal Beauty Salon & Spa صالون كريستال للتجميل و سبا,Salon,Al Khuwair,NO_SSL,listed as http:// and https fails (TLS handshake failed: [SSL: SSLV3_ALERT_HANDSHAKE_FAILURE] sslv3 alert handshake failure (_ssl.c:1006)); also: no viewport meta tag — will not scale on a phone,http://www.crystalbeautycenter.com/,24 483637,https://maps.google.com/?cid=16926101290541197629&g_mp=Cidnb29nbGUubWFwcy5wbGFjZXMudjEuUGxhY2VzLlNlYXJjaFRleHQQAhgEIAA,2026-08-20
Warm,Dashing Nails & Beauty Lounge (Grand Millennium Hotel),Salon,Muscat,NO_SSL,listed as http:// and https fails (TLS handshake failed: [SSL: SSLV3_ALERT_HANDSHAKE_FAILURE] sslv3 alert handshake failure (_ssl.c:1006)),http://dashing-nails.com/,24 991222,https://maps.google.com/?cid=5883732778456683446&g_mp=Cidnb29nbGUubWFwcy5wbGFjZXMudjEuUGxhY2VzLlNlYXJjaFRleHQQAhgEIAA,2026-08-20
Warm,Dashing Nails & Beauty Lounge Al Mouj,Salon,Seeb,NO_SSL,listed as http:// and https fails (TLS handshake failed: [SSL: SSLV3_ALERT_HANDSHAKE_FAILURE] sslv3 alert handshake failure (_ssl.c:1006)),http://dashing-nails.com/,24 555000,https://maps.google.com/?cid=8933759813962148482&g_mp=Cidnb29nbGUubWFwcy5wbGFjZXMudjEuUGxhY2VzLlNlYXJjaFRleHQQAhgEIAA,2026-08-20
Warm,"Dr Saif Al-Rawahi Advocates, Advisors & Corporate Consultants",Law firm,Seeb,NO_SSL,listed as http:// and https fails (HTTP 405); also: copyright reads 2021,http://www.saifalrawahi.com/,24 548151,https://maps.google.com/?cid=7435498021995764332&g_mp=Cidnb29nbGUubWFwcy5wbGFjZXMudjEuUGxhY2VzLlNlYXJjaFRleHQQAhgEIAA,2026-08-20
Warm,Dr. Hilal Al Kharusi Law Firm,Law firm,Muscat,NO_SSL,"invalid certificate: Hostname mismatch, certificate is not valid for 'drhilal-lawfirm.com'.",https://drhilal-lawfirm.com/,9255 2926,https://maps.google.com/?cid=15609405494990061704&g_mp=Cidnb29nbGUubWFwcy5wbGFjZXMudjEuUGxhY2VzLlNlYXJjaFRleHQQAhgEIAA,2026-08-20
Warm,Dr. Talib Al-Hosni Office Advocate & Legal Consultants الدكتور طالب الحوسني للمحاماة و الاستشارات القانونية,Law firm,Al Khuwair,NO_SSL,listed as http:// and https fails (no response (timeout)),http://www.thalawoffice.com/,24 647770,https://maps.google.com/?cid=9855170647162037190&g_mp=Cidnb29nbGUubWFwcy5wbGFjZXMudjEuUGxhY2VzLlNlYXJjaFRleHQQAhgEIAA,2026-08-20
Warm,Eihab Travels,Travel & tourism,Al Khuwair,NO_SSL,listed as http:// and https fails (invalid certificate: certificate has expired); also: invalid certificate: certificate has expired,http://www.eihabtravels.com/,24 683900,https://maps.google.com/?cid=17712983732006240647&g_mp=Cidnb29nbGUubWFwcy5wbGFjZXMudjEuUGxhY2VzLlNlYXJjaFRleHQQAhgEIAA,2026-08-20
Warm,Euro Arabian Dental Center - NIZWA,Dental clinic,Nizwa,NO_SSL,"listed as http:// and https fails (invalid certificate: Hostname mismatch, certificate is not valid for 'www.easdc.com'.); also: invalid certificate: Hostname mismatch, certificate is not valid for 'www.easdc.com'.",http://www.easdc.com/,9421 2100,https://maps.google.com/?cid=1522567780229845012&g_mp=Cidnb29nbGUubWFwcy5wbGFjZXMudjEuUGxhY2VzLlNlYXJjaFRleHQQAhgEIAA,2026-08-20
Warm,Euro Arabian Dental Center - Salalah,Dental clinic,Salalah,NO_SSL,"listed as http:// and https fails (invalid certificate: Hostname mismatch, certificate is not valid for 'www.easdc.com'.); also: invalid certificate: Hostname mismatch, certificate is not valid for 'www.easdc.com'.",http://www.easdc.com/,9921 8100,https://maps.google.com/?cid=8623722870812371988&g_mp=Cidnb29nbGUubWFwcy5wbGFjZXMudjEuUGxhY2VzLlNlYXJjaFRleHQQAhgEIAA,2026-08-20
Warm,Euro Arabian Dental Center - Sohar,Dental clinic,Sohar,NO_SSL,"listed as http:// and https fails (invalid certificate: Hostname mismatch, certificate is not valid for 'www.easdc.com'.); also: invalid certificate: Hostname mismatch, certificate is not valid for 'www.easdc.com'.",http://www.easdc.com/,9588 8100,https://maps.google.com/?cid=8181425967033019793&g_mp=Cidnb29nbGUubWFwcy5wbGFjZXMudjEuUGxhY2VzLlNlYXJjaFRleHQQAhgEIAA,2026-08-20
Warm,Euro Arabian Specialist Dental Center,Dental clinic,Sur,NO_SSL,"listed as http:// and https fails (invalid certificate: Hostname mismatch, certificate is not valid for 'www.easdc.com'.); also: invalid certificate: Hostname mismatch, certificate is not valid for 'www.easdc.com'.",http://www.easdc.com/,9408 0100,https://maps.google.com/?cid=16997488938175355027&g_mp=Cidnb29nbGUubWFwcy5wbGFjZXMudjEuUGxhY2VzLlNlYXJjaFRleHQQAhgEIAA,2026-08-20
Warm,Fatema Al Habsi Advocates & Legal Consultant,Law firm,Muscat,NO_SSL,invalid certificate: unable to get local issuer certificate,https://fatemaalhabsi.com/,24 506608,https://maps.google.com/?cid=14110949277784883855&g_mp=Cidnb29nbGUubWFwcy5wbGFjZXMudjEuUGxhY2VzLlNlYXJjaFRleHQQAhgEIAA,2026-08-20
Warm,Golden Crown Travel & Tourism,Travel & tourism,Ruwi,NO_SSL,"listed as http:// and https fails (TLS handshake failed: [SSL: UNEXPECTED_EOF_WHILE_READING] EOF occurred in violation of protocol (_ssl.c:1006)); also: placeholder page: ""parked domain""",http://www.gctraveloman.com/,9754 5487,https://maps.google.com/?cid=9882750572794566337&g_mp=Cidnb29nbGUubWFwcy5wbGFjZXMudjEuUGxhY2VzLlNlYXJjaFRleHQQAhgEIAA,2026-08-20
Warm,Golden Jeed Trading LLC,Trading company,Sohar,NO_SSL,"listed as http:// and https fails (invalid certificate: Hostname mismatch, certificate is not valid for 'www.goldenjeedgroup.com'.); also: placeholder page: ""coming soon"" (title: ""Gaby Divay's UM Archives Research Files""); no viewport meta tag — will not scale on a phone; copyright reads 2013",http://www.goldenjeedgroup.com/,7896 6499,https://maps.google.com/?cid=10255105478891356735&g_mp=Cidnb29nbGUubWFwcy5wbGFjZXMudjEuUGxhY2VzLlNlYXJjaFRleHQQAhgEIAA,2026-08-20
Warm,"ICDC OMAN , International Construction Development Company",Contractor,Muscat,NO_SSL,listed as http:// and https fails (HTTP 404); also: no viewport meta tag — will not scale on a phone,http://www.cdc-qatar.com/,24 496272,https://maps.google.com/?cid=15343171379543848842&g_mp=Cidnb29nbGUubWFwcy5wbGFjZXMudjEuUGxhY2VzLlNlYXJjaFRleHQQAhgEIAA,2026-08-20
Warm,Indian School Sur,Private school,Sur,NO_SSL,listed as http:// and https fails (no response (timeout)),http://www.indianschoolsur.com/,25 541071,https://maps.google.com/?cid=6132621890046780440&g_mp=Cidnb29nbGUubWFwcy5wbGFjZXMudjEuUGxhY2VzLlNlYXJjaFRleHQQAhgEIAA,2026-08-20
Warm,Innovative Technology & Contracting LLC,Contractor,Muscat,NO_SSL,"listed as http:// and https fails (invalid certificate: Hostname mismatch, certificate is not valid for 'www.itc-oman.com'.); also: invalid certificate: Hostname mismatch, certificate is not valid for 'www.itc-oman.com'.",http://www.itc-oman.com/,22 700032,https://maps.google.com/?cid=1435879583699882424&g_mp=Cidnb29nbGUubWFwcy5wbGFjZXMudjEuUGxhY2VzLlNlYXJjaFRleHQQAhgEIAA,2026-08-20
Warm,Juma Al Habsi Polyclinic & Visa Medical Center LLC,Medical clinic,Seeb,NO_SSL,listed as http:// and https fails (invalid certificate: certificate has expired); also: no viewport meta tag — will not scale on a phone,http://www.jumaalhabsipolyclinic.com/,24 451860 ext. 91487614,https://maps.google.com/?cid=7762685212311672664&g_mp=Cidnb29nbGUubWFwcy5wbGFjZXMudjEuUGxhY2VzLlNlYXJjaFRleHQQAhgEIAA,2026-08-20
Warm,Kids Paradise Dental Center مركز جنة الاطفال لطب الاسنان MOH license 3902,Dental clinic,Seeb,NO_SSL,invalid certificate: certificate has expired,https://www.kidsparadisedental.com/,9566 0998,https://maps.google.com/?cid=3366136005689359593&g_mp=Cidnb29nbGUubWFwcy5wbGFjZXMudjEuUGxhY2VzLlNlYXJjaFRleHQQAhgEIAA,2026-08-20
Warm,Kish Rent A Car,Car rental,Muscat,NO_SSL,listed as http:// and https fails (TLS handshake failed: [SSL: UNEXPECTED_EOF_WHILE_READING] EOF occurred in violation of protocol (_ssl.c:1006)); also: TLS handshake failed: [SSL: UNEXPECTED_EOF_WHILE_READING] EOF occurred in violation of protocol (_ssl.c:1006),http://www.kishrent.co/,7100 0270,https://maps.google.com/?cid=15037468918277777869&g_mp=Cidnb29nbGUubWFwcy5wbGFjZXMudjEuUGxhY2VzLlNlYXJjaFRleHQQAhgEIAA,2026-08-20
Warm,Lalbuksh Voltas Engineering Services and Trading لا بخش و فولتاس للخدمات الهندسية و التجارة,Trading company,Al Khuwair,NO_SSL,listed as http:// and https fails (HTTP 404); also: redirects to parking host hugedomains.com,http://delwarhossain.com/,24 491721,https://maps.google.com/?cid=4841164776631765722&g_mp=Cidnb29nbGUubWFwcy5wbGFjZXMudjEuUGxhY2VzLlNlYXJjaFRleHQQAhgEIAA,2026-08-20
Warm,Maiza Al Hadrami Advocates & Legal Consultants,Law firm,Muscat,NO_SSL,listed as http:// and https fails (invalid certificate: self-signed certificate),http://www.maizaalhadrami.com/,9880 8999,https://maps.google.com/?cid=10631139020753731134&g_mp=Cidnb29nbGUubWFwcy5wbGFjZXMudjEuUGxhY2VzLlNlYXJjaFRleHQQAhgEIAA,2026-08-20
Warm,Majan Light Travel & Tours,Travel & tourism,Muscat,NO_SSL,"listed as http:// and https fails (invalid certificate: Hostname mismatch, certificate is not valid for 'www.majanlight.com'.); also: no viewport meta tag — will not scale on a phone",http://www.majanlight.com/,24 498964,https://maps.google.com/?cid=4381006503689850993&g_mp=Cidnb29nbGUubWFwcy5wbGFjZXMudjEuUGxhY2VzLlNlYXJjaFRleHQQAhgEIAA,2026-08-20
Warm,Manar Alhikmah Private School,Private school,Seeb,NO_SSL,"listed as http:// and https fails (invalid certificate: Hostname mismatch, certificate is not valid for 'www.shadha-school.net'.); also: invalid certificate: Hostname mismatch, certificate is not valid for 'www.shadha-school.net'.",http://www.shadha-school.net/,9015 7772,https://maps.google.com/?cid=8071981889741569597&g_mp=Cidnb29nbGUubWFwcy5wbGFjZXMudjEuUGxhY2VzLlNlYXJjaFRleHQQAhgEIAA,2026-08-20
Warm,Mashaail Muscat Private School (MMPS) مدرسة مشاعل مسقط الخاصة فرع السيب,Private school,Seeb,NO_SSL,listed as http:// and https fails (invalid certificate: self-signed certificate),http://www.mmps-edu.com/home/,9950 9734,https://maps.google.com/?cid=17313774603099931883&g_mp=Cidnb29nbGUubWFwcy5wbGFjZXMudjEuUGxhY2VzLlNlYXJjaFRleHQQAhgEIAA,2026-08-20
Warm,Mezoon International Travel & Tours LLC,Travel & tourism,Ruwi,NO_SSL,listed as http:// and https fails (invalid certificate: certificate has expired); also: invalid certificate: certificate has expired,http://www.mezoontravel.com/,24 863200,https://maps.google.com/?cid=13815479603164205430&g_mp=Cidnb29nbGUubWFwcy5wbGFjZXMudjEuUGxhY2VzLlNlYXJjaFRleHQQAhgEIAA,2026-08-20
Warm,Modern Skin Center Sur المركز الحديث للأمراض الجلدية سور,Medical clinic,Sur,NO_SSL,"listed as http:// and https fails (invalid certificate: Hostname mismatch, certificate is not valid for 'modernskincenter.com'.); also: no viewport meta tag — will not scale on a phone",http://modernskincenter.com/,25 546200,https://maps.google.com/?cid=4473725387867642959&g_mp=Cidnb29nbGUubWFwcy5wbGFjZXMudjEuUGxhY2VzLlNlYXJjaFRleHQQAhgEIAA,2026-08-20
Warm,MUROJ REAL ESTATE,Real estate,Muscat,NO_SSL,TLS handshake failed: [SSL: TLSV1_ALERT_INTERNAL_ERROR] tlsv1 alert internal error (_ssl.c:1006),https://murojom.com/,7734 7309,https://maps.google.com/?cid=15421252015744977577&g_mp=Cidnb29nbGUubWFwcy5wbGFjZXMudjEuUGxhY2VzLlNlYXJjaFRleHQQAhgEIAA,2026-08-20
Warm,Muscat International School By Amity مدرسة مسقط العالمية,Private school,Muscat,NO_SSL,"listed as http:// and https fails (invalid certificate: Hostname mismatch, certificate is not valid for 'www.mis.edu.om'.); also: invalid certificate: Hostname mismatch, certificate is not valid for 'www.mis.edu.om'.",http://www.mis.edu.om/,24 562222,https://maps.google.com/?cid=13517859461326164325&g_mp=Cidnb29nbGUubWFwcy5wbGFjZXMudjEuUGxhY2VzLlNlYXJjaFRleHQQAhgEIAA,2026-08-20
Warm,National Private School,Private school,Muscat,NO_SSL,listed as http:// and https fails (TLS handshake failed: [SSL: UNEXPECTED_EOF_WHILE_READING] EOF occurred in violation of protocol (_ssl.c:1006)),http://npschool.net/,24 489721,https://maps.google.com/?cid=11822011449639996197&g_mp=Cidnb29nbGUubWFwcy5wbGFjZXMudjEuUGxhY2VzLlNlYXJjaFRleHQQAhgEIAA,2026-08-20
Warm,Old Turkish Restaurant & Coffee Shop مطعم و مقهى التركي القديم,Restaurant,Muscat,NO_SSL,"listed as http:// and https fails (connection refused); also: placeholder page: ""index of /"" (title: ""Index of /"")",http://www.oldturkish.com/,24 487822,https://maps.google.com/?cid=565595874973782912&g_mp=Cidnb29nbGUubWFwcy5wbGFjZXMudjEuUGxhY2VzLlNlYXJjaFRleHQQAhgEIAA,2026-08-20
Warm,Oman Construction & Engineering Company LLC,Contractor,Salalah,NO_SSL,"listed as http:// and https fails (invalid certificate: Hostname mismatch, certificate is not valid for 'www.ocecoman.com'.); also: copyright reads 2017",http://www.ocecoman.com/,23 292828,https://maps.google.com/?cid=3393897368881851888&g_mp=Cidnb29nbGUubWFwcy5wbGFjZXMudjEuUGxhY2VzLlNlYXJjaFRleHQQAhgEIAA,2026-08-20
Warm,Platinum Restaurant مطعم البلاتينيوم - الخوير,Restaurant,Al Khuwair,NO_SSL,"invalid certificate: Hostname mismatch, certificate is not valid for 'www.theplatinumoman.com'.",https://www.theplatinumoman.com/,24 392500,https://maps.google.com/?cid=11535876722345735122&g_mp=Cidnb29nbGUubWFwcy5wbGFjZXMudjEuUGxhY2VzLlNlYXJjaFRleHQQAhgEIAA,2026-08-20
Warm,rental 4x4 cars,Car rental,Muscat,NO_SSL,listed as http:// and https fails (HTTP 405); also: copyright reads 2011,http://qamper4x4.com/,9209 9932,https://maps.google.com/?cid=10091531514748576895&g_mp=Cidnb29nbGUubWFwcy5wbGFjZXMudjEuUGxhY2VzLlNlYXJjaFRleHQQAhgEIAA,2026-08-20
Warm,RFC RUWI,Restaurant,Ruwi,NO_SSL,"listed as http:// and https fails (invalid certificate: Hostname mismatch, certificate is not valid for 'www.rfcoman.com'.)",http://www.rfcoman.com/,7225 2111,https://maps.google.com/?cid=8376503050162964898&g_mp=Cidnb29nbGUubWFwcy5wbGFjZXMudjEuUGxhY2VzLlNlYXJjaFRleHQQAhgEIAA,2026-08-20
Warm,Royal City Properties,Real estate,Al Khuwair,NO_SSL,TLS handshake failed: [SSL: TLSV1_ALERT_INTERNAL_ERROR] tlsv1 alert internal error (_ssl.c:1006),https://www.rcp-om.com/,9061 7722,https://maps.google.com/?cid=5537720187661505680&g_mp=Cidnb29nbGUubWFwcy5wbGFjZXMudjEuUGxhY2VzLlNlYXJjaFRleHQQAhgEIAA,2026-08-20
Warm,SAFE TRAVEL & TOURS L L C الآمنة للسفر والسياحة ش. م. م,Travel & tourism,Seeb,NO_SSL,listed as http:// and https fails (invalid certificate: certificate has expired),http://safetravelsoman.com/,24 424300,https://maps.google.com/?cid=4738867060200293679&g_mp=Cidnb29nbGUubWFwcy5wbGFjZXMudjEuUGxhY2VzLlNlYXJjaFRleHQQAhgEIAA,2026-08-20
Warm,Salalah Guide Tours,Travel & tourism,Salalah,NO_SSL,invalid certificate: certificate has expired,https://salalahguidetours.com/,9441 2701,https://maps.google.com/?cid=8467242894876274655&g_mp=Cidnb29nbGUubWFwcy5wbGFjZXMudjEuUGxhY2VzLlNlYXJjaFRleHQQAhgEIAA,2026-08-20
Warm,Salim Al Bahri Law Firm,Law firm,Barka,NO_SSL,invalid certificate: certificate has expired,https://www.omanilawyerfirm.com/,9779 6653,https://maps.google.com/?cid=139697661986275423&g_mp=Cidnb29nbGUubWFwcy5wbGFjZXMudjEuUGxhY2VzLlNlYXJjaFRleHQQAhgEIAA,2026-08-20
Warm,Salim Saleh Rashid Alkindi Trading,Trading company,Nizwa,NO_SSL,"listed as http:// and https fails (invalid certificate: Hostname mismatch, certificate is not valid for 'www.ssrakt.com'.); also: copyright reads 2021",http://www.ssrakt.com/,25 411687,https://maps.google.com/?cid=2057856430492992859&g_mp=Cidnb29nbGUubWFwcy5wbGFjZXMudjEuUGxhY2VzLlNlYXJjaFRleHQQAhgEIAA,2026-08-20
Warm,Sheela's Beauty Salon,Salon,Ruwi,NO_SSL,"listed as http:// and https fails (no response (timeout)); also: placeholder page: ""parked domain""",http://sheelassalon.com/,9509 7428,https://maps.google.com/?cid=12674038401223657305&g_mp=Cidnb29nbGUubWFwcy5wbGFjZXMudjEuUGxhY2VzLlNlYXJjaFRleHQQAhgEIAA,2026-08-20
Warm,somiah hamdan lamki advocates & legal consultancy certified arbitrator,Law firm,Muscat,NO_SSL,invalid certificate: self-signed certificate,https://lamkia.net/,,https://maps.google.com/?cid=7839478879065238439&g_mp=Cidnb29nbGUubWFwcy5wbGFjZXMudjEuUGxhY2VzLlNlYXJjaFRleHQQAhgEIAA,2026-08-20
Warm,SPEED CAR RENTAL AGENCY,Car rental,Seeb,NO_SSL,listed as http:// and https fails (no response (timeout)),http://www.speedcarrental.net/,9384 0041,https://maps.google.com/?cid=257708405746644521&g_mp=Cidnb29nbGUubWFwcy5wbGFjZXMudjEuUGxhY2VzLlNlYXJjaFRleHQQAhgEIAA,2026-08-20
Warm,STRABAG Oman LLC,Contractor,Muscat,NO_SSL,invalid certificate: unable to get local issuer certificate,https://oman.strabag.com/,24 526900,https://maps.google.com/?cid=9753673851948944091&g_mp=Cidnb29nbGUubWFwcy5wbGFjZXMudjEuUGxhY2VzLlNlYXJjaFRleHQQAhgEIAA,2026-08-20
Warm,Sur Sea Restaurant,Restaurant,Sur,NO_SSL,invalid certificate: unable to get local issuer certificate,https://gofindy.com/sursearestaurant,9212 6096,https://maps.google.com/?cid=1592181775575548253&g_mp=Cidnb29nbGUubWFwcy5wbGFjZXMudjEuUGxhY2VzLlNlYXJjaFRleHQQAhgEIAA,2026-08-20
Warm,The International School of Choueifat - Muscat,Private school,Seeb,NO_SSL,"listed as http:// and https fails (invalid certificate: Hostname mismatch, certificate is not valid for 'www.iscmuscat.edu.om'.); also: invalid certificate: Hostname mismatch, certificate is not valid for 'www.iscmuscat.edu.om'.",http://www.iscmuscat.edu.om/,24 534000,https://maps.google.com/?cid=4272567686197498333&g_mp=Cidnb29nbGUubWFwcy5wbGFjZXMudjEuUGxhY2VzLlNlYXJjaFRleHQQAhgEIAA,2026-08-20
Warm,Travel Zone Tours & Travels,Travel & tourism,Ruwi,NO_SSL,"listed as http:// and https fails (no response (timeout)); also: placeholder page: ""parked domain""",http://travelzonemuscat.com/,9484 1448,https://maps.google.com/?cid=11544323299673323769&g_mp=Cidnb29nbGUubWFwcy5wbGFjZXMudjEuUGxhY2VzLlNlYXJjaFRleHQQAhgEIAA,2026-08-20
Warm,VIP GYM,Gym,Muscat,NO_SSL,"listed as http:// and https fails (TLS handshake failed: [SSL: UNEXPECTED_EOF_WHILE_READING] EOF occurred in violation of protocol (_ssl.c:1006)); also: placeholder page: ""parked domain""",http://www.vipgymonam.com/,7941 0703,https://maps.google.com/?cid=8425373029695514266&g_mp=Cidnb29nbGUubWFwcy5wbGFjZXMudjEuUGxhY2VzLlNlYXJjaFRleHQQAhgEIAA,2026-08-20
Warm,Visa Medical,Medical clinic,Seeb,NO_SSL,"listed as http:// and https fails (invalid certificate: Hostname mismatch, certificate is not valid for 'www.alebdaom.com'.)",http://www.alebdaom.com/,9267 2926,https://maps.google.com/?cid=10256804395509026313&g_mp=Cidnb29nbGUubWFwcy5wbGFjZXMudjEuUGxhY2VzLlNlYXJjaFRleHQQAhgEIAA,2026-08-20
Warm,white pearl international,Contractor,Muscat,NO_SSL,invalid certificate: self-signed certificate,https://www.whitepearlinternational.com/,9410 9944,https://maps.google.com/?cid=4941348042686236852&g_mp=Cidnb29nbGUubWFwcy5wbGFjZXMudjEuUGxhY2VzLlNlYXJjaFRleHQQAhgEIAA,2026-08-20
Warm,World School,Private school,Salalah,NO_SSL,"listed as http:// and https fails (invalid certificate: Hostname mismatch, certificate is not valid for 'worldschooloman.com'.); also: invalid certificate: Hostname mismatch, certificate is not valid for 'worldschooloman.com'.",http://worldschooloman.com/,23 225492,https://maps.google.com/?cid=4064433365510893904&g_mp=Cidnb29nbGUubWFwcy5wbGFjZXMudjEuUGxhY2VzLlNlYXJjaFRleHQQAhgEIAA,2026-08-20
Warm,You&Us Beauty Center,Salon,Al Khuwair,NO_SSL,"listed as http:// and https fails (TLS handshake failed: [SSL: UNEXPECTED_EOF_WHILE_READING] EOF occurred in violation of protocol (_ssl.c:1006)); also: placeholder page: ""parked domain""",http://www.youandusbeautycenter.com/,9455 4987,https://maps.google.com/?cid=14730540174236486828&g_mp=Cidnb29nbGUubWFwcy5wbGFjZXMudjEuUGxhY2VzLlNlYXJjaFRleHQQAhgEIAA,2026-08-20
Warm,Zulfa Trading LLC,Trading company,Sohar,NO_SSL,listed as http:// and https fails (invalid certificate: self-signed certificate); also: copyright reads 2021,http://www.zulfa.om/,9380 0259,https://maps.google.com/?cid=3681735470358471745&g_mp=Cidnb29nbGUubWFwcy5wbGFjZXMudjEuUGxhY2VzLlNlYXJjaFRleHQQAhgEIAA,2026-08-20
Warm,البرج الذهبي للخدمات العقارية,Real estate,Al Khuwair,NO_SSL,listed as http:// and https fails (invalid certificate: self-signed certificate),http://goldentower.om/en/contacts/,9701 5555,https://maps.google.com/?cid=9993289641945644509&g_mp=Cidnb29nbGUubWFwcy5wbGFjZXMudjEuUGxhY2VzLlNlYXJjaFRleHQQAhgEIAA,2026-08-20
Warm,ريتاج البحر للتجارة,Real estate,Al Khuwair,NO_SSL,TLS handshake failed: [SSL: UNEXPECTED_EOF_WHILE_READING] EOF occurred in violation of protocol (_ssl.c:1006),https://www.reetajalbaher.company/,7911 1112,https://maps.google.com/?cid=12153174356357348995&g_mp=Cidnb29nbGUubWFwcy5wbGFjZXMudjEuUGxhY2VzLlNlYXJjaFRleHQQAhgEIAA,2026-08-20
Warm,سبيد لاين لتأجير السيارات SPEED LINE FOR CAR RENTAL,Car rental,Al Khuwair,NO_SSL,"listed as http:// and https fails (no response (timeout)); also: placeholder page: ""parked domain""",http://speedlineforcarrental.com/,9858 5996,https://maps.google.com/?cid=3683571830054122333&g_mp=Cidnb29nbGUubWFwcy5wbGFjZXMudjEuUGxhY2VzLlNlYXJjaFRleHQQAhgEIAA,2026-08-20
Warm,شركة سعيد الشرجي وفيصل العامري للمحاماة والاستشارات القانونية,Law firm,Seeb,NO_SSL,listed as http:// and https fails (HTTP 405),http://sflawfirm.net/,9539 9985,https://maps.google.com/?cid=7405050582372440823&g_mp=Cidnb29nbGUubWFwcy5wbGFjZXMudjEuUGxhY2VzLlNlYXJjaFRleHQQAhgEIAA,2026-08-20
Warm,مدرسة ريدان الخاصة,Private school,Salalah,NO_SSL,"invalid certificate: Hostname mismatch, certificate is not valid for 'redanprivateschool.edu.om'.",https://redanprivateschool.edu.om/,23 213717,https://maps.google.com/?cid=4526868341189713038&g_mp=Cidnb29nbGUubWFwcy5wbGFjZXMudjEuUGxhY2VzLlNlYXJjaFRleHQQAhgEIAA,2026-08-20
Warm,مدرسة مشاعل مسقط الخاصة فرع المعبيلة - Mashaail Muscat Private School ( Maabilah),Private school,Sur,NO_SSL,listed as http:// and https fails (invalid certificate: self-signed certificate),http://www.mmps-edu.com/home/,9110 8511,https://maps.google.com/?cid=350099593000664151&g_mp=Cidnb29nbGUubWFwcy5wbGFjZXMudjEuUGxhY2VzLlNlYXJjaFRleHQQAhgEIAA,2026-08-20
Warm,مكتب بخيت صفرار للمحاماة والاستشارات القانونية,Law firm,Salalah,NO_SSL,TLS handshake failed: [SSL: TLSV1_ALERT_INTERNAL_ERROR] tlsv1 alert internal error (_ssl.c:1006),https://bakhitsafrar-law.com/,9266 6190,https://maps.google.com/?cid=16955643587957104120&g_mp=Cidnb29nbGUubWFwcy5wbGFjZXMudjEuUGxhY2VzLlNlYXJjaFRleHQQAhgEIAA,2026-08-20
Warm,Ababeel Dental Clinic,Dental clinic,Barka,PLACEHOLDER,"placeholder page: ""parked domain"" (title: ""Parked Domain name on Hostinger DNS system"")",https://ababeeldental.com/,9609 3433,https://maps.google.com/?cid=6495684620249253088&g_mp=Cidnb29nbGUubWFwcy5wbGFjZXMudjEuUGxhY2VzLlNlYXJjaFRleHQQAhgEIAA,2026-08-20
Warm,Addhia Trading & Contracting Co. LLC - Sohar,Contractor,Sohar,PLACEHOLDER,"placeholder page: ""under construction"" (title: ""Under construction - Awesome site in the making!"")",http://www.addhia.com/,9196 5370,https://maps.google.com/?cid=14727672443031548307&g_mp=Cidnb29nbGUubWFwcy5wbGFjZXMudjEuUGxhY2VzLlNlYXJjaFRleHQQAhgEIAA,2026-08-20
Warm,Ahmed Medical Center Dental,Dental clinic,Seeb,PLACEHOLDER,"placeholder page: ""coming soon"" (title: ""Coming Soon"")",https://ahmedmedicalcenter93.com/,7171 1318,https://maps.google.com/?cid=11673271496474113817&g_mp=Cidnb29nbGUubWFwcy5wbGFjZXMudjEuUGxhY2VzLlNlYXJjaFRleHQQAhgEIAA,2026-08-20
Warm,AL ARAIMI REAL ESTATE INVESTMENTS,Real estate,Muscat,PLACEHOLDER,"placeholder page: ""under construction"" (title: ""AL ARAIMI — Oman real estate platform"")",http://alaraimi.co/,7713 3177,https://maps.google.com/?cid=7322231909569228673&g_mp=Cidnb29nbGUubWFwcy5wbGFjZXMudjEuUGxhY2VzLlNlYXJjaFRleHQQAhgEIAA,2026-08-20
Warm,Al Binaa Construction & Industry SAOC,Contractor,Muscat,PLACEHOLDER,"placeholder page: ""under construction"" (title: ""Under construction - Awesome site in the making!"")",http://www.albinaa-om.com/,24 693300,https://maps.google.com/?cid=1139974345959104642&g_mp=Cidnb29nbGUubWFwcy5wbGFjZXMudjEuUGxhY2VzLlNlYXJjaFRleHQQAhgEIAA,2026-08-20
Warm,AL HAYAT INTERNATIONAL HOSPITAL,Medical clinic,Muscat,PLACEHOLDER,"placeholder page: ""coming soon"" (title: ""Al Hayat International Hospital, Muscat – Oman"")",http://www.alhayathospital.com/,22 004000,https://maps.google.com/?cid=717534442369633373&g_mp=Cidnb29nbGUubWFwcy5wbGFjZXMudjEuUGxhY2VzLlNlYXJjaFRleHQQAhgEIAA,2026-08-20
Warm,Al Hayat Polyclinic,Medical clinic,Muscat,PLACEHOLDER,"placeholder page: ""coming soon"" (title: ""Al Hayat International Hospital, Muscat – Oman"")",http://www.alhayathospital.com/,9241 3639,https://maps.google.com/?cid=12786876750719863401&g_mp=Cidnb29nbGUubWFwcy5wbGFjZXMudjEuUGxhY2VzLlNlYXJjaFRleHQQAhgEIAA,2026-08-20
Warm,Al Sedrah Real Estate,Real estate,Al Khuwair,PLACEHOLDER,"placeholder page: ""coming soon"" (title: ""Coming Soon"")",http://www.alsedrah.com/,24 692223,https://maps.google.com/?cid=7469165763746306650&g_mp=Cidnb29nbGUubWFwcy5wbGFjZXMudjEuUGxhY2VzLlNlYXJjaFRleHQQAhgEIAA,2026-08-20
Warm,"Aster Al Raffah Hospital Sohar | Best Hospital in Sohar, Oman",Medical clinic,Sohar,PLACEHOLDER,"placeholder page: ""coming soon"" (title: ""Best Hospital in Sohar, Oman | Aster Al Raffah Hospital, Soh"")",https://www.aster.om/hospitals-clinics/aster-al-raffah-hospital-sohar/,26 940800,https://maps.google.com/?cid=8105153783043023227&g_mp=Cidnb29nbGUubWFwcy5wbGFjZXMudjEuUGxhY2VzLlNlYXJjaFRleHQQAhgEIAA,2026-08-20
Warm,Avenues Int'l Travels Umrah Services الوسيلة خدمات العمرة,Travel & tourism,Ruwi,PLACEHOLDER,"placeholder page: ""buy this domain"" (title: ""avenuesintl.com domain is for sale | Buy with Epik.com"")",https://avenuesintl.com/travels/,9919 9705,https://maps.google.com/?cid=9575389579292295439&g_mp=Cidnb29nbGUubWFwcy5wbGFjZXMudjEuUGxhY2VzLlNlYXJjaFRleHQQAhgEIAA,2026-08-20
Warm,Azad Diagnostic Centre-Visa Medical,Medical clinic,Muscat,PLACEHOLDER,"placeholder page: ""coming soon"" (title: ""Coming Soon"")",https://azaddiagnostics.com/,9521 1234,https://maps.google.com/?cid=14378991633049945303&g_mp=Cidnb29nbGUubWFwcy5wbGFjZXMudjEuUGxhY2VzLlNlYXJjaFRleHQQAhgEIAA,2026-08-20
Warm,B3YOND Athletic Hub Ghala,Gym,Muscat,PLACEHOLDER,"placeholder page: ""coming soon"" (title: ""b3yond"")",http://b3yond.om/,7999 9213,https://maps.google.com/?cid=8498952287254656513&g_mp=Cidnb29nbGUubWFwcy5wbGFjZXMudjEuUGxhY2VzLlNlYXJjaFRleHQQAhgEIAA,2026-08-20
Warm,BARKA,Contractor,Barka,PLACEHOLDER,"placeholder page: ""coming soon"" (title: ""GPS | Home"")",https://www.gpsoman.com/,24 392900,https://maps.google.com/?cid=6950031299938008253&g_mp=Cidnb29nbGUubWFwcy5wbGFjZXMudjEuUGxhY2VzLlNlYXJjaFRleHQQAhgEIAA,2026-08-20
Warm,Big Broast,Restaurant,Nizwa,PLACEHOLDER,"placeholder page: ""coming soon"" (title: ""Big Broast | Fried Chicken Nizwa Oman""); also: no viewport meta tag — will not scale on a phone",http://bigbroastoman.com/,9856 4777,https://maps.google.com/?cid=2487755169244237182&g_mp=Cidnb29nbGUubWFwcy5wbGFjZXMudjEuUGxhY2VzLlNlYXJjaFRleHQQAhgEIAA,2026-08-20
Warm,Crescent spa 9 massage Nizwa,Salon,Nizwa,PLACEHOLDER,"placeholder page: ""coming soon"" (title: ""Best Massage in Crescent Spa Oman - Relax and Rejuvenate | c""); also: copyright reads 2024",https://crescentspa9.com/,9559 6120,https://maps.google.com/?cid=3723666995837324417&g_mp=Cidnb29nbGUubWFwcy5wbGFjZXMudjEuUGxhY2VzLlNlYXJjaFRleHQQAhgEIAA,2026-08-20
Warm,Dana Travel & Tourism Barka,Travel & tourism,Barka,PLACEHOLDER,"placeholder page: ""coming soon"" (title: ""Coming Soon"")",http://danatravels.com/,7808 6717,https://maps.google.com/?cid=428611735163052687&g_mp=Cidnb29nbGUubWFwcy5wbGFjZXMudjEuUGxhY2VzLlNlYXJjaFRleHQQAhgEIAA,2026-08-20
Warm,DFC SOHAR,Restaurant,Sohar,PLACEHOLDER,"placeholder page: ""coming soon""",https://dfcoman.com/,9829 2023,https://maps.google.com/?cid=6279485145304992919&g_mp=Cidnb29nbGUubWFwcy5wbGFjZXMudjEuUGxhY2VzLlNlYXJjaFRleHQQAhgEIAA,2026-08-20
Warm,DFC SUR,Restaurant,Sur,PLACEHOLDER,"placeholder page: ""coming soon""",https://dfcoman.com/,9245 2023,https://maps.google.com/?cid=3862534341064929260&g_mp=Cidnb29nbGUubWFwcy5wbGFjZXMudjEuUGxhY2VzLlNlYXJjaFRleHQQAhgEIAA,2026-08-20
Warm,Gulf Petrochemical Services & Trading llc,Trading company,Al Khuwair,PLACEHOLDER,"placeholder page: ""coming soon"" (title: ""GPS | Home"")",http://www.gpsoman.com/,,https://maps.google.com/?cid=10249188643356502361&g_mp=Cidnb29nbGUubWFwcy5wbGFjZXMudjEuUGxhY2VzLlNlYXJjaFRleHQQAhgEIAA,2026-08-20
Warm,JSS Trading and Contracting Co,Contractor,Salalah,PLACEHOLDER,"placeholder page: ""parked domain"" (title: ""Parked Domain name on Hostinger DNS system"")",https://www.jsstrading.co/,7907 9954,https://maps.google.com/?cid=7686687263573730059&g_mp=Cidnb29nbGUubWFwcy5wbGFjZXMudjEuUGxhY2VzLlNlYXJjaFRleHQQAhgEIAA,2026-08-20
Warm,Kozhikodens Restaurant,Restaurant,Ruwi,PLACEHOLDER,"placeholder page: ""coming soon"" (title: ""Kozhikoden&#39;s Restaurant - Coming Soon"")",http://kozhikodensrestaurant.com/,9030 4949,https://maps.google.com/?cid=10554934783914717792&g_mp=Cidnb29nbGUubWFwcy5wbGFjZXMudjEuUGxhY2VzLlNlYXJjaFRleHQQAhgEIAA,2026-08-20
Warm,"Metro Hospital, Barka",Medical clinic,Barka,PLACEHOLDER,"placeholder page: ""coming soon"" (title: ""Best Hospital in Oman | Metro Hospital Oman – Multi-Specialt"")",http://www.metrohospitaloman.com/,22 700999,https://maps.google.com/?cid=15859645595421569680&g_mp=Cidnb29nbGUubWFwcy5wbGFjZXMudjEuUGxhY2VzLlNlYXJjaFRleHQQAhgEIAA,2026-08-20
Warm,Oman Trading Establisment LLC,Trading company,Barka,PLACEHOLDER,"placeholder page: ""coming soon"" (title: ""OTE - Barka (Sales) | Oman Trading Establishment Chevrolet"")",http://chevrolet.oteautos.com/locations/oman-trading-barka/,26 883975,https://maps.google.com/?cid=15121182855593996869&g_mp=Cidnb29nbGUubWFwcy5wbGFjZXMudjEuUGxhY2VzLlNlYXJjaFRleHQQAhgEIAA,2026-08-20
Warm,R K Travels (Apex Services & Investment LLC),Travel & tourism,Ruwi,PLACEHOLDER,"placeholder page: ""coming soon"" (title: ""Welcome &mdash; Coming Soon"")",https://apexservoman.com/,24 834811,https://maps.google.com/?cid=16279549817177454971&g_mp=Cidnb29nbGUubWFwcy5wbGFjZXMudjEuUGxhY2VzLlNlYXJjaFRleHQQAhgEIAA,2026-08-20
Warm,Rawya,Restaurant,Muscat,PLACEHOLDER,"placeholder page: ""coming soon"" (title: ""Restaurants, Bars &amp; Lounges | Mandarin Oriental, Muscat"")",https://www.mandarinoriental.com/en/muscat/shatti-al-qurum/dine,21 038888,https://maps.google.com/?cid=8786687932803030292&g_mp=Cidnb29nbGUubWFwcy5wbGFjZXMudjEuUGxhY2VzLlNlYXJjaFRleHQQAhgEIAA,2026-08-20
Warm,Real property Management LLC,Real estate,Muscat,PLACEHOLDER,"placeholder page: ""coming soon"" (title: ""Real Property Management L.L.C | Muscat, Oman"")",https://www.rpmllcoman.com/,9773 9777,https://maps.google.com/?cid=18013667850550473090&g_mp=Cidnb29nbGUubWFwcy5wbGFjZXMudjEuUGxhY2VzLlNlYXJjaFRleHQQAhgEIAA,2026-08-20
Warm,Rent a Car - تأجير سيارات,Car rental,Al Khuwair,PLACEHOLDER,"placeholder page: ""domain for sale"" (title: ""rentcarmuscat.com for sale | Spaceship.com""); also: copyright reads 2001",http://www.rentcarmuscat.com/,9138 6170,https://maps.google.com/?cid=16232214560668586236&g_mp=Cidnb29nbGUubWFwcy5wbGFjZXMudjEuUGxhY2VzLlNlYXJjaFRleHQQAhgEIAA,2026-08-20
Warm,Secret Smile Dental Clinic (Mabella Branch),Dental clinic,Seeb,PLACEHOLDER,"placeholder page: ""parked domain""",https://www.secretsmileoman.com/,9195 7778,https://maps.google.com/?cid=9990292956898200641&g_mp=Cidnb29nbGUubWFwcy5wbGFjZXMudjEuUGxhY2VzLlNlYXJjaFRleHQQAhgEIAA,2026-08-20
Warm,Shagiwal Trade L.L.C.,Trading company,Barka,PLACEHOLDER,"placeholder page: ""parked domain"" (title: ""Parked Domain name on Hostinger DNS system"")",https://shagiwaltrade.com/,7905 5335,https://maps.google.com/?cid=1178394034787611509&g_mp=Cidnb29nbGUubWFwcy5wbGFjZXMudjEuUGxhY2VzLlNlYXJjaFRleHQQAhgEIAA,2026-08-20
Warm,Smile Gallery Clinics عيادات سمايل جاليري,Dental clinic,Muscat,PLACEHOLDER,"placeholder page: ""coming soon""",http://smilegallery.om/,7212 2269,https://maps.google.com/?cid=13599039260341045097&g_mp=Cidnb29nbGUubWFwcy5wbGFjZXMudjEuUGxhY2VzLlNlYXJjaFRleHQQAhgEIAA,2026-08-20
Warm,"TOPI VAPPA BIRIYANI RESTAURANT, RUWI MUSCAT",Restaurant,Ruwi,PLACEHOLDER,"placeholder page: ""coming soon"" (title: ""Best Biryani Restaurant in Chennai | Biryani Franchise in Ta"")",https://www.topivappa.com/,9898 9091,https://maps.google.com/?cid=17719607681789910658&g_mp=Cidnb29nbGUubWFwcy5wbGFjZXMudjEuUGxhY2VzLlNlYXJjaFRleHQQAhgEIAA,2026-08-20
Warm,Wafina CAFE,Restaurant,Barka,PLACEHOLDER,"placeholder page: ""parked domain"" (title: ""Parked Domain name on Hostinger DNS system"")",https://wafinacafe.com/,7223 3982,https://maps.google.com/?cid=7688723025468255047&g_mp=Cidnb29nbGUubWFwcy5wbGFjZXMudjEuUGxhY2VzLlNlYXJjaFRleHQQAhgEIAA,2026-08-20
Cold,Aagraham Restaurant - Ruwi,Restaurant,Ruwi,NOT_MOBILE,no viewport meta tag — will not scale on a phone,https://www.aagraham.co/,7900 7906,https://maps.google.com/?cid=8586517217782327097&g_mp=Cidnb29nbGUubWFwcy5wbGFjZXMudjEuUGxhY2VzLlNlYXJjaFRleHQQAhgEIAA,2026-08-20
Cold,Ahmed Mahmood Ahmed & Partner Law Firm احمدمحمود احمد و شركاه للمحاماة,Law firm,Ruwi,NOT_MOBILE,no viewport meta tag — will not scale on a phone,https://ama-legalfirm.com/,24 506660,https://maps.google.com/?cid=11638548859400420854&g_mp=Cidnb29nbGUubWFwcy5wbGFjZXMudjEuUGxhY2VzLlNlYXJjaFRleHQQAhgEIAA,2026-08-20
Cold,Al Bashayir residential complex,Real estate,Salalah,NOT_MOBILE,no viewport meta tag — will not scale on a phone; also: copyright reads 2013,http://www.albashayir.com/,23 291325,https://maps.google.com/?cid=9165940573638362823&g_mp=Cidnb29nbGUubWFwcy5wbGFjZXMudjEuUGxhY2VzLlNlYXJjaFRleHQQAhgEIAA,2026-08-20
Cold,Al Batinah International School,Private school,Sohar,NOT_MOBILE,no viewport meta tag — will not scale on a phone,https://www.abisoman.com/,26 850001,https://maps.google.com/?cid=9680409755696113955&g_mp=Cidnb29nbGUubWFwcy5wbGFjZXMudjEuUGxhY2VzLlNlYXJjaFRleHQQAhgEIAA,2026-08-20
Cold,Al Hosni,Travel & tourism,Seeb,NOT_MOBILE,no viewport meta tag — will not scale on a phone,http://alhosnitravels.com/,9056 0800,https://maps.google.com/?cid=7086910243844030752&g_mp=Cidnb29nbGUubWFwcy5wbGFjZXMudjEuUGxhY2VzLlNlYXJjaFRleHQQAhgEIAA,2026-08-20
Cold,Al Ibdaa International Private School مدرسة الإبداع الدولية الخاصة,Private school,Muscat,NOT_MOBILE,no viewport meta tag — will not scale on a phone,http://ibdaa.edu.om/,24 505132,https://maps.google.com/?cid=3878863123756847595&g_mp=Cidnb29nbGUubWFwcy5wbGFjZXMudjEuUGxhY2VzLlNlYXJjaFRleHQQAhgEIAA,2026-08-20
Cold,Al Naba Infrastructure LLC,Contractor,Muscat,NOT_MOBILE,no viewport meta tag — will not scale on a phone,https://www.alnabainfrastructure.com/,24 629995,https://maps.google.com/?cid=7532560072454648030&g_mp=Cidnb29nbGUubWFwcy5wbGFjZXMudjEuUGxhY2VzLlNlYXJjaFRleHQQAhgEIAA,2026-08-20
Cold,Al Saigh International L.L.C,Contractor,Al Khuwair,NOT_MOBILE,no viewport meta tag — will not scale on a phone; also: copyright reads 2015,http://www.al-saigh.com/,24 391512,https://maps.google.com/?cid=9992479818815780532&g_mp=Cidnb29nbGUubWFwcy5wbGFjZXMudjEuUGxhY2VzLlNlYXJjaFRleHQQAhgEIAA,2026-08-20
Cold,AL SHAFAQ CONSTRUCTIONS CO. LLC,Contractor,Muscat,NOT_MOBILE,no viewport meta tag — will not scale on a phone; also: copyright reads 2015,http://www.alshafaqcc.com/,24 992669,https://maps.google.com/?cid=2506665873751586465&g_mp=Cidnb29nbGUubWFwcy5wbGFjZXMudjEuUGxhY2VzLlNlYXJjaFRleHQQAhgEIAA,2026-08-20
Cold,Al Tamimi & Company التميمي و البرواني ومشاركوهم,Law firm,Muscat,NOT_MOBILE,no viewport meta tag — will not scale on a phone,https://www.tamimi.com/om-en/?utm_source=gmb&utm_medium=organic,24 218554,https://maps.google.com/?cid=7389344750691058045&g_mp=Cidnb29nbGUubWFwcy5wbGFjZXMudjEuUGxhY2VzLlNlYXJjaFRleHQQAhgEIAA,2026-08-20
Cold,Al-Hashar Tourism & Travels LLC,Travel & tourism,Al Khuwair,NOT_MOBILE,no viewport meta tag — will not scale on a phone,http://www.alhashartravels.com/,24 836100,https://maps.google.com/?cid=12059714355073148181&g_mp=Cidnb29nbGUubWFwcy5wbGFjZXMudjEuUGxhY2VzLlNlYXJjaFRleHQQAhgEIAA,2026-08-20
Cold,Barka Dental Specialist Clinic عيادة بركاء التخصصية لطب الأسنان,Dental clinic,Sur,NOT_MOBILE,no viewport meta tag — will not scale on a phone,https://barka.kesug.com/,9176 7568,https://maps.google.com/?cid=7224164591287889444&g_mp=Cidnb29nbGUubWFwcy5wbGFjZXMudjEuUGxhY2VzLlNlYXJjaFRleHQQAhgEIAA,2026-08-20
Cold,Best Power Constructions LLC القوة الفضلى للمقاولات,Contractor,Muscat,NOT_MOBILE,no viewport meta tag — will not scale on a phone,http://bestpowerconstructions.com/,24 492193,https://maps.google.com/?cid=16569427588235599106&g_mp=Cidnb29nbGUubWFwcy5wbGFjZXMudjEuUGxhY2VzLlNlYXJjaFRleHQQAhgEIAA,2026-08-20
Cold,Budget Car Rental & Leasing Sohar,Car rental,Sohar,NOT_MOBILE,no viewport meta tag — will not scale on a phone; also: copyright reads 2005,https://www.budgetoman.com/,9926 3557,https://maps.google.com/?cid=4415147362429184039&g_mp=Cidnb29nbGUubWFwcy5wbGFjZXMudjEuUGxhY2VzLlNlYXJjaFRleHQQAhgEIAA,2026-08-20
Cold,Budget Rent a Car - Muscat International Airport بدجيت لتأجير السيارات - مطار مسقط الدولي,Car rental,Sur,NOT_MOBILE,no viewport meta tag — will not scale on a phone; also: copyright reads 2005,https://www.budgetoman.com/,9556 0665,https://maps.google.com/?cid=14830536434744566424&g_mp=Cidnb29nbGUubWFwcy5wbGFjZXMudjEuUGxhY2VzLlNlYXJjaFRleHQQAhgEIAA,2026-08-20
Cold,Budget Rent A Car Al Khuwair,Car rental,Al Khuwair,NOT_MOBILE,no viewport meta tag — will not scale on a phone; also: copyright reads 2005,http://www.budgetoman.com/,9922 9515,https://maps.google.com/?cid=17850145868615763861&g_mp=Cidnb29nbGUubWFwcy5wbGFjZXMudjEuUGxhY2VzLlNlYXJjaFRleHQQAhgEIAA,2026-08-20
Cold,Budget Rent a Car Nizwa بدجت لتأجير السيارات فرع نزوى,Car rental,Nizwa,NOT_MOBILE,no viewport meta tag — will not scale on a phone; also: copyright reads 2005,https://www.budgetoman.com/,9905 8392,https://maps.google.com/?cid=3873601696390373620&g_mp=Cidnb29nbGUubWFwcy5wbGFjZXMudjEuUGxhY2VzLlNlYXJjaFRleHQQAhgEIAA,2026-08-20
Cold,Budget Rent a Car Salalah بدجت لتأجير السيارات -فرع صلالة,Car rental,Salalah,NOT_MOBILE,no viewport meta tag — will not scale on a phone; also: copyright reads 2005,http://www.budgetoman.com/,9942 7387,https://maps.google.com/?cid=4194946288257450914&g_mp=Cidnb29nbGUubWFwcy5wbGFjZXMudjEuUGxhY2VzLlNlYXJjaFRleHQQAhgEIAA,2026-08-20
Cold,Budget Rent a Car Sur,Car rental,Sur,NOT_MOBILE,no viewport meta tag — will not scale on a phone; also: copyright reads 2005,http://www.budgetoman.com/,9904 8829,https://maps.google.com/?cid=2566953504973287759&g_mp=Cidnb29nbGUubWFwcy5wbGFjZXMudjEuUGxhY2VzLlNlYXJjaFRleHQQAhgEIAA,2026-08-20
Cold,Dorrat Al Khaleej Private School Bldg.2,Private school,Al Khuwair,NOT_MOBILE,no viewport meta tag — will not scale on a phone,http://www.dorat-alkhaleej.com/,24 490120,https://maps.google.com/?cid=3943580926550610577&g_mp=Cidnb29nbGUubWFwcy5wbGFjZXMudjEuUGxhY2VzLlNlYXJjaFRleHQQAhgEIAA,2026-08-20
Cold,Enterprise Rent-A-Car - Salalah Airport,Car rental,Salalah,NOT_MOBILE,no viewport meta tag — will not scale on a phone,https://www.enterprise.com/en/car-rental-locations/om/salalah-airport-zbe3.html?mcid=yext:245709&utm_source=yext&utm_medium=local,23 367194,https://maps.google.com/?cid=2411501727638296208&g_mp=Cidnb29nbGUubWFwcy5wbGFjZXMudjEuUGxhY2VzLlNlYXJjaFRleHQQAhgEIAA,2026-08-20
Cold,Ever Ready Trading Co.,Trading company,Ruwi,NOT_MOBILE,no viewport meta tag — will not scale on a phone,https://evereadytrd.com/,24 703275,https://maps.google.com/?cid=8254954855505333922&g_mp=Cidnb29nbGUubWFwcy5wbGFjZXMudjEuUGxhY2VzLlNlYXJjaFRleHQQAhgEIAA,2026-08-20
Cold,Future solution construction company,Contractor,Seeb,NOT_MOBILE,no viewport meta tag — will not scale on a phone,http://tsenterprises.com/,9988 8420,https://maps.google.com/?cid=18053685583830179346&g_mp=Cidnb29nbGUubWFwcy5wbGFjZXMudjEuUGxhY2VzLlNlYXJjaFRleHQQAhgEIAA,2026-08-20
Cold,G&J LAW FIRM,Law firm,Sur,NOT_MOBILE,no viewport meta tag — will not scale on a phone; also: copyright reads 2014,http://www.g-jlawfirm.com/,24 566911,https://maps.google.com/?cid=6725464188601633188&g_mp=Cidnb29nbGUubWFwcy5wbGFjZXMudjEuUGxhY2VzLlNlYXJjaFRleHQQAhgEIAA,2026-08-20
Cold,Good Choice Rent A Car salalah الاختيار الجيد لتأجير السيارات صلالة عمان,Car rental,Salalah,NOT_MOBILE,no viewport meta tag — will not scale on a phone,https://g.co/kgs/fK9xeBn,7132 2094,https://maps.google.com/?cid=9897471709542138421&g_mp=Cidnb29nbGUubWFwcy5wbGFjZXMudjEuUGxhY2VzLlNlYXJjaFRleHQQAhgEIAA,2026-08-20
Cold,GroupCentury LLC,Contractor,Al Khuwair,NOT_MOBILE,no viewport meta tag — will not scale on a phone; also: copyright reads 2012,http://www.groupcentury.com/,24 591818,https://maps.google.com/?cid=6312848449339633396&g_mp=Cidnb29nbGUubWFwcy5wbGFjZXMudjEuUGxhY2VzLlNlYXJjaFRleHQQAhgEIAA,2026-08-20
Cold,Ideal Global Trading Co. LLC,Trading company,Salalah,NOT_MOBILE,no viewport meta tag — will not scale on a phone; also: copyright reads 2016,http://www.lantux.com/,9678 2594,https://maps.google.com/?cid=6389101219645460536&g_mp=Cidnb29nbGUubWFwcy5wbGFjZXMudjEuUGxhY2VzLlNlYXJjaFRleHQQAhgEIAA,2026-08-20
Cold,Innovators Private School,Private school,Seeb,NOT_MOBILE,no viewport meta tag — will not scale on a phone,https://innovatorsprivateschool.com/,7227 7070,https://maps.google.com/?cid=8167829684325969719&g_mp=Cidnb29nbGUubWFwcy5wbGFjZXMudjEuUGxhY2VzLlNlYXJjaFRleHQQAhgEIAA,2026-08-20
Cold,INTEGRATED SOLUTIONS TRADING,Trading company,Seeb,NOT_MOBILE,no viewport meta tag — will not scale on a phone,http://www.omancartools.com/,9750 0700,https://maps.google.com/?cid=8296809496978431721&g_mp=Cidnb29nbGUubWFwcy5wbGFjZXMudjEuUGxhY2VzLlNlYXJjaFRleHQQAhgEIAA,2026-08-20
Cold,Inter Gulf Trading Co LLC,Trading company,Seeb,NOT_MOBILE,no viewport meta tag — will not scale on a phone,http://igtoman.com/,24 498457,https://maps.google.com/?cid=11884420134709866549&g_mp=Cidnb29nbGUubWFwcy5wbGFjZXMudjEuUGxhY2VzLlNlYXJjaFRleHQQAhgEIAA,2026-08-20
Cold,Khalid Al Thohli Lawyers مكتب خالد الذهلي للمحاماة و الاستشارات القانونية,Law firm,Muscat,NOT_MOBILE,no viewport meta tag — will not scale on a phone,http://www.althohlilawyers.com/,9526 5955,https://maps.google.com/?cid=13614112366764384154&g_mp=Cidnb29nbGUubWFwcy5wbGFjZXMudjEuUGxhY2VzLlNlYXJjaFRleHQQAhgEIAA,2026-08-20
Cold,KM Trading Salalah,Trading company,Salalah,NOT_MOBILE,no viewport meta tag — will not scale on a phone,http://www.kmtrading.com/,23 207800,https://maps.google.com/?cid=24450759998317237&g_mp=Cidnb29nbGUubWFwcy5wbGFjZXMudjEuUGxhY2VzLlNlYXJjaFRleHQQAhgEIAA,2026-08-20
Cold,Maqar Real Estate Advisors,Real estate,Sohar,NOT_MOBILE,no viewport meta tag — will not scale on a phone,https://maqarrealty.com/,9126 0908,https://maps.google.com/?cid=1945262571661586487&g_mp=Cidnb29nbGUubWFwcy5wbGFjZXMudjEuUGxhY2VzLlNlYXJjaFRleHQQAhgEIAA,2026-08-20
Cold,Mark Tours,Travel & tourism,Ruwi,NOT_MOBILE,no viewport meta tag — will not scale on a phone; also: copyright reads 2015,http://www.marktoursoman.com/,9288 6484,https://maps.google.com/?cid=11210949393110038669&g_mp=Cidnb29nbGUubWFwcy5wbGFjZXMudjEuUGxhY2VzLlNlYXJjaFRleHQQAhgEIAA,2026-08-20
Cold,Mark Tours Salalah,Travel & tourism,Salalah,NOT_MOBILE,no viewport meta tag — will not scale on a phone; also: copyright reads 2015,https://marktoursoman.com/,9219 1169,https://maps.google.com/?cid=13210910616057770560&g_mp=Cidnb29nbGUubWFwcy5wbGFjZXMudjEuUGxhY2VzLlNlYXJjaFRleHQQAhgEIAA,2026-08-20
Cold,MARMUL TRAVEL & TOURS مرمول للسفر و السياحة,Travel & tourism,Al Khuwair,NOT_MOBILE,no viewport meta tag — will not scale on a phone,http://www.marmultravels.com/,24 482868,https://maps.google.com/?cid=16054789003373604679&g_mp=Cidnb29nbGUubWFwcy5wbGFjZXMudjEuUGxhY2VzLlNlYXJjaFRleHQQAhgEIAA,2026-08-20
Cold,MBM STEEL FABRICATION WORKSHOP,Contractor,Sohar,NOT_MOBILE,no viewport meta tag — will not scale on a phone; also: copyright reads 2010,http://www.mbmtcc.com/,26 859153,https://maps.google.com/?cid=6678180144760475091&g_mp=Cidnb29nbGUubWFwcy5wbGFjZXMudjEuUGxhY2VzLlNlYXJjaFRleHQQAhgEIAA,2026-08-20
Cold,Medsmart Dental & Medical Supplies,Dental clinic,Al Khuwair,NOT_MOBILE,no viewport meta tag — will not scale on a phone,https://medsmartoman.com/,9959 4164,https://maps.google.com/?cid=8136526320094273640&g_mp=Cidnb29nbGUubWFwcy5wbGFjZXMudjEuUGxhY2VzLlNlYXJjaFRleHQQAhgEIAA,2026-08-20
Cold,Mohammed Al Ruqaishi Law Firm محمد الرقيشي محامون ومستشارون في القانون,Law firm,Muscat,NOT_MOBILE,no viewport meta tag — will not scale on a phone,http://www.marlawfirm.com/,24 486304,https://maps.google.com/?cid=13494287887656461426&g_mp=Cidnb29nbGUubWFwcy5wbGFjZXMudjEuUGxhY2VzLlNlYXJjaFRleHQQAhgEIAA,2026-08-20
Cold,Mustafa & Kamal Ashraf Trading Co. LLC مصطفى و كمال اشرف للتجارة,Trading company,Ruwi,NOT_MOBILE,no viewport meta tag — will not scale on a phone,http://www.mktrad.com/,24 810728,https://maps.google.com/?cid=610955719558042883&g_mp=Cidnb29nbGUubWFwcy5wbGFjZXMudjEuUGxhY2VzLlNlYXJjaFRleHQQAhgEIAA,2026-08-20
Cold,Nasser Al Zidi Advocates & Legal Consultants,Law firm,Muscat,NOT_MOBILE,no viewport meta tag — will not scale on a phone; also: copyright reads 2014,http://www.nasseralzidi.com/,9066 6700,https://maps.google.com/?cid=14524219318960444360&g_mp=Cidnb29nbGUubWFwcy5wbGFjZXMudjEuUGxhY2VzLlNlYXJjaFRleHQQAhgEIAA,2026-08-20
Cold,Oasis Grace LLC,Contractor,Ruwi,NOT_MOBILE,no viewport meta tag — will not scale on a phone,https://oasisgrace.com/,24 826566,https://maps.google.com/?cid=6390052034689691254&g_mp=Cidnb29nbGUubWFwcy5wbGFjZXMudjEuUGxhY2VzLlNlYXJjaFRleHQQAhgEIAA,2026-08-20
Cold,Ocean Medical Complex L.L.C.,Medical clinic,Salalah,NOT_MOBILE,no viewport meta tag — will not scale on a phone,https://www.oceanmedicalcare.com/,23 202542,https://maps.google.com/?cid=15932802420257523272&g_mp=Cidnb29nbGUubWFwcy5wbGFjZXMudjEuUGxhY2VzLlNlYXJjaFRleHQQAhgEIAA,2026-08-20
Cold,Oman Day Tours,Travel & tourism,Muscat,NOT_MOBILE,no viewport meta tag — will not scale on a phone,http://www.omandaytours.com/,9771 0486,https://maps.google.com/?cid=8160606303855977050&g_mp=Cidnb29nbGUubWFwcy5wbGFjZXMudjEuUGxhY2VzLlNlYXJjaFRleHQQAhgEIAA,2026-08-20
Cold,Premier International Projects,Contractor,Seeb,NOT_MOBILE,no viewport meta tag — will not scale on a phone,http://www.pipoman.com/,24 484531,https://maps.google.com/?cid=6550355123117456461&g_mp=Cidnb29nbGUubWFwcy5wbGFjZXMudjEuUGxhY2VzLlNlYXJjaFRleHQQAhgEIAA,2026-08-20
Cold,Regus Sohar,Real estate,Sohar,NOT_MOBILE,no viewport meta tag — will not scale on a phone,https://www.regus.com/ar/om/7578?utm_source=google_uberall&utm_medium=places&utm_campaign=uberall&utm_content=uberall,24 667771,https://maps.google.com/?cid=9462152735561468458&g_mp=Cidnb29nbGUubWFwcy5wbGFjZXMudjEuUGxhY2VzLlNlYXJjaFRleHQQAhgEIAA,2026-08-20
Cold,Rezone Property,Real estate,Ruwi,NOT_MOBILE,no viewport meta tag — will not scale on a phone,http://www.rezoneproperty.com/,24 497055,https://maps.google.com/?cid=18005315884168545718&g_mp=Cidnb29nbGUubWFwcy5wbGFjZXMudjEuUGxhY2VzLlNlYXJjaFRleHQQAhgEIAA,2026-08-20
Cold,Rital Travel LLC,Travel & tourism,Ruwi,NOT_MOBILE,no viewport meta tag — will not scale on a phone,http://www.ritaltravel.com/,7948 0011,https://maps.google.com/?cid=7748873623151260727&g_mp=Cidnb29nbGUubWFwcy5wbGFjZXMudjEuUGxhY2VzLlNlYXJjaFRleHQQAhgEIAA,2026-08-20
Cold,Said Al Shahry Legal Training Center,Law firm,Sur,NOT_MOBILE,no viewport meta tag — will not scale on a phone,http://sltc-edu.net/,22 526999,https://maps.google.com/?cid=11435224610239560224&g_mp=Cidnb29nbGUubWFwcy5wbGFjZXMudjEuUGxhY2VzLlNlYXJjaFRleHQQAhgEIAA,2026-08-20
Cold,Salim Al Asmi Construction & Contracting,Contractor,Seeb,NOT_MOBILE,no viewport meta tag — will not scale on a phone,https://sasmicc.com/,7782 6669,https://maps.google.com/?cid=7847580189030530868&g_mp=Cidnb29nbGUubWFwcy5wbGFjZXMudjEuUGxhY2VzLlNlYXJjaFRleHQQAhgEIAA,2026-08-20
Cold,Shiyas Car Rental,Car rental,Salalah,NOT_MOBILE,no viewport meta tag — will not scale on a phone,http://www.shiyasoman.com/,9948 6596,https://maps.google.com/?cid=7327554364549277157&g_mp=Cidnb29nbGUubWFwcy5wbGFjZXMudjEuUGxhY2VzLlNlYXJjaFRleHQQAhgEIAA,2026-08-20
Cold,SISU Fitness Studio,Gym,Muscat,NOT_MOBILE,no viewport meta tag — will not scale on a phone,http://www.sisuoman.com/,7997 0312,https://maps.google.com/?cid=4896101526178400079&g_mp=Cidnb29nbGUubWFwcy5wbGFjZXMudjEuUGxhY2VzLlNlYXJjaFRleHQQAhgEIAA,2026-08-20
Cold,The Sultan's School,Private school,Seeb,NOT_MOBILE,no viewport meta tag — will not scale on a phone,http://www.sultansschool.edu.om/,24 536777,https://maps.google.com/?cid=14491201898590529754&g_mp=Cidnb29nbGUubWFwcy5wbGFjZXMudjEuUGxhY2VzLlNlYXJjaFRleHQQAhgEIAA,2026-08-20
Cold,Valencia International General Trading LLc,Trading company,Muscat,NOT_MOBILE,no viewport meta tag — will not scale on a phone,http://www.valenciatrading.com/,9478 9651,https://maps.google.com/?cid=13173837883555380776&g_mp=Cidnb29nbGUubWFwcy5wbGFjZXMudjEuUGxhY2VzLlNlYXJjaFRleHQQAhgEIAA,2026-08-20
Cold,World Trade Mega Platforms,Trading company,Seeb,NOT_MOBILE,no viewport meta tag — will not scale on a phone; also: copyright reads 2015,https://www.wtm-platforms.com/,9522 8595,https://maps.google.com/?cid=9470131906934907909&g_mp=Cidnb29nbGUubWFwcy5wbGFjZXMudjEuUGxhY2VzLlNlYXJjaFRleHQQAhgEIAA,2026-08-20
Cold,Zamaan Al Khair Restaurant,Restaurant,Al Khuwair,NOT_MOBILE,no viewport meta tag — will not scale on a phone,http://www.zamanalkhairrest.com/,9922 9230,https://maps.google.com/?cid=4305805167751020525&g_mp=Cidnb29nbGUubWFwcy5wbGFjZXMudjEuUGxhY2VzLlNlYXJjaFRleHQQAhgEIAA,2026-08-20
Cold,الدكتور أسعد الحضرمي محامون ومستشارون في القانون,Law firm,Muscat,NOT_MOBILE,no viewport meta tag — will not scale on a phone,https://www.drasadlaw.com/,9553 8857,https://maps.google.com/?cid=17869574883948542320&g_mp=Cidnb29nbGUubWFwcy5wbGFjZXMudjEuUGxhY2VzLlNlYXJjaFRleHQQAhgEIAA,2026-08-20
Cold,صالون روعة الجمال الوردي,Salon,Seeb,NOT_MOBILE,no viewport meta tag — will not scale on a phone,https://pinkbeauty.epizy.com/,9301 0040,https://maps.google.com/?cid=4535916805014696382&g_mp=Cidnb29nbGUubWFwcy5wbGFjZXMudjEuUGxhY2VzLlNlYXJjaFRleHQQAhgEIAA,2026-08-20
Cold,مدرسة الأوائل,Private school,Seeb,NOT_MOBILE,no viewport meta tag — will not scale on a phone,http://awaedu.net/,7904 7969,https://maps.google.com/?cid=4982050837939425096&g_mp=Cidnb29nbGUubWFwcy5wbGFjZXMudjEuUGxhY2VzLlNlYXJjaFRleHQQAhgEIAA,2026-08-20
Cold,مدرسة الابداع العلمي Creative Science School,Private school,Salalah,NOT_MOBILE,no viewport meta tag — will not scale on a phone,http://www.cspschool.com/,9956 2589,https://maps.google.com/?cid=9497172940257541772&g_mp=Cidnb29nbGUubWFwcy5wbGFjZXMudjEuUGxhY2VzLlNlYXJjaFRleHQQAhgEIAA,2026-08-20
Cold,مدرسة الغبرة الخاصة Al Ghubra Private School,Private school,Muscat,NOT_MOBILE,no viewport meta tag — will not scale on a phone,https://ghubrapvts.com/,9987 0789,https://maps.google.com/?cid=6778488618907056131&g_mp=Cidnb29nbGUubWFwcy5wbGFjZXMudjEuUGxhY2VzLlNlYXJjaFRleHQQAhgEIAA,2026-08-20
Cold,مركز فرح للخدمات الطبية Farah Medical Center,Medical clinic,Muscat,NOT_MOBILE,no viewport meta tag — will not scale on a phone,http://www.sultanmedica.com/,24 493737,https://maps.google.com/?cid=10077047914271867907&g_mp=Cidnb29nbGUubWFwcy5wbGFjZXMudjEuUGxhY2VzLlNlYXJjaFRleHQQAhgEIAA,2026-08-20
Cold,مكتب الدكتور خالد الوهيبي للمحاماة والاستشارات القانونية Dr. Khalid Al-Wahaibi Law Firm,Law firm,Al Khuwair,NOT_MOBILE,no viewport meta tag — will not scale on a phone; also: copyright reads 2015,http://www.khalidalwahaibi-omanlegal.com/,,https://maps.google.com/?cid=17023870216973759333&g_mp=Cidnb29nbGUubWFwcy5wbGFjZXMudjEuUGxhY2VzLlNlYXJjaFRleHQQAhgEIAA,2026-08-20
Cold,نور الخليج لتأجير السيارات NOOR GULF RENT A CAR,Car rental,Salalah,NOT_MOBILE,no viewport meta tag — will not scale on a phone,https://noorgulf.net/,7753 3380,https://maps.google.com/?cid=16629748121063245853&g_mp=Cidnb29nbGUubWFwcy5wbGFjZXMudjEuUGxhY2VzLlNlYXJjaFRleHQQAhgEIAA,2026-08-20
Cold,(عيادات الأسنان في مركز الحكيم الطبي ) Al Hakeem Dentist Salalah,Dental clinic,Salalah,STALE,copyright reads 2022,https://www.alhakeemmedical.com/dental/,7157 7713,https://maps.google.com/?cid=4570421495974498751&g_mp=Cidnb29nbGUubWFwcy5wbGFjZXMudjEuUGxhY2VzLlNlYXJjaFRleHQQAhgEIAA,2026-08-20
Cold,ABA Oman International School,Private school,Muscat,STALE,copyright reads 2007,http://www.abaoman.org/,24 955800,https://maps.google.com/?cid=17965662165273438044&g_mp=Cidnb29nbGUubWFwcy5wbGFjZXMudjEuUGxhY2VzLlNlYXJjaFRleHQQAhgEIAA,2026-08-20
Cold,Abu Sultan Investments LLC,Real estate,Ruwi,STALE,copyright reads 2023,http://www.smiholdings.com/,24 798241,https://maps.google.com/?cid=3633638091498805470&g_mp=Cidnb29nbGUubWFwcy5wbGFjZXMudjEuUGxhY2VzLlNlYXJjaFRleHQQAhgEIAA,2026-08-20
Cold,Advanced Medical Center المركز الطبي الايراني,Medical clinic,Ruwi,STALE,copyright reads 2020,http://amc-muscat.com/,9883 4006,https://maps.google.com/?cid=6224048382376230711&g_mp=Cidnb29nbGUubWFwcy5wbGFjZXMudjEuUGxhY2VzLlNlYXJjaFRleHQQAhgEIAA,2026-08-20
Cold,AFAQ AL KAWTHAR TRADING,Trading company,Seeb,STALE,copyright reads 2023,http://www.afaqalkawthar.com/,9793 1429,https://maps.google.com/?cid=11104990334473324980&g_mp=Cidnb29nbGUubWFwcy5wbGFjZXMudjEuUGxhY2VzLlNlYXJjaFRleHQQAhgEIAA,2026-08-20
Cold,Al Amanah International Repair and Maintenance SPC,Trading company,Al Khuwair,STALE,copyright reads 2022,http://www.alamanahintl.com/,9067 9556,https://maps.google.com/?cid=3701890292150666780&g_mp=Cidnb29nbGUubWFwcy5wbGFjZXMudjEuUGxhY2VzLlNlYXJjaFRleHQQAhgEIAA,2026-08-20
Cold,Al Dhiya Private School,Private school,Salalah,STALE,copyright reads 2024,https://www.aldhiyainternational.com/,9588 2848,https://maps.google.com/?cid=13987863946717442745&g_mp=Cidnb29nbGUubWFwcy5wbGFjZXMudjEuUGxhY2VzLlNlYXJjaFRleHQQAhgEIAA,2026-08-20
Cold,AL HIBA INTERNATIONAL TRADING & CONTRACTING CO L.L.C - HEAD OFFICE,Contractor,Nizwa,STALE,copyright reads 2024,http://alhiba.om/,9230 4453,https://maps.google.com/?cid=8390515158272195622&g_mp=Cidnb29nbGUubWFwcy5wbGFjZXMudjEuUGxhY2VzLlNlYXJjaFRleHQQAhgEIAA,2026-08-20
Cold,Al Hilal Al Turkey,Restaurant,Al Khuwair,STALE,copyright reads 2019,https://alhilalalturkey.com.om/,7270 8883,https://maps.google.com/?cid=12735613891341806326&g_mp=Cidnb29nbGUubWFwcy5wbGFjZXMudjEuUGxhY2VzLlNlYXJjaFRleHQQAhgEIAA,2026-08-20
Cold,Al Madina Trading & Cont. EST,Trading company,Ruwi,STALE,copyright reads 2013,http://www.almadina-oman.com/,9461 4086,https://maps.google.com/?cid=387697674362407993&g_mp=Cidnb29nbGUubWFwcy5wbGFjZXMudjEuUGxhY2VzLlNlYXJjaFRleHQQAhgEIAA,2026-08-20
Cold,AL MANAR CONSTRUCTION LLC المنار للمقاولات,Contractor,Muscat,STALE,copyright reads 2023,https://almanar.om/,9524 2463,https://maps.google.com/?cid=14576939572671174133&g_mp=Cidnb29nbGUubWFwcy5wbGFjZXMudjEuUGxhY2VzLlNlYXJjaFRleHQQAhgEIAA,2026-08-20
Cold,AL MUZN OASIS MEDICAL CENTER,Medical clinic,Muscat,STALE,copyright reads 2024,http://www.almuznoasis.com/,22 070941,https://maps.google.com/?cid=4616748083409127226&g_mp=Cidnb29nbGUubWFwcy5wbGFjZXMudjEuUGxhY2VzLlNlYXJjaFRleHQQAhgEIAA,2026-08-20
Cold,AL QASAEM BUILDING MATERIALS,Contractor,Sur,STALE,copyright reads 2018,http://alqasaem.com/,7936 3233,https://maps.google.com/?cid=4110422701010869715&g_mp=Cidnb29nbGUubWFwcy5wbGFjZXMudjEuUGxhY2VzLlNlYXJjaFRleHQQAhgEIAA,2026-08-20
Cold,Al Salama Polyclinic,Medical clinic,Seeb,STALE,copyright reads 2023,http://www.alsalamamuscat.com/,24 451726,https://maps.google.com/?cid=13397522632799180152&g_mp=Cidnb29nbGUubWFwcy5wbGFjZXMudjEuUGxhY2VzLlNlYXJjaFRleHQQAhgEIAA,2026-08-20
Cold,Al Seer Group LLC مجموعة الصير اللوجستية,Trading company,Barka,STALE,copyright reads 2021,http://www.alseer.com/,,https://maps.google.com/?cid=14904143879117336593&g_mp=Cidnb29nbGUubWFwcy5wbGFjZXMudjEuUGxhY2VzLlNlYXJjaFRleHQQAhgEIAA,2026-08-20
Cold,Al Takween United Trading Co. LLC - Building Materials,Contractor,Salalah,STALE,copyright reads 2024,https://al-takween.com/,9967 1873,https://maps.google.com/?cid=11673116307569246361&g_mp=Cidnb29nbGUubWFwcy5wbGFjZXMudjEuUGxhY2VzLlNlYXJjaFRleHQQAhgEIAA,2026-08-20
Cold,Al Watanyiah United Engineering & Contracting Co. الشركة الوطنية المتحدة للهندسة و المقاولات,Contractor,Muscat,STALE,copyright reads 2019,http://www.alwatanyiah.om/,24 502581,https://maps.google.com/?cid=16950498396198371655&g_mp=Cidnb29nbGUubWFwcy5wbGFjZXMudjEuUGxhY2VzLlNlYXJjaFRleHQQAhgEIAA,2026-08-20
Cold,Al Watheq Engineering & Contracting Company LLC,Contractor,Salalah,STALE,copyright reads 2024,http://www.alwatheqoman.com/,23 212224,https://maps.google.com/?cid=3407748409844006211&g_mp=Cidnb29nbGUubWFwcy5wbGFjZXMudjEuUGxhY2VzLlNlYXJjaFRleHQQAhgEIAA,2026-08-20
Cold,Al-Qasaem Trading and Contracting Company,Contractor,Sur,STALE,copyright reads 2018,https://alqasaem.com/contact.html,,https://maps.google.com/?cid=15802718144219259225&g_mp=Cidnb29nbGUubWFwcy5wbGFjZXMudjEuUGxhY2VzLlNlYXJjaFRleHQQAhgEIAA,2026-08-20
Cold,ASEEL SOHAR INTERNATIONAL LLC,Trading company,Sohar,STALE,copyright reads 2024,https://asitissue.com/,9240 9792,https://maps.google.com/?cid=4610237657527769426&g_mp=Cidnb29nbGUubWFwcy5wbGFjZXMudjEuUGxhY2VzLlNlYXJjaFRleHQQAhgEIAA,2026-08-20
Cold,Badr Al Sama Hospital Salalah مستشفى بدر السماء صلالة,Medical clinic,Salalah,STALE,copyright reads 2019,https://salalah.badralsamaahospitals.com/,23 291830,https://maps.google.com/?cid=2807807801752288062&g_mp=Cidnb29nbGUubWFwcy5wbGFjZXMudjEuUGxhY2VzLlNlYXJjaFRleHQQAhgEIAA,2026-08-20
Cold,Badr Al Samaa Hospital Ruwi,Medical clinic,Ruwi,STALE,copyright reads 2019,https://ruwi.badralsamaahospitals.com/,22 717171,https://maps.google.com/?cid=6508877652809453736&g_mp=Cidnb29nbGUubWFwcy5wbGFjZXMudjEuUGxhY2VzLlNlYXJjaFRleHQQAhgEIAA,2026-08-20
Cold,"Badr Al Samaa Hospital, Al Khoud",Medical clinic,Sur,STALE,copyright reads 2019,https://al-khoud.badralsamaahospitals.com/,21 142600,https://maps.google.com/?cid=6732997057314264193&g_mp=Cidnb29nbGUubWFwcy5wbGFjZXMudjEuUGxhY2VzLlNlYXJjaFRleHQQAhgEIAA,2026-08-20
Cold,"Badr Al Samaa Hospital, Barka مستشفى بدر السماء بركاء",Medical clinic,Sur,STALE,copyright reads 2019,https://barka.badralsamaahospitals.com/,26 884910,https://maps.google.com/?cid=12269412536153709108&g_mp=Cidnb29nbGUubWFwcy5wbGFjZXMudjEuUGxhY2VzLlNlYXJjaFRleHQQAhgEIAA,2026-08-20
Cold,"Badr Al Samaa Hospital, Sohar",Medical clinic,Sohar,STALE,copyright reads 2019,https://sohar.badralsamaahospitals.com/,22 826624,https://maps.google.com/?cid=15348925680066477379&g_mp=Cidnb29nbGUubWFwcy5wbGFjZXMudjEuUGxhY2VzLlNlYXJjaFRleHQQAhgEIAA,2026-08-20
Cold,"Badr Al Samaa hospital,Nizwa مستشفى بدر السماء - نزوى",Medical clinic,Nizwa,STALE,copyright reads 2019,https://nizwa.badralsamaahospitals.com/,25 447777,https://maps.google.com/?cid=17729398167399853635&g_mp=Cidnb29nbGUubWFwcy5wbGFjZXMudjEuUGxhY2VzLlNlYXJjaFRleHQQAhgEIAA,2026-08-20
Cold,Badr Al Samaa Mabelah,Medical clinic,Seeb,STALE,copyright reads 2019,https://mabella.badralsamaahospitals.com/,9396 1177,https://maps.google.com/?cid=12799830204319973528&g_mp=Cidnb29nbGUubWFwcy5wbGFjZXMudjEuUGxhY2VzLlNlYXJjaFRleHQQAhgEIAA,2026-08-20
Cold,Badr Al Samaa Medical Centre Al Khuwair مستوصف بدر السماء - الخوير,Medical clinic,Al Khuwair,STALE,copyright reads 2019,https://al-khuwair.badralsamaahospitals.com/,24 488322,https://maps.google.com/?cid=3276751208006121218&g_mp=Cidnb29nbGUubWFwcy5wbGFjZXMudjEuUGxhY2VzLlNlYXJjaFRleHQQAhgEIAA,2026-08-20
Cold,Badr Al Samaa Polyclinic Sur مستوصف بدر السماء - صور,Medical clinic,Sur,STALE,copyright reads 2019,https://sur.badralsamaahospitals.com/,25 546112,https://maps.google.com/?cid=10240781379604807456&g_mp=Cidnb29nbGUubWFwcy5wbGFjZXMudjEuUGxhY2VzLlNlYXJjaFRleHQQAhgEIAA,2026-08-20
Cold,"Badr Al Samaa Polyclinic, Falaj Al Qabail مستشفى بدر السماء",Medical clinic,Sohar,STALE,copyright reads 2019,http://falaj.badralsamaahospitals.com/,26 754131,https://maps.google.com/?cid=13443937744876310477&g_mp=Cidnb29nbGUubWFwcy5wbGFjZXMudjEuUGxhY2VzLlNlYXJjaFRleHQQAhgEIAA,2026-08-20
Cold,Bahanis Trading Company بهانس للتجارة,Trading company,Muscat,STALE,copyright reads 2018,http://www.alhosnigroup.com/,24 504938,https://maps.google.com/?cid=2875881215428584216&g_mp=Cidnb29nbGUubWFwcy5wbGFjZXMudjEuUGxhY2VzLlNlYXJjaFRleHQQAhgEIAA,2026-08-20
Cold,"Bait Al Qanoon - Al Rashdi, Al Nabhani, Al Abri & Co Advocates & Legal Consultants",Law firm,Muscat,STALE,copyright reads 2011,http://www.baitqanoon.com/,24 092200,https://maps.google.com/?cid=6848415137281323412&g_mp=Cidnb29nbGUubWFwcy5wbGFjZXMudjEuUGxhY2VzLlNlYXJjaFRleHQQAhgEIAA,2026-08-20
Cold,BALC Law Firm and Legal Consultency,Law firm,Al Khuwair,STALE,copyright reads 2016,http://www.battywashahiadvocates.com/,24 487500,https://maps.google.com/?cid=12599480569835508519&g_mp=Cidnb29nbGUubWFwcy5wbGFjZXMudjEuUGxhY2VzLlNlYXJjaFRleHQQAhgEIAA,2026-08-20
Cold,Barka Cement Product Factory,Contractor,Barka,STALE,copyright reads 2017,http://www.snsbbf.com/,26 882654,https://maps.google.com/?cid=12660595722452155630&g_mp=Cidnb29nbGUubWFwcy5wbGFjZXMudjEuUGxhY2VzLlNlYXJjaFRleHQQAhgEIAA,2026-08-20
Cold,Business International Group LLC.(Part of The Zubair Group ),Trading company,Nizwa,STALE,copyright reads 2023,http://www.bigllcoman.com/,24 399300,https://maps.google.com/?cid=5690371862289323562&g_mp=Cidnb29nbGUubWFwcy5wbGFjZXMudjEuUGxhY2VzLlNlYXJjaFRleHQQAhgEIAA,2026-08-20
Cold,"Calicut Ayurvedic Clinic, Barka كاليكت ءيادة طب هندي تقليدي، بركاء",Medical clinic,Barka,STALE,copyright reads 2019,http://www.calicutayurveda.com/,26 880055,https://maps.google.com/?cid=15649439885524414382&g_mp=Cidnb29nbGUubWFwcy5wbGFjZXMudjEuUGxhY2VzLlNlYXJjaFRleHQQAhgEIAA,2026-08-20
Cold,Care & Cure Polyclinic,Medical clinic,Sur,STALE,copyright reads 2019,https://careandcurepolyclinicoman.com/,9968 6978,https://maps.google.com/?cid=8321958486311844131&g_mp=Cidnb29nbGUubWFwcy5wbGFjZXMudjEuUGxhY2VzLlNlYXJjaFRleHQQAhgEIAA,2026-08-20
Cold,Cash counting machine Oman - Dalfa technical trading llc - Exclusive DISTRIBUTOR OF HITACHI NOTE COUNTERS OMAN,Trading company,Seeb,STALE,copyright reads 2020,http://www.dalfaoman.com/,9594 4223,https://maps.google.com/?cid=3260682109216737142&g_mp=Cidnb29nbGUubWFwcy5wbGFjZXMudjEuUGxhY2VzLlNlYXJjaFRleHQQAhgEIAA,2026-08-20
Cold,Cosmos contracting Company LLC- Head office,Contractor,Muscat,STALE,copyright reads 2016,http://www.cosmosoman.co/,24 794921,https://maps.google.com/?cid=11510140457644685717&g_mp=Cidnb29nbGUubWFwcy5wbGFjZXMudjEuUGxhY2VzLlNlYXJjaFRleHQQAhgEIAA,2026-08-20
Cold,Deepa's Salon Oman صالون ديبا للجمال,Salon,Muscat,STALE,copyright reads 2023,http://www.deepasalonoman.com/,9663 2833,https://maps.google.com/?cid=3526215586430030814&g_mp=Cidnb29nbGUubWFwcy5wbGFjZXMudjEuUGxhY2VzLlNlYXJjaFRleHQQAhgEIAA,2026-08-20
Cold,DELTA Engineering & Contracting LLC,Contractor,Ruwi,STALE,copyright reads 2024,http://www.deltaoman.co.om/,9030 5151,https://maps.google.com/?cid=4870539645028844845&g_mp=Cidnb29nbGUubWFwcy5wbGFjZXMudjEuUGxhY2VzLlNlYXJjaFRleHQQAhgEIAA,2026-08-20
Cold,Diamond Wealth Trading LLC,Trading company,Muscat,STALE,copyright reads 2014,http://www.diamondwealth.org/,24 117394,https://maps.google.com/?cid=12809970353105370020&g_mp=Cidnb29nbGUubWFwcy5wbGFjZXMudjEuUGxhY2VzLlNlYXJjaFRleHQQAhgEIAA,2026-08-20
Cold,Emaar Energy LLC,Contractor,Al Khuwair,STALE,copyright reads 2012,https://emaargroups.com/,9633 7809,https://maps.google.com/?cid=9205053419640760181&g_mp=Cidnb29nbGUubWFwcy5wbGFjZXMudjEuUGxhY2VzLlNlYXJjaFRleHQQAhgEIAA,2026-08-20
Cold,Golden key Real estate Management,Real estate,Al Khuwair,STALE,copyright reads 2024,https://goldenkey.realestate/,7237 0000,https://maps.google.com/?cid=6307736793608914211&g_mp=Cidnb29nbGUubWFwcy5wbGFjZXMudjEuUGxhY2VzLlNlYXJjaFRleHQQAhgEIAA,2026-08-20
Cold,"Golden Key Real Estate, Muscat",Real estate,Ruwi,STALE,copyright reads 2024,https://goldenkey.realestate/,9376 0001,https://maps.google.com/?cid=13118315887499473672&g_mp=Cidnb29nbGUubWFwcy5wbGFjZXMudjEuUGxhY2VzLlNlYXJjaFRleHQQAhgEIAA,2026-08-20
Cold,GREEN LINE GENERAL TRADING LLC,Trading company,Muscat,STALE,copyright reads 2018,https://greenlinemc.com/,9529 0459,https://maps.google.com/?cid=7665133987662357023&g_mp=Cidnb29nbGUubWFwcy5wbGFjZXMudjEuUGxhY2VzLlNlYXJjaFRleHQQAhgEIAA,2026-08-20
Cold,Grip Fitness Studio,Gym,Sur,STALE,copyright reads 2011,https://gripfitnessstudio.com/,9206 9950,https://maps.google.com/?cid=2971819034282727408&g_mp=Cidnb29nbGUubWFwcy5wbGFjZXMudjEuUGxhY2VzLlNlYXJjaFRleHQQAhgEIAA,2026-08-20
Cold,Harub Dental Mawaleh عيادة حارب لطب و جراحة الاسنان,Dental clinic,Seeb,STALE,copyright reads 2022,http://www.harubdental.com/,7231 7333,https://maps.google.com/?cid=284990383272002728&g_mp=Cidnb29nbGUubWFwcy5wbGFjZXMudjEuUGxhY2VzLlNlYXJjaFRleHQQAhgEIAA,2026-08-20
Cold,Harub Dental Surgery Qurum,Dental clinic,Ruwi,STALE,copyright reads 2022,http://www.harubdental.com/,24 564885,https://maps.google.com/?cid=9900487422947079655&g_mp=Cidnb29nbGUubWFwcy5wbGFjZXMudjEuUGxhY2VzLlNlYXJjaFRleHQQAhgEIAA,2026-08-20
Cold,Hussain Al Toubi Law Firm,Law firm,Ruwi,STALE,copyright reads 2024,https://www.hatlf.com/,9663 1590,https://maps.google.com/?cid=8425183549873619010&g_mp=Cidnb29nbGUubWFwcy5wbGFjZXMudjEuUGxhY2VzLlNlYXJjaFRleHQQAhgEIAA,2026-08-20
Cold,Indian School Darsait - Junior,Private school,Ruwi,STALE,copyright reads 2022,https://www.isdoman.com/,24 783995,https://maps.google.com/?cid=13789350502812133202&g_mp=Cidnb29nbGUubWFwcy5wbGFjZXMudjEuUGxhY2VzLlNlYXJjaFRleHQQAhgEIAA,2026-08-20
Cold,Indian School Sohar,Private school,Sohar,STALE,copyright reads 2024,http://www.indianschoolsohar.com/,26 841885,https://maps.google.com/?cid=11017331406526287600&g_mp=Cidnb29nbGUubWFwcy5wbGFjZXMudjEuUGxhY2VzLlNlYXJjaFRleHQQAhgEIAA,2026-08-20
Cold,Khimji's House of Travel,Travel & tourism,Ruwi,STALE,copyright reads 2024,http://www.khimjistravel.com/,24 760500,https://maps.google.com/?cid=15982685464199768620&g_mp=Cidnb29nbGUubWFwcy5wbGFjZXMudjEuUGxhY2VzLlNlYXJjaFRleHQQAhgEIAA,2026-08-20
Cold,Majid Al Alawi Law Firm مكتب ماجد العلوي للمحاماة,Law firm,Muscat,STALE,copyright reads 2012,https://majid.legal/,9115 1111,https://maps.google.com/?cid=5193239107040484761&g_mp=Cidnb29nbGUubWFwcy5wbGFjZXMudjEuUGxhY2VzLlNlYXJjaFRleHQQAhgEIAA,2026-08-20
Cold,Makdas Fried Chicken & Pizza,Restaurant,Salalah,STALE,copyright reads 2019,http://makdas.co/,23 295330,https://maps.google.com/?cid=812064293219488833&g_mp=Cidnb29nbGUubWFwcy5wbGFjZXMudjEuUGxhY2VzLlNlYXJjaFRleHQQAhgEIAA,2026-08-20
Cold,Modern Al Salama Polyclinic Ansab,Medical clinic,Muscat,STALE,copyright reads 2023,http://www.alsalamamuscat.com/,7916 6452 ext. 79206452,https://maps.google.com/?cid=18419406727802957914&g_mp=Cidnb29nbGUubWFwcy5wbGFjZXMudjEuUGxhY2VzLlNlYXJjaFRleHQQAhgEIAA,2026-08-20
Cold,MODERN INTERNATIONAL SCHOOL,Private school,Muscat,STALE,copyright reads 2018,http://www.miso.om/,24 138842,https://maps.google.com/?cid=1015651695440588402&g_mp=Cidnb29nbGUubWFwcy5wbGFjZXMudjEuUGxhY2VzLlNlYXJjaFRleHQQAhgEIAA,2026-08-20
Cold,"MUKHILIEF TRADING & CONTRACTING LLC,",Contractor,Sohar,STALE,copyright reads 2024,https://mukhlif.com/,9638 4774,https://maps.google.com/?cid=14111809596859612750&g_mp=Cidnb29nbGUubWFwcy5wbGFjZXMudjEuUGxhY2VzLlNlYXJjaFRleHQQAhgEIAA,2026-08-20
Cold,Nada Happiness Head Office,Trading company,Seeb,STALE,copyright reads 2023,http://www.nadahappiness.com/,9139 8760,https://maps.google.com/?cid=3153925221621073418&g_mp=Cidnb29nbGUubWFwcy5wbGFjZXMudjEuUGxhY2VzLlNlYXJjaFRleHQQAhgEIAA,2026-08-20
Cold,National Renaissance Construction & Contracting LLC,Contractor,Ruwi,STALE,copyright reads 2024,http://www.nrcc.com/,9292 6630,https://maps.google.com/?cid=17006139174111505829&g_mp=Cidnb29nbGUubWFwcy5wbGFjZXMudjEuUGxhY2VzLlNlYXJjaFRleHQQAhgEIAA,2026-08-20
Cold,New Hope Medical Center- Oman / مركزنيوهوب الطبي للخصوبة والمساعدة على الانجاب في مسقط,Medical clinic,Ruwi,STALE,copyright reads 2023,http://www.newhope-mc.com/,24 576100,https://maps.google.com/?cid=5145622575331766216&g_mp=Cidnb29nbGUubWFwcy5wbGFjZXMudjEuUGxhY2VzLlNlYXJjaFRleHQQAhgEIAA,2026-08-20
Cold,Omancars,Car rental,Ruwi,STALE,copyright reads 2022,http://omancars.co/,7152 1948,https://maps.google.com/?cid=10723675818231082976&g_mp=Cidnb29nbGUubWFwcy5wbGFjZXMudjEuUGxhY2VzLlNlYXJjaFRleHQQAhgEIAA,2026-08-20
Cold,Pearly White Dental Center,Dental clinic,Muscat,STALE,copyright reads 2018,http://www.mypearlywhite.com/,9705 2624,https://maps.google.com/?cid=13003382652035725800&g_mp=Cidnb29nbGUubWFwcy5wbGFjZXMudjEuUGxhY2VzLlNlYXJjaFRleHQQAhgEIAA,2026-08-20
Cold,PRIME TRADING CO.LLC,Trading company,Muscat,STALE,copyright reads 2024,http://www.primetrading.co.om/,24 815582,https://maps.google.com/?cid=3006885984124505644&g_mp=Cidnb29nbGUubWFwcy5wbGFjZXMudjEuUGxhY2VzLlNlYXJjaFRleHQQAhgEIAA,2026-08-20
Cold,Roberto's Muscat,Restaurant,Muscat,STALE,copyright reads 2024,https://www.robertosmuscat.com/,9662 8569,https://maps.google.com/?cid=17550416213670956750&g_mp=Cidnb29nbGUubWFwcy5wbGFjZXMudjEuUGxhY2VzLlNlYXJjaFRleHQQAhgEIAA,2026-08-20
Cold,ROYAL KING TRAVEL MANAGEMENT COMPANY,Travel & tourism,Ruwi,STALE,copyright reads 2023,http://rktmc.com/,9580 4848,https://maps.google.com/?cid=8739840908808568938&g_mp=Cidnb29nbGUubWFwcy5wbGFjZXMudjEuUGxhY2VzLlNlYXJjaFRleHQQAhgEIAA,2026-08-20
Cold,Salalah International School,Private school,Salalah,STALE,copyright reads 2019,http://www.sisoman.com/,23 320100,https://maps.google.com/?cid=11148698961161028120&g_mp=Cidnb29nbGUubWFwcy5wbGFjZXMudjEuUGxhY2VzLlNlYXJjaFRleHQQAhgEIAA,2026-08-20
Cold,"SEMCO LLC (Star Electro Mechanical Company) Muscat, Oman",Contractor,Muscat,STALE,copyright reads 2023,https://starelmech.com/,9226 7342,https://maps.google.com/?cid=12067759836941276172&g_mp=Cidnb29nbGUubWFwcy5wbGFjZXMudjEuUGxhY2VzLlNlYXJjaFRleHQQAhgEIAA,2026-08-20
Cold,Sights Tours - Car Rental & Oman Tourism Company,Travel & tourism,Muscat,STALE,copyright reads 2019,https://www.sightstours.com/,7111 9983,https://maps.google.com/?cid=4960786269760435180&g_mp=Cidnb29nbGUubWFwcy5wbGFjZXMudjEuUGxhY2VzLlNlYXJjaFRleHQQAhgEIAA,2026-08-20
Cold,STS SAFARI TRAVEL & TOURS RENT A CAR,Car rental,Ruwi,STALE,copyright reads 2024,https://stssafari.com/,9619 4722,https://maps.google.com/?cid=16809901501948556888&g_mp=Cidnb29nbGUubWFwcy5wbGFjZXMudjEuUGxhY2VzLlNlYXJjaFRleHQQAhgEIAA,2026-08-20
Cold,Taif Al Badiya Trading L.L.C,Trading company,Barka,STALE,copyright reads 2020,http://www.taifalbadiya.com/,7989 2287,https://maps.google.com/?cid=5227827670319523786&g_mp=Cidnb29nbGUubWFwcy5wbGFjZXMudjEuUGxhY2VzLlNlYXJjaFRleHQQAhgEIAA,2026-08-20
Cold,Tameer Alatheer SPC,Contractor,Sohar,STALE,copyright reads 2022,https://www.tameeralatheeroman.com/,9449 7310,https://maps.google.com/?cid=9422005909401082123&g_mp=Cidnb29nbGUubWFwcy5wbGFjZXMudjEuUGxhY2VzLlNlYXJjaFRleHQQAhgEIAA,2026-08-20
Cold,The Wellness Centre,Gym,Seeb,STALE,copyright reads 2017,https://wave-wellness.com/,24 128444,https://maps.google.com/?cid=2327124846022521797&g_mp=Cidnb29nbGUubWFwcy5wbGFjZXMudjEuUGxhY2VzLlNlYXJjaFRleHQQAhgEIAA,2026-08-20
Cold,Thomas and Partner توماس وشركاه,Contractor,Al Khuwair,STALE,copyright reads 2023,https://www.thomasandpartner.com/,7100 5757,https://maps.google.com/?cid=6156329631400881679&g_mp=Cidnb29nbGUubWFwcy5wbGFjZXMudjEuUGxhY2VzLlNlYXJjaFRleHQQAhgEIAA,2026-08-20
Cold,Unique Cont. Co LLC,Contractor,Al Khuwair,STALE,copyright reads 2018,https://uniqueom.com/,24 397824,https://maps.google.com/?cid=11034226065668101597&g_mp=Cidnb29nbGUubWFwcy5wbGFjZXMudjEuUGxhY2VzLlNlYXJjaFRleHQQAhgEIAA,2026-08-20
Cold,Vira Bridge Trading,Trading company,Muscat,STALE,copyright reads 2024,https://www.virabridge.com/,9144 1531,https://maps.google.com/?cid=2890120446611834207&g_mp=Cidnb29nbGUubWFwcy5wbGFjZXMudjEuUGxhY2VzLlNlYXJjaFRleHQQAhgEIAA,2026-08-20
Cold,Wave Homes L.L.C.,Real estate,Muscat,STALE,copyright reads 2015,https://www.wavehomes.net/,9506 4803,https://maps.google.com/?cid=2411413656502183587&g_mp=Cidnb29nbGUubWFwcy5wbGFjZXMudjEuUGxhY2VzLlNlYXJjaFRleHQQAhgEIAA,2026-08-20
Cold,Xecorent car rental - تأجير السيارات - Rent a car,Car rental,Al Khuwair,STALE,copyright reads 2023,https://xecorent.com/,7721 0077,https://maps.google.com/?cid=13334721774667981566&g_mp=Cidnb29nbGUubWFwcy5wbGFjZXMudjEuUGxhY2VzLlNlYXJjaFRleHQQAhgEIAA,2026-08-20
Cold,Yahya Albusaidi MRI & CT Scan Center,Medical clinic,Barka,STALE,copyright reads 2024,http://www.ymcmri.com/,9076 3311,https://maps.google.com/?cid=5257751184990159869&g_mp=Cidnb29nbGUubWFwcy5wbGFjZXMudjEuUGxhY2VzLlNlYXJjaFRleHQQAhgEIAA,2026-08-20
Cold,Younis Al Amri and Sayed Taher Advocates & Solicitors(YLAW),Law firm,Al Khuwair,STALE,copyright reads 2019,http://anlawoman.com/,7133 3351,https://maps.google.com/?cid=6763042460453144644&g_mp=Cidnb29nbGUubWFwcy5wbGFjZXMudjEuUGxhY2VzLlNlYXJjaFRleHQQAhgEIAA,2026-08-20
Cold,الكاف والرواس محامون ومستشارون قانونيون KR Lawyers,Law firm,Salalah,STALE,copyright reads 2017,http://www.krlaw.co/,9550 5447,https://maps.google.com/?cid=5623635798368622855&g_mp=Cidnb29nbGUubWFwcy5wbGFjZXMudjEuUGxhY2VzLlNlYXJjaFRleHQQAhgEIAA,2026-08-20
Cold,بوابة العقار معتمدين للتثمين العقاري Realty Gate Valuation properties,Real estate,Nizwa,STALE,copyright reads 2018,http://www.rgoman.com/,9989 9200,https://maps.google.com/?cid=2828558419126263558&g_mp=Cidnb29nbGUubWFwcy5wbGFjZXMudjEuUGxhY2VzLlNlYXJjaFRleHQQAhgEIAA,2026-08-20
Cold,مروج الزين Murooj Al Zain,Real estate,Salalah,STALE,copyright reads 2021,http://www.zainoman.com/,24 026999,https://maps.google.com/?cid=11709029047754156374&g_mp=Cidnb29nbGUubWFwcy5wbGFjZXMudjEuUGxhY2VzLlNlYXJjaFRleHQQAhgEIAA,2026-08-20
Cold,مطعم الخاطر Al Khater Restaurant,Restaurant,Sohar,STALE,copyright reads 2011,http://www.azzanarif.com/,26 843111,https://maps.google.com/?cid=11554124332784897131&g_mp=Cidnb29nbGUubWFwcy5wbGFjZXMudjEuUGxhY2VzLlNlYXJjaFRleHQQAhgEIAA,2026-08-20
Cold,مكتب أحمد الشعيلي للمحاماة والاستشارات القانونية,Law firm,Muscat,STALE,copyright reads 2022,https://www.alshaililawfirm.com/,9943 5581,https://maps.google.com/?cid=12183026551401928583&g_mp=Cidnb29nbGUubWFwcy5wbGFjZXMudjEuUGxhY2VzLlNlYXJjaFRleHQQAhgEIAA,2026-08-20
Cold,مكتب أحمد الشعيلي للمحاماة والاستشارات القانونية,Law firm,Salalah,STALE,copyright reads 2022,http://www.alshaililawfirm.com/,7927 8711,https://maps.google.com/?cid=6926308605313072172&g_mp=Cidnb29nbGUubWFwcy5wbGFjZXMudjEuUGxhY2VzLlNlYXJjaFRleHQQAhgEIAA,2026-08-20
Cold,موج مسقط الذهبي لتأجير السيارات مسقط,Car rental,Muscat,STALE,copyright reads 2024,https://moujrentcar.com/,9113 3270,https://maps.google.com/?cid=13265885125013074723&g_mp=Cidnb29nbGUubWFwcy5wbGFjZXMudjEuUGxhY2VzLlNlYXJjaFRleHQQAhgEIAA,2026-08-20
Cold,موج مسقط لتاجير السيارات Mouj Muscat Rental car,Car rental,Salalah,STALE,copyright reads 2024,https://moujrentcar.com/,9015 3070,https://maps.google.com/?cid=555030130750637181&g_mp=Cidnb29nbGUubWFwcy5wbGFjZXMudjEuUGxhY2VzLlNlYXJjaFRleHQQAhgEIAA,2026-08-20
